{"type":"FeatureCollection","metadata":{"coordinate_system":"WGS84","campus":"SWU Beibei","source_url":"https://api.openstreetmap.org/api/0.6/map?bbox=106.411,29.813,106.436,29.841","attribution":"© OpenStreetMap contributors","license":"ODbL-1.0","license_url":"https://www.openstreetmap.org/copyright","verification":"Community map; not confirmed by campus survey","generated_at":"2026-10-02T04:08:23.172349+00:00","source_snapshot":"Saved OSM response; generation does not refresh source geometry","description":"Context geometry only; not verified building-number mappings"},"features":[{"type":"Feature","geometry":{"type":"LineString","coordinates":[[106.4068897,29.8199818],[106.4076376,29.822981],[106.4085242,29.8268154],[106.4088884,29.8281648],[106.4092701,29.8292483],[106.4096054,29.8299204],[106.4100738,29.8306578],[106.4106404,29.8313751],[106.4109903,29.8317328],[106.411288,29.8320372],[106.412718,29.833381],[106.4127451,29.8334065],[106.4160477,29.8364463],[106.41861,29.8388047],[106.4208944,29.8408613]]},"properties":{"kind":"road","name":"兰海高速","highway":"motorway","source_url":"https://www.openstreetmap.org/way/102262030"}},{"type":"Feature","geometry":{"type":"Polygon","coordinates":[[[106.4214204,29.812544],[106.4213278,29.8130357],[106.4213336,29.8139186],[106.4209867,29.8150123],[106.4210387,29.8153986],[106.4213741,29.8158852],[106.4216112,29.816427],[106.4225826,29.8176862],[106.4231666,29.8185641],[106.4237448,29.8192514],[106.4242594,29.8196427],[106.4249706,29.8197932],[106.4253465,29.819738],[106.4266012,29.8197882],[106.427456,29.8198941],[106.4280481,29.8200932],[106.4288215,29.8199327],[106.4294765,29.8196501],[106.4301908,29.8192231],[106.4308125,29.8189727],[106.4314416,29.8191172],[106.432437,29.8190883],[106.4330735,29.8188924],[106.433414,29.8186452],[106.4336027,29.8182021],[106.4335213,29.81791],[106.4331956,29.8174541],[106.4327479,29.8168858],[106.4325972,29.8165218],[106.4321406,29.8167234],[106.4322964,29.8169339],[106.4327331,29.8175086],[106.4329958,29.8178072],[106.4331253,29.8181379],[106.4330624,29.818398],[106.4324259,29.8187351],[106.4316858,29.8187833],[106.431238,29.8186581],[106.4303314,29.8187961],[106.4291028,29.8194543],[106.4284341,29.8196929],[106.4277171,29.8196879],[106.4270348,29.819432],[106.4250978,29.8194972],[106.4245023,29.8193417],[106.4238836,29.8188049],[106.4233285,29.8181327],[106.4220275,29.8162715],[106.4214897,29.8154337],[106.4214666,29.8150173],[106.4217789,29.8138935],[106.4218367,29.8128049],[106.4212249,29.8114833],[106.4211898,29.8113349],[106.4211815,29.8111832],[106.4212075,29.8109844],[106.4209426,29.810957],[106.4209188,29.811122],[106.4209224,29.8112741],[106.4209282,29.8114551],[106.4209688,29.8116582],[106.421035,29.8118214],[106.4213221,29.8123182],[106.4214204,29.812544]]]},"properties":{"kind":"water","name":"","highway":"","source_url":"https://www.openstreetmap.org/way/102262323"}},{"type":"Feature","geometry":{"type":"Polygon","coordinates":[[[106.4325972,29.8165218],[106.4324022,29.8164539],[106.4323726,29.8162098],[106.4324577,29.8161296],[106.4325502,29.815908],[106.4327353,29.8158952],[106.4329166,29.815969],[106.4330054,29.8162901],[106.4332904,29.8163736],[106.4336567,29.8166818],[106.4340046,29.8168777],[106.4351148,29.8172919],[106.4357143,29.8173529],[106.436632,29.8171313],[106.4372131,29.8170661],[106.4379287,29.8169407],[106.43829,29.8170222],[106.4387237,29.8172103],[106.4390345,29.8176556],[106.4391574,29.8179628],[106.4392224,29.8189285],[106.4391501,29.8192483],[106.4393886,29.8196309],[106.4402415,29.8204272],[106.4407258,29.8206216],[106.4414991,29.8207031],[106.4424893,29.8205338],[106.4434362,29.8203583],[106.4441517,29.820214],[106.4445251,29.8202388],[106.4444975,29.8196331],[106.444031,29.819854],[106.4437014,29.8198038],[106.4428746,29.8200948],[106.4419263,29.8203356],[106.4410763,29.8203657],[106.4404634,29.8202001],[106.4396597,29.8194828],[106.4394689,29.8191617],[106.4393706,29.81864],[106.4393995,29.8176868],[106.4393359,29.817431],[106.4390641,29.8170346],[106.4379134,29.8166584],[106.43689,29.8168942],[106.4355329,29.8171185],[106.4349926,29.8170125],[106.4341008,29.8166593],[106.4337418,29.8164795],[106.4335346,29.8162644],[106.4332053,29.8158278],[106.432665,29.8155581],[106.4324318,29.8156094],[106.4323948,29.8157443],[106.4321876,29.8157764],[106.4321136,29.815908],[106.4321136,29.816075],[106.4319545,29.8164121],[106.4320174,29.8165662],[106.4321406,29.8167234],[106.4325972,29.8165218]]]},"properties":{"kind":"water","name":"","highway":"","source_url":"https://www.openstreetmap.org/way/102262478"}},{"type":"Feature","geometry":{"type":"Polygon","coordinates":[[[106.4379943,29.8356432],[106.4375907,29.8358068],[106.4371764,29.8359067],[106.436824,29.8359992],[106.4365899,29.836039],[106.4364575,29.8360197],[106.4363073,29.8360756],[106.4362349,29.8360482],[106.4361343,29.8360628],[106.4361289,29.8360343],[106.4362194,29.8358853],[106.4363804,29.8358126],[106.436336,29.8357148],[106.4356307,29.8359729],[106.4356711,29.8360291],[106.4355762,29.8360671],[106.4355683,29.8364048],[106.4354738,29.8365606],[106.4354517,29.8366595],[106.4350956,29.8369062],[106.4345866,29.8367447],[106.4341255,29.8365368],[106.4336109,29.836277],[106.4334784,29.8364203],[106.4338217,29.8366476],[106.4343734,29.8368035],[106.4346543,29.8369833],[106.4348817,29.8370027],[106.4349568,29.8371028],[106.4350265,29.8372889],[106.4354745,29.8374215],[106.43563,29.8375437],[106.4355871,29.8377519],[106.435166,29.8377891],[106.434782,29.8378956],[106.4344766,29.8379276],[106.4342675,29.837902],[106.4341156,29.8378323],[106.4338727,29.837538],[106.4337296,29.8373419],[106.4336519,29.8372168],[106.4336157,29.8371493],[106.4335218,29.8371295],[106.4333703,29.8371644],[106.4332643,29.8371388],[106.4330792,29.8371458],[106.4327198,29.8372936],[106.4323685,29.8374273],[106.4322334,29.8375004],[106.4319969,29.8374659],[106.4309898,29.8378124],[106.43008,29.8383471],[106.4295122,29.8389987],[106.4291598,29.839179],[106.4286268,29.8391084],[106.4284732,29.8393827],[106.4286449,29.8397275],[106.4285173,29.8398975],[106.4279661,29.8399602],[106.4278126,29.8401953],[106.4275144,29.8402031],[106.427153,29.8405088],[106.427076,29.8405655],[106.4270515,29.8407666],[106.4270807,29.8409633],[106.4267826,29.8411906],[106.426516,29.8413907],[106.4293638,29.8438069],[106.4304326,29.8426247],[106.4311644,29.8422172],[106.431833,29.8414962],[106.4325106,29.8411122],[106.432872,29.8411592],[106.4329984,29.8415276],[106.4344892,29.8419507],[106.4346337,29.8416529],[106.4357088,29.8411279],[106.4361786,29.8404539],[106.4364587,29.8401248],[106.4371724,29.8400699],[106.4377597,29.8397094],[106.4386541,29.8394038],[106.4391872,29.838675],[106.4397473,29.8385025],[106.4403165,29.8379853],[106.4379943,29.8356432]]]},"properties":{"kind":"water","name":"","highway":"","source_url":"https://www.openstreetmap.org/way/102262524"}},{"type":"Feature","geometry":{"type":"LineString","coordinates":[[106.4383537,29.8177739],[106.4379253,29.8179655],[106.4372325,29.8182618],[106.4367927,29.8184498],[106.4360824,29.8187532],[106.4353434,29.8190866],[106.434666,29.8193934],[106.4346089,29.8194193],[106.4337424,29.819813],[106.4335482,29.8198792],[106.4334348,29.8199043],[106.4332112,29.8198989],[106.4330614,29.8198824],[106.4318931,29.8197533],[106.4315495,29.8197153],[106.4312997,29.8197003],[106.4310205,29.8197345],[106.4308168,29.8197874],[106.4291595,29.8204821],[106.428832,29.8206074],[106.4288206,29.8206118],[106.4286237,29.8206371],[106.4278946,29.8206546],[106.4263152,29.8206186],[106.4261804,29.8206467],[106.4260872,29.8207074],[106.426017,29.8208033],[106.4255712,29.8219932],[106.4253435,29.8226101],[106.4253256,29.8227739],[106.4253421,29.8229102],[106.4254106,29.8230668],[106.4254916,29.8231585],[106.4256214,29.8232638],[106.4272296,29.8241539],[106.4273944,29.8243254],[106.4274775,29.8244779],[106.4275244,29.8245882],[106.4277623,29.8250018],[106.4278533,29.8250982]]},"properties":{"kind":"road","name":"龙溪路","highway":"trunk","source_url":"https://www.openstreetmap.org/way/102321652"}},{"type":"Feature","geometry":{"type":"LineString","coordinates":[[106.4148027,29.8358284],[106.4145711,29.8360486],[106.4145012,29.8361416],[106.4144139,29.8363225],[106.4141304,29.8371427],[106.41408,29.8373234],[106.4139485,29.8377202]]},"properties":{"kind":"road","name":"北泉路","highway":"trunk","source_url":"https://www.openstreetmap.org/way/180014693"}},{"type":"Feature","geometry":{"type":"Polygon","coordinates":[[[106.4156364,29.832682],[106.416447,29.8333443],[106.4169235,29.8329054],[106.4161129,29.8322431],[106.4156364,29.832682]]]},"properties":{"kind":"green","name":"","highway":"","source_url":"https://www.openstreetmap.org/way/181167076"}},{"type":"Feature","geometry":{"type":"Polygon","coordinates":[[[106.4236165,29.8409022],[106.4233144,29.840836],[106.4232889,29.8409237],[106.423591,29.8409899],[106.4236165,29.8409022]]]},"properties":{"kind":"building","name":"","highway":"","source_url":"https://www.openstreetmap.org/way/210250997"}},{"type":"Feature","geometry":{"type":"Polygon","coordinates":[[[106.4181807,29.8259003],[106.4182119,29.8258143],[106.4182571,29.8257435],[106.4183279,29.8256757],[106.4183893,29.8256228],[106.4184667,29.8255805],[106.4185495,29.8255474],[106.4186495,29.8255087],[106.4187598,29.8254992],[106.4188817,29.8255155],[106.4188235,29.8256307],[106.4187248,29.8257509],[106.4185649,29.825856],[106.4184681,29.8258872],[106.4183411,29.8259096],[106.4181807,29.8259003]]]},"properties":{"kind":"building","name":"27教学楼","highway":"","source_url":"https://www.openstreetmap.org/way/210254155"}},{"type":"Feature","geometry":{"type":"Polygon","coordinates":[[[106.4175752,29.8251598],[106.4176535,29.8251047],[106.4177391,29.8250641],[106.4178839,29.8250274],[106.4180204,29.8250155],[106.4181576,29.8250169],[106.4182676,29.8250442],[106.4183843,29.8250814],[106.4184751,29.825119],[106.4186279,29.8252255],[106.4184923,29.8253122],[106.4184199,29.8252452],[106.418354,29.8252098],[106.4183295,29.8252441],[106.4183888,29.8252715],[106.4184541,29.8253264],[106.4183603,29.8253473],[106.4182322,29.8253759],[106.4180752,29.8253804],[106.4179366,29.825356],[106.4178289,29.8253236],[106.4177133,29.8252741],[106.4177704,29.8252468],[106.4177522,29.8252056],[106.417677,29.825244],[106.4175752,29.8251598]]]},"properties":{"kind":"building","name":"26教学楼","highway":"","source_url":"https://www.openstreetmap.org/way/210254156"}},{"type":"Feature","geometry":{"type":"Polygon","coordinates":[[[106.418963,29.8261621],[106.4189409,29.8260334],[106.4189543,29.8259284],[106.4189852,29.8258367],[106.4190955,29.8257155],[106.4192321,29.8256416],[106.4192545,29.8257854],[106.4192363,29.825911],[106.4191838,29.8260138],[106.4190908,29.8260847],[106.418963,29.8261621]]]},"properties":{"kind":"building","name":"28教学楼","highway":"","source_url":"https://www.openstreetmap.org/way/210254157"}},{"type":"Feature","geometry":{"type":"Polygon","coordinates":[[[106.4230546,29.8283456],[106.4237265,29.8285037],[106.4240231,29.8275552],[106.4233514,29.827397],[106.4230546,29.8283456]]]},"properties":{"kind":"green","name":"","highway":"","source_url":"https://www.openstreetmap.org/way/210254160"}},{"type":"Feature","geometry":{"type":"LineString","coordinates":[[106.429376,29.8270209],[106.4294978,29.826959],[106.4297894,29.826864],[106.4303474,29.8266286],[106.4310591,29.8262649],[106.4313685,29.8260188],[106.4314387,29.825963],[106.4316365,29.8257366],[106.4319607,29.8253181],[106.4324973,29.8246236]]},"properties":{"kind":"road","name":"云泉路","highway":"secondary","source_url":"https://www.openstreetmap.org/way/263353302"}},{"type":"Feature","geometry":{"type":"LineString","coordinates":[[106.4324973,29.8246236],[106.4326692,29.8243671],[106.4331962,29.8238267],[106.4334722,29.8236076],[106.4337512,29.8233711],[106.4338627,29.8232875],[106.4346509,29.8226328],[106.434719,29.8225535],[106.4353727,29.8220845]]},"properties":{"kind":"road","name":"云泉路","highway":"secondary","source_url":"https://www.openstreetmap.org/way/263353303"}},{"type":"Feature","geometry":{"type":"Polygon","coordinates":[[[106.4115931,29.8145422],[106.4114084,29.8140013],[106.4117025,29.8139257],[106.4117253,29.8139927],[106.4117922,29.8141886],[106.4120226,29.8141294],[106.4121177,29.814105],[106.4122125,29.814383],[106.4115931,29.8145422]]]},"properties":{"kind":"building","name":"西南大学资源与环境学院","highway":"","source_url":"https://www.openstreetmap.org/way/304932135"}},{"type":"Feature","geometry":{"type":"Polygon","coordinates":[[[106.4123792,29.8155577],[106.413247,29.8153415],[106.4132158,29.8152474],[106.413268,29.8152344],[106.4132446,29.8151636],[106.4132173,29.8150812],[106.4131549,29.8150968],[106.4131409,29.8150548],[106.412917,29.8151106],[106.412939,29.8151772],[106.4129707,29.8151693],[106.4130004,29.815259],[106.4123352,29.8154247],[106.4123792,29.8155577]]]},"properties":{"kind":"building","name":"动物科技学院","highway":"","source_url":"https://www.openstreetmap.org/way/304932137"}},{"type":"Feature","geometry":{"type":"Polygon","coordinates":[[[106.4168219,29.8192878],[106.4167269,29.8189283],[106.4165358,29.8183909],[106.4172077,29.8182296],[106.4174938,29.8191265],[106.4168219,29.8192878]]]},"properties":{"kind":"green","name":"","highway":"","source_url":"https://www.openstreetmap.org/way/304937694"}},{"type":"Feature","geometry":{"type":"Polygon","coordinates":[[[106.4183979,29.8207137],[106.4190528,29.821458],[106.4196003,29.8210954],[106.4189454,29.820351],[106.4183979,29.8207137]]]},"properties":{"kind":"green","name":"","highway":"","source_url":"https://www.openstreetmap.org/way/304938204"}},{"type":"Feature","geometry":{"type":"Polygon","coordinates":[[[106.4118441,29.8181883],[106.411807,29.8181692],[106.4117984,29.8181435],[106.4114963,29.818215],[106.4114588,29.8180941],[106.4113368,29.8181199],[106.4113777,29.818242],[106.4112527,29.8182696],[106.4112386,29.8182274],[106.4110689,29.8182935],[106.4110664,29.8186064],[106.4110871,29.8186704],[106.4111412,29.8186593],[106.4111643,29.8187344],[106.4112068,29.8188729],[106.4113343,29.8188434],[106.4113717,29.8189757],[106.4114656,29.8188451],[106.4114171,29.8188273],[106.4116579,29.8184667],[106.4116983,29.818486],[106.4117366,29.8184308],[106.4117064,29.8183382],[106.4117869,29.8183199],[106.4118032,29.8183288],[106.411868,29.818232],[106.4118289,29.8182123],[106.4118441,29.8181883]]]},"properties":{"kind":"building","name":"","highway":"","source_url":"https://www.openstreetmap.org/way/304955278"}},{"type":"Feature","geometry":{"type":"LineString","coordinates":[[106.4136844,29.8164632],[106.4135113,29.816404],[106.4125965,29.8166555],[106.412198,29.8167427],[106.4119937,29.8160891],[106.4119763,29.816039],[106.4118233,29.8155801],[106.411447,29.8146133],[106.4113638,29.8143111],[106.4113503,29.8140574],[106.4113647,29.8139848],[106.4114175,29.8139427],[106.4116604,29.8138915],[106.4118045,29.8138612]]},"properties":{"kind":"road","name":"","highway":"service","source_url":"https://www.openstreetmap.org/way/305512083"}},{"type":"Feature","geometry":{"type":"LineString","coordinates":[[106.412198,29.8167427],[106.4123796,29.8172313],[106.4124933,29.817616],[106.4125046,29.8177541],[106.4124649,29.8178626],[106.412408,29.8179859],[106.4121088,29.8182235],[106.4120582,29.8183004],[106.4117796,29.8187403],[106.4117498,29.8187846],[106.4117375,29.8188004],[106.4113753,29.8192912],[106.4112796,29.8192333],[106.4112409,29.8192027],[106.4111998,29.8191618],[106.4111643,29.8191126],[106.411141,29.819066],[106.410873,29.8182216],[106.4107879,29.8179218],[106.410714,29.817833],[106.4106717,29.8178124],[106.4105321,29.8177443],[106.4103047,29.8176604],[106.4101114,29.8175815],[106.4099807,29.8175272],[106.4098064,29.8173921],[106.4095672,29.8171082],[106.4093757,29.8167602],[106.4092868,29.816543],[106.4092253,29.8164686],[106.4091399,29.8163654],[106.408912,29.8161413],[106.4088039,29.8160328],[106.4087414,29.8159194],[106.4087642,29.8156974],[106.4087777,29.8156131],[106.408775,29.8155036],[106.4087667,29.8154804],[106.4087266,29.8153681],[106.408664,29.8152723],[106.4085413,29.8150845],[106.4085436,29.8150167],[106.4085491,29.8148607],[106.4085754,29.8146543],[106.4086319,29.8138791],[106.4086678,29.8136805],[106.4086869,29.8133396],[106.4086802,29.8132834],[106.4086844,29.8132564],[106.408672,29.8132183]]},"properties":{"kind":"road","name":"","highway":"service","source_url":"https://www.openstreetmap.org/way/305512088"}},{"type":"Feature","geometry":{"type":"LineString","coordinates":[[106.4122218,29.8141204],[106.4122643,29.8142431],[106.4122974,29.8143549],[106.4122416,29.814418],[106.411447,29.8146133]]},"properties":{"kind":"road","name":"","highway":"service","source_url":"https://www.openstreetmap.org/way/305512089"}},{"type":"Feature","geometry":{"type":"LineString","coordinates":[[106.4129253,29.813945],[106.4128159,29.8139705],[106.4127922,29.8139761],[106.4127435,29.8139886],[106.4124677,29.8140594],[106.4123221,29.8140994]]},"properties":{"kind":"road","name":"","highway":"service","source_url":"https://www.openstreetmap.org/way/305512091"}},{"type":"Feature","geometry":{"type":"LineString","coordinates":[[106.4136369,29.8161034],[106.4137113,29.8163148],[106.4136844,29.8164632],[106.4136539,29.8165688],[106.4137135,29.8167399],[106.4139341,29.817408],[106.4140727,29.81748],[106.4141322,29.8174752],[106.4145675,29.817373],[106.4146458,29.8173542],[106.4147243,29.8173353],[106.4151276,29.8172179],[106.4155281,29.8171106],[106.4157727,29.8170601],[106.4156569,29.8167158],[106.4155775,29.8164499],[106.4154351,29.8160296],[106.4147845,29.8161929],[106.4143984,29.8162898],[106.4143299,29.8163066],[106.414233,29.8163302],[106.4137943,29.8164337],[106.4136844,29.8164632]]},"properties":{"kind":"road","name":"","highway":"service","source_url":"https://www.openstreetmap.org/way/305512092"}},{"type":"Feature","geometry":{"type":"LineString","coordinates":[[106.4132134,29.8148204],[106.4143346,29.8145185],[106.4144356,29.8145298],[106.4145272,29.8145694],[106.4148695,29.8148238],[106.4149689,29.814904],[106.4150927,29.8150128],[106.4151504,29.8150619],[106.4152519,29.8151483],[106.4153195,29.8152568],[106.4154032,29.8154813],[106.4154801,29.8157282],[106.4154351,29.8160296]]},"properties":{"kind":"road","name":"乡建路","highway":"service","source_url":"https://www.openstreetmap.org/way/305935496"}},{"type":"Feature","geometry":{"type":"Polygon","coordinates":[[[106.4113832,29.8160975],[106.4115087,29.8160795],[106.4116268,29.8161119],[106.4117123,29.8161588],[106.4117807,29.81625],[106.4118314,29.8163386],[106.4118745,29.8164641],[106.4118902,29.8165677],[106.4118461,29.8166436],[106.4117673,29.8167123],[106.4116186,29.8167626],[106.4113832,29.8160975]]]},"properties":{"kind":"green","name":"","highway":"","source_url":"https://www.openstreetmap.org/way/305935500"}},{"type":"Feature","geometry":{"type":"Polygon","coordinates":[[[106.4134516,29.815041],[106.4144836,29.8147762],[106.4144253,29.8146053],[106.4142898,29.8146401],[106.4143012,29.8146734],[106.4140065,29.8147491],[106.4139965,29.81472],[106.4138203,29.8147653],[106.4138274,29.8147861],[106.4135434,29.814859],[106.413533,29.8148286],[106.4133915,29.8148649],[106.4134516,29.815041]]]},"properties":{"kind":"building","name":"西南大学植物保护学院","highway":"","source_url":"https://www.openstreetmap.org/way/305935503"}},{"type":"Feature","geometry":{"type":"Polygon","coordinates":[[[106.4140557,29.8158293],[106.4141101,29.8159975],[106.4146074,29.8158766],[106.4146715,29.8160748],[106.4142121,29.8161865],[106.4139758,29.816244],[106.4139243,29.8160848],[106.4137563,29.8155649],[106.4139699,29.8155129],[106.4140181,29.815662],[106.4144889,29.8155475],[106.4145418,29.815711],[106.4140557,29.8158293]]]},"properties":{"kind":"building","name":"西南大学33教学楼","highway":"","source_url":"https://www.openstreetmap.org/way/305935504"}},{"type":"Feature","geometry":{"type":"Polygon","coordinates":[[[106.4126551,29.81652],[106.4130037,29.8164273],[106.4129643,29.8163157],[106.4126157,29.8164085],[106.4126551,29.81652]]]},"properties":{"kind":"building","name":"蚕桑纺织与生物质科学学院","highway":"","source_url":"https://www.openstreetmap.org/way/305935505"}},{"type":"Feature","geometry":{"type":"Polygon","coordinates":[[[106.4125652,29.8146714],[106.4125757,29.8147023],[106.4123757,29.8147536],[106.4124014,29.8148289],[106.4125952,29.8147793],[106.4126093,29.8148208],[106.4130486,29.8147082],[106.4130163,29.8146133],[106.412934,29.8146343],[106.412916,29.8145816],[106.4125652,29.8146714]]]},"properties":{"kind":"building","name":"食品科学学院","highway":"","source_url":"https://www.openstreetmap.org/way/305935506"}},{"type":"Feature","geometry":{"type":"LineString","coordinates":[[106.431653,29.816829],[106.4314069,29.8169363],[106.4308805,29.8176999],[106.4307483,29.8178287],[106.4306162,29.817975],[106.4302239,29.818095],[106.4295877,29.8181655],[106.4282969,29.8181267],[106.4282522,29.8181726],[106.4282176,29.818818]]},"properties":{"kind":"road","name":"","highway":"residential","source_url":"https://www.openstreetmap.org/way/306178745"}},{"type":"Feature","geometry":{"type":"LineString","coordinates":[[106.4174189,29.8194911],[106.4168825,29.8198006],[106.4167582,29.8198723],[106.4157816,29.8204402],[106.415681,29.8204872],[106.415553,29.8205501],[106.4153837,29.8205925],[106.4152032,29.8206089],[106.4151357,29.8206129],[106.4137164,29.8205904],[106.4133033,29.8203604],[106.412954,29.8201707],[106.4113712,29.8192968]]},"properties":{"kind":"road","name":"","highway":"service","source_url":"https://www.openstreetmap.org/way/306178746"}},{"type":"Feature","geometry":{"type":"LineString","coordinates":[[106.4174189,29.8194911],[106.4178666,29.8201822],[106.4179126,29.8202546],[106.4179842,29.8205451],[106.4180968,29.8207423],[106.4181537,29.8208083],[106.4181705,29.8208278],[106.4181873,29.8208473],[106.4184078,29.8211031],[106.4185096,29.8212171],[106.4186683,29.821395],[106.4187666,29.8215051],[106.418903,29.8216604],[106.4189631,29.8218261],[106.4189947,29.8219845],[106.4189919,29.8220694],[106.4189527,29.8223136]]},"properties":{"kind":"road","name":"","highway":"service","source_url":"https://www.openstreetmap.org/way/306178747"}},{"type":"Feature","geometry":{"type":"LineString","coordinates":[[106.4344354,29.8357076],[106.4342461,29.8357214],[106.4341388,29.8357125],[106.4339319,29.8356892],[106.433745,29.8356036],[106.4336251,29.835536],[106.4334087,29.8354141],[106.43307,29.835217],[106.4328931,29.8350833],[106.4328718,29.8350672],[106.432851,29.8350515],[106.4327056,29.8349158],[106.4326581,29.8348715],[106.432552,29.8347645],[106.432417,29.8346734],[106.4322974,29.8346295],[106.4322036,29.8346094],[106.4321033,29.8345991],[106.4320144,29.8346104],[106.4318807,29.8346465],[106.4312546,29.8348791],[106.431151,29.8349146],[106.4310768,29.83494],[106.4309833,29.8349614],[106.4308806,29.8349652],[106.4307355,29.83493],[106.4306476,29.8348672],[106.4305998,29.8348099],[106.4305585,29.8347503],[106.4300282,29.8335369],[106.4299683,29.8334297],[106.4298766,29.8333379],[106.4298744,29.8332659]]},"properties":{"kind":"road","name":"文星湾路","highway":"secondary","source_url":"https://www.openstreetmap.org/way/306178748"}},{"type":"Feature","geometry":{"type":"LineString","coordinates":[[106.4125129,29.8131618],[106.4123642,29.8125585],[106.412091,29.8116964],[106.4116022,29.8106309]]},"properties":{"kind":"road","name":"","highway":"tertiary","source_url":"https://www.openstreetmap.org/way/306178749"}},{"type":"Feature","geometry":{"type":"LineString","coordinates":[[106.4136369,29.8161034],[106.4135045,29.8157449],[106.4134202,29.8154773],[106.413403,29.8154226],[106.4133145,29.8151415],[106.4132134,29.8148204],[106.4129253,29.813945],[106.4128362,29.8135771],[106.4127798,29.813313]]},"properties":{"kind":"road","name":"学苑路","highway":"service","source_url":"https://www.openstreetmap.org/way/306178750"}},{"type":"Feature","geometry":{"type":"LineString","coordinates":[[106.4387353,29.8195158],[106.4372521,29.8202859],[106.4371108,29.8202907],[106.4370117,29.820218],[106.4360824,29.8187532],[106.4360293,29.8186917],[106.4359154,29.8186304],[106.4357454,29.8183807],[106.4356657,29.8182473],[106.4355093,29.8179851],[106.4355147,29.8179292],[106.4355683,29.8178687],[106.4356542,29.8177756],[106.4358741,29.8177198],[106.4374405,29.8173009],[106.4375532,29.8172637],[106.4377731,29.8172497],[106.4378858,29.8172916],[106.4381915,29.8173754]]},"properties":{"kind":"road","name":"","highway":"residential","source_url":"https://www.openstreetmap.org/way/306178752"}},{"type":"Feature","geometry":{"type":"LineString","coordinates":[[106.411561,29.8350946],[106.4104459,29.8340249],[106.4092504,29.8329062],[106.407798,29.831534],[106.4066271,29.8302968],[106.4054158,29.8291373],[106.4027147,29.8262618],[106.4019374,29.8253107],[106.4018869,29.8252483],[106.4000265,29.8229501],[106.3996741,29.82266],[106.3975175,29.8207799],[106.3963755,29.8198429],[106.3953492,29.8190034],[106.395022,29.8187602],[106.3935847,29.8178878],[106.3932097,29.8176221],[106.3929541,29.8172952],[106.3928608,29.8169155],[106.3928635,29.8166455],[106.3929896,29.8162775],[106.3935581,29.8154516],[106.3936376,29.8153674]]},"properties":{"kind":"road","name":"云开路","highway":"secondary","source_url":"https://www.openstreetmap.org/way/307486474"}},{"type":"Feature","geometry":{"type":"Polygon","coordinates":[[[106.4185311,29.8239634],[106.4186846,29.8238107],[106.4193062,29.824303],[106.419156,29.8244497],[106.4190085,29.8243349],[106.418953,29.8243948],[106.4187574,29.8242406],[106.4188234,29.8241909],[106.4185311,29.8239634]]]},"properties":{"kind":"building","name":"西南大学地理科学学院","highway":"","source_url":"https://www.openstreetmap.org/way/350242130"}},{"type":"Feature","geometry":{"type":"Polygon","coordinates":[[[106.4205871,29.8235462],[106.4206805,29.8235403],[106.4207617,29.8235133],[106.4208093,29.8234856],[106.4207636,29.8234266],[106.4208198,29.8233938],[106.4208988,29.8234959],[106.4210653,29.823399],[106.420954,29.8232551],[106.4209564,29.8231565],[106.4209263,29.8230756],[106.4208792,29.8230055],[106.4208284,29.8229486],[106.4207533,29.8228953],[106.4206395,29.8228485],[106.4205408,29.8227209],[106.4204294,29.8225767],[106.4197983,29.822944],[106.4198353,29.822992],[106.4198164,29.8230029],[106.4199433,29.8231712],[106.4203115,29.8229624],[106.4204733,29.8231774],[106.4202742,29.8232902],[106.4203323,29.8233675],[106.4202745,29.8234002],[106.4203878,29.823494],[106.4204755,29.8235318],[106.4205871,29.8235462]]]},"properties":{"kind":"building","name":"西南大学中心图书馆","highway":"","source_url":"https://www.openstreetmap.org/way/350242168"}},{"type":"Feature","geometry":{"type":"LineString","coordinates":[[106.411561,29.8350946],[106.4115935,29.8349783],[106.4119709,29.8345168],[106.4121876,29.8341644],[106.412432,29.8338084],[106.4124993,29.8336658],[106.4125166,29.8335598],[106.4124696,29.8334253],[106.4123599,29.8332826],[106.4121407,29.8330652],[106.4114506,29.8324563],[106.4111383,29.8321434],[106.4109227,29.8318571]]},"properties":{"kind":"road","name":"","highway":"motorway_link","source_url":"https://www.openstreetmap.org/way/367700095"}},{"type":"Feature","geometry":{"type":"LineString","coordinates":[[106.4147835,29.8277736],[106.4161132,29.8289355],[106.4161356,29.8291656],[106.4160493,29.8293708],[106.4158322,29.8295976],[106.415229,29.8301004],[106.4151648,29.8301538],[106.4144301,29.830766],[106.4139295,29.8312387],[106.4142764,29.8315696],[106.4147747,29.8320032]]},"properties":{"kind":"road","name":"","highway":"residential","source_url":"https://www.openstreetmap.org/way/367700096"}},{"type":"Feature","geometry":{"type":"LineString","coordinates":[[106.428792,29.8205201],[106.4288121,29.8205578],[106.428832,29.8206074],[106.4295294,29.8223514],[106.4295714,29.8224507],[106.4298362,29.8229177],[106.4300663,29.8231475],[106.4306742,29.8235355],[106.4314781,29.8240153],[106.4324973,29.8246236],[106.4327242,29.8247759],[106.433091,29.8257563],[106.4334411,29.8266303],[106.4336628,29.8272758]]},"properties":{"kind":"road","name":"新星路","highway":"residential","source_url":"https://www.openstreetmap.org/way/367700097"}},{"type":"Feature","geometry":{"type":"LineString","coordinates":[[106.4302926,29.8300852],[106.4300823,29.8296746],[106.4293263,29.8289673],[106.4288173,29.8284911],[106.4278898,29.8277021],[106.4278521,29.8276711],[106.4275968,29.8275059],[106.4270642,29.8271613],[106.4266902,29.826925],[106.4263611,29.826717],[106.4261921,29.8266526],[106.4259553,29.8265978],[106.4256522,29.8265997],[106.4253643,29.8265741],[106.4252255,29.8264732],[106.4250208,29.8263048],[106.4248353,29.8262346],[106.4247563,29.8262047],[106.4238221,29.8260319],[106.4236057,29.8260278],[106.4233769,29.8260206],[106.4231415,29.8259742],[106.4229457,29.825849],[106.4224154,29.8254394],[106.4221007,29.8252071],[106.4217789,29.8250959]]},"properties":{"kind":"road","name":"","highway":"service","source_url":"https://www.openstreetmap.org/way/367700099"}},{"type":"Feature","geometry":{"type":"LineString","coordinates":[[106.4109903,29.8317328],[106.4118368,29.8324459],[106.4119954,29.8325218],[106.4122021,29.8325583],[106.4125861,29.8325125],[106.4127526,29.8325208],[106.4128839,29.8325621],[106.4130286,29.8326534],[106.4130819,29.8327833],[106.4130915,29.8328967],[106.4130772,29.8330103],[106.4130228,29.8331483],[106.4129991,29.8331968],[106.4129167,29.83332]]},"properties":{"kind":"road","name":"","highway":"motorway_link","source_url":"https://www.openstreetmap.org/way/367700102"}},{"type":"Feature","geometry":{"type":"LineString","coordinates":[[106.4128769,29.833299],[106.4129818,29.8331254],[106.4130304,29.8330004],[106.4130406,29.8328978],[106.413023,29.8327946],[106.4129661,29.8326896],[106.4128593,29.8326108],[106.4127445,29.8325783],[106.4125904,29.8325867],[106.4124654,29.8326535],[106.4123959,29.8327533],[106.4123738,29.832892],[106.4123976,29.8330051],[106.4124585,29.8330981],[106.412718,29.833381]]},"properties":{"kind":"road","name":"","highway":"motorway_link","source_url":"https://www.openstreetmap.org/way/367700106"}},{"type":"Feature","geometry":{"type":"LineString","coordinates":[[106.4138388,29.8369306],[106.4138888,29.8369266],[106.4139382,29.836934],[106.4139837,29.8369525],[106.414022,29.8369807],[106.4140503,29.8370167],[106.4140668,29.8370578],[106.4140702,29.8371013],[106.4140603,29.837144],[106.4140378,29.8371829],[106.4139952,29.8372217],[106.4139406,29.8372465],[106.4138782,29.8372547],[106.4138163,29.8372447],[106.4137615,29.8372177],[106.4137201,29.8371765],[106.4136969,29.8371272],[106.4136931,29.8370741],[106.413709,29.8370227],[106.4137431,29.8369785],[106.4137918,29.836946],[106.4138388,29.8369306]]},"properties":{"kind":"road","name":"","highway":"secondary","source_url":"https://www.openstreetmap.org/way/367700108"}},{"type":"Feature","geometry":{"type":"LineString","coordinates":[[106.4144301,29.830766],[106.4142686,29.830607],[106.414192,29.8306772],[106.4139184,29.8306276],[106.4136393,29.8304816],[106.4135389,29.830405],[106.4134111,29.8302318],[106.4133181,29.8300704],[106.4132982,29.8299185],[106.4133402,29.8297936],[106.4133918,29.8296804],[106.4134951,29.8295697],[106.4136849,29.8296021],[106.4144716,29.8302843],[106.4144722,29.8303797],[106.4144367,29.8304562],[106.4142686,29.830607]]},"properties":{"kind":"road","name":"","highway":"residential","source_url":"https://www.openstreetmap.org/way/367700109"}},{"type":"Feature","geometry":{"type":"LineString","coordinates":[[106.4122099,29.8304156],[106.4123987,29.8305928],[106.412386,29.8306949],[106.4124279,29.8308374],[106.4125728,29.8310353],[106.4128146,29.8312565],[106.41307,29.8313946],[106.4132201,29.8314239],[106.4133147,29.8314127],[106.413357,29.8313998],[106.4133788,29.8313185],[106.4133573,29.8311565],[106.4132649,29.8310446],[106.4130643,29.8308304],[106.4129105,29.8307391],[106.4127735,29.83065],[106.4125979,29.8305972],[106.412501,29.830584],[106.4123987,29.8305928]]},"properties":{"kind":"road","name":"","highway":"residential","source_url":"https://www.openstreetmap.org/way/367700116"}},{"type":"Feature","geometry":{"type":"LineString","coordinates":[[106.4129167,29.83332],[106.4125949,29.833765]]},"properties":{"kind":"road","name":"","highway":"motorway_link","source_url":"https://www.openstreetmap.org/way/367700123"}},{"type":"Feature","geometry":{"type":"LineString","coordinates":[[106.4142764,29.8315696],[106.4140516,29.8317928]]},"properties":{"kind":"road","name":"","highway":"residential","source_url":"https://www.openstreetmap.org/way/367700126"}},{"type":"Feature","geometry":{"type":"LineString","coordinates":[[106.4111388,29.8345558],[106.411434,29.8346859],[106.4115608,29.8347042],[106.4116857,29.8346869],[106.4117876,29.8346324],[106.4119709,29.8345168],[106.412564,29.83374]]},"properties":{"kind":"road","name":"","highway":"motorway_link","source_url":"https://www.openstreetmap.org/way/367700128"}},{"type":"Feature","geometry":{"type":"LineString","coordinates":[[106.412564,29.83374],[106.4128769,29.833299]]},"properties":{"kind":"road","name":"","highway":"motorway_link","source_url":"https://www.openstreetmap.org/way/367700129"}},{"type":"Feature","geometry":{"type":"LineString","coordinates":[[106.4219657,29.8346396],[106.4219609,29.8345705],[106.4218883,29.8335294]]},"properties":{"kind":"road","name":"","highway":"residential","source_url":"https://www.openstreetmap.org/way/367700130"}},{"type":"Feature","geometry":{"type":"LineString","coordinates":[[106.4130643,29.8308304],[106.4135389,29.830405]]},"properties":{"kind":"road","name":"","highway":"residential","source_url":"https://www.openstreetmap.org/way/367700132"}},{"type":"Feature","geometry":{"type":"LineString","coordinates":[[106.4287962,29.8109116],[106.4288664,29.8108833],[106.429093,29.8107811],[106.4305672,29.8108547],[106.4315535,29.8109637],[106.4319957,29.8110896],[106.4324751,29.811432],[106.4330198,29.8119357],[106.433633,29.8122696],[106.4339396,29.8124536],[106.4340309,29.812745],[106.4342918,29.8135289],[106.4344498,29.8139451],[106.4345947,29.8141057],[106.4347798,29.8142407],[106.4349541,29.8143757],[106.4350533,29.814492],[106.4351124,29.8146223],[106.4351955,29.8150063],[106.435276,29.8152577],[106.4353833,29.8154252],[106.4361584,29.8158557],[106.4363542,29.8159069],[106.4365661,29.8159139],[106.4373815,29.8157696],[106.4382586,29.8156114],[106.4386207,29.8155998],[106.4388379,29.8156416],[106.4391491,29.8159279],[106.4398867,29.816761],[106.4399159,29.8168533],[106.4399832,29.8170659],[106.440009,29.8171464]]},"properties":{"kind":"road","name":"","highway":"tertiary","source_url":"https://www.openstreetmap.org/way/367700140"}},{"type":"Feature","geometry":{"type":"LineString","coordinates":[[106.4158192,29.830744],[106.4151996,29.8314289],[106.4147747,29.8320032],[106.4143871,29.8325594],[106.4141007,29.8329206],[106.4140419,29.8329947],[106.4139252,29.8331916],[106.413938,29.8332872],[106.4140547,29.8334245],[106.4141809,29.8335312],[106.4145133,29.8336158],[106.4148921,29.8337738],[106.4150986,29.8337974],[106.4151606,29.8338044],[106.4153987,29.8337433],[106.415509,29.8336616],[106.4155442,29.8335673],[106.415493,29.8334439],[106.4154275,29.8333732],[106.4153396,29.8333247],[106.4151734,29.8332623],[106.4148618,29.8330321],[106.41463,29.8328089],[106.4144702,29.8326536],[106.4143871,29.8325594]]},"properties":{"kind":"road","name":"","highway":"residential","source_url":"https://www.openstreetmap.org/way/367700146"}},{"type":"Feature","geometry":{"type":"LineString","coordinates":[[106.4133892,29.8367814],[106.4135059,29.8368706],[106.4136491,29.8369218],[106.4137918,29.836946]]},"properties":{"kind":"road","name":"","highway":"secondary","source_url":"https://www.openstreetmap.org/way/367700149"}},{"type":"Feature","geometry":{"type":"LineString","coordinates":[[106.411671,29.8302726],[106.4131965,29.828982],[106.4124741,29.8283104]]},"properties":{"kind":"road","name":"","highway":"service","source_url":"https://www.openstreetmap.org/way/367700155"}},{"type":"Feature","geometry":{"type":"LineString","coordinates":[[106.413888,29.8377096],[106.4138906,29.8375043],[106.413871,29.8373778],[106.4138096,29.8372803],[106.4137201,29.8371765],[106.4135938,29.8370531]]},"properties":{"kind":"road","name":"","highway":"secondary","source_url":"https://www.openstreetmap.org/way/367700156"}},{"type":"Feature","geometry":{"type":"LineString","coordinates":[[106.4140346,29.8261966],[106.4139687,29.8262525],[106.4124346,29.8275873],[106.412376,29.8276383]]},"properties":{"kind":"road","name":"","highway":"residential","source_url":"https://www.openstreetmap.org/way/367700163"}},{"type":"Feature","geometry":{"type":"LineString","coordinates":[[106.4139435,29.8289321],[106.4138897,29.8289998],[106.4122099,29.8304156],[106.4120612,29.8305441],[106.4111277,29.8314009]]},"properties":{"kind":"road","name":"文英路","highway":"secondary","source_url":"https://www.openstreetmap.org/way/367700166"}},{"type":"Feature","geometry":{"type":"LineString","coordinates":[[106.4115935,29.8349783],[106.4116789,29.8350651],[106.4124835,29.8358725],[106.4133892,29.8367814],[106.4135441,29.8368465],[106.4137193,29.836864],[106.4139142,29.8368384],[106.4141338,29.8367304],[106.4142195,29.8366825]]},"properties":{"kind":"road","name":"云开路","highway":"secondary","source_url":"https://www.openstreetmap.org/way/367700167"}},{"type":"Feature","geometry":{"type":"LineString","coordinates":[[106.4185675,29.8318932],[106.4185467,29.8319619],[106.4182552,29.8335216],[106.4181355,29.8342593],[106.4181505,29.8345251],[106.4182605,29.8349035],[106.4182754,29.8349578]]},"properties":{"kind":"road","name":"","highway":"residential","source_url":"https://www.openstreetmap.org/way/367700168"}},{"type":"Feature","geometry":{"type":"LineString","coordinates":[[106.4125949,29.833765],[106.4123505,29.8341141],[106.4121093,29.8344742],[106.4120445,29.83457],[106.4119511,29.8347079],[106.4118196,29.8348886],[106.4116789,29.8350651],[106.411561,29.8350946]]},"properties":{"kind":"road","name":"","highway":"motorway_link","source_url":"https://www.openstreetmap.org/way/367700173"}},{"type":"Feature","geometry":{"type":"LineString","coordinates":[[106.4225155,29.8334661],[106.4224416,29.8334698],[106.4218883,29.8335294],[106.4210946,29.8335378],[106.4202108,29.8336707],[106.419431,29.8339104]]},"properties":{"kind":"road","name":"","highway":"residential","source_url":"https://www.openstreetmap.org/way/367700175"}},{"type":"Feature","geometry":{"type":"LineString","coordinates":[[106.4212438,29.8345987],[106.4212408,29.8346968],[106.421344,29.8353852],[106.4215511,29.8357487],[106.4225596,29.8366793]]},"properties":{"kind":"road","name":"园丁路","highway":"residential","source_url":"https://www.openstreetmap.org/way/367700178"}},{"type":"Feature","geometry":{"type":"LineString","coordinates":[[106.412054,29.8273552],[106.4107439,29.8284205],[106.4105553,29.828781],[106.4105873,29.8291359],[106.4106992,29.8295075],[106.4108782,29.829721],[106.411671,29.8302726],[106.412002,29.8305029],[106.4120612,29.8305441]]},"properties":{"kind":"road","name":"","highway":"residential","source_url":"https://www.openstreetmap.org/way/367700186"}},{"type":"Feature","geometry":{"type":"LineString","coordinates":[[106.414712,29.8354358],[106.4140589,29.8348697],[106.4131455,29.8340243],[106.4129129,29.8339206],[106.4126969,29.8339417],[106.4125319,29.8340282],[106.4124012,29.8341704],[106.4121764,29.8344672],[106.4120445,29.83457]]},"properties":{"kind":"road","name":"","highway":"motorway_link","source_url":"https://www.openstreetmap.org/way/367700187"}},{"type":"Feature","geometry":{"type":"LineString","coordinates":[[106.4135938,29.8370531],[106.4133437,29.8368137],[106.4132972,29.8367692],[106.4132708,29.8367438],[106.411561,29.8350946]]},"properties":{"kind":"road","name":"云开路","highway":"secondary","source_url":"https://www.openstreetmap.org/way/367700189"}},{"type":"Feature","geometry":{"type":"LineString","coordinates":[[106.4141007,29.8329206],[106.4142524,29.833057],[106.4144298,29.8331499],[106.4146567,29.8331984],[106.4148757,29.8332802],[106.4150179,29.8333454],[106.4150882,29.8335381],[106.4150986,29.8337974]]},"properties":{"kind":"road","name":"","highway":"residential","source_url":"https://www.openstreetmap.org/way/367700190"}},{"type":"Feature","geometry":{"type":"LineString","coordinates":[[106.4144781,29.832216],[106.4140516,29.8317928],[106.413635,29.831469],[106.4128869,29.8320984],[106.4129186,29.8321886],[106.4133593,29.8326356],[106.4136915,29.8330905],[106.4138407,29.8330807],[106.4144826,29.8322395],[106.4144781,29.832216]]},"properties":{"kind":"road","name":"","highway":"residential","source_url":"https://www.openstreetmap.org/way/367700192"}},{"type":"Feature","geometry":{"type":"LineString","coordinates":[[106.4246189,29.8245738],[106.42465,29.8246358],[106.4247105,29.8246872],[106.4247909,29.8246636],[106.4248467,29.824592],[106.4248892,29.8244109],[106.4249011,29.8243571],[106.424932,29.8242181],[106.4249579,29.8240885]]},"properties":{"kind":"road","name":"","highway":"service","source_url":"https://www.openstreetmap.org/way/368553897"}},{"type":"Feature","geometry":{"type":"LineString","coordinates":[[106.4248709,29.824014],[106.4248796,29.8239119],[106.4248823,29.8238981],[106.4248881,29.8238682],[106.4248912,29.8238575],[106.4249013,29.8237827]]},"properties":{"kind":"road","name":"","highway":"service","source_url":"https://www.openstreetmap.org/way/368553898"}},{"type":"Feature","geometry":{"type":"LineString","coordinates":[[106.4247105,29.8246872],[106.4245611,29.825264]]},"properties":{"kind":"road","name":"","highway":"steps","source_url":"https://www.openstreetmap.org/way/368553899"}},{"type":"Feature","geometry":{"type":"LineString","coordinates":[[106.4242245,29.8251972],[106.4241506,29.8254664],[106.4241064,29.8256676],[106.4247876,29.8257911],[106.4248388,29.8255898],[106.4249091,29.8253331],[106.4245611,29.825264],[106.4242245,29.8251972]]},"properties":{"kind":"road","name":"","highway":"footway","source_url":"https://www.openstreetmap.org/way/368553900"}},{"type":"Feature","geometry":{"type":"LineString","coordinates":[[106.4241506,29.8254664],[106.4248388,29.8255898]]},"properties":{"kind":"road","name":"","highway":"footway","source_url":"https://www.openstreetmap.org/way/368553901"}},{"type":"Feature","geometry":{"type":"LineString","coordinates":[[106.4238221,29.8260319],[106.4238926,29.825795],[106.423988,29.8254871],[106.4241039,29.8250455],[106.4242124,29.8246583],[106.424327,29.8243176],[106.4246738,29.8243444]]},"properties":{"kind":"road","name":"","highway":"service","source_url":"https://www.openstreetmap.org/way/368553902"}},{"type":"Feature","geometry":{"type":"LineString","coordinates":[[106.4241064,29.8256676],[106.4238926,29.825795]]},"properties":{"kind":"road","name":"","highway":"footway","source_url":"https://www.openstreetmap.org/way/368553903"}},{"type":"Feature","geometry":{"type":"LineString","coordinates":[[106.4253643,29.8265741],[106.4248584,29.827306],[106.4248197,29.8273779],[106.4244455,29.8280044],[106.4240241,29.828633],[106.4239486,29.8287825],[106.4239066,29.8289608],[106.4233929,29.8289162],[106.4233135,29.8289122],[106.4231967,29.8288757],[106.4225757,29.8285647],[106.4225009,29.8285273],[106.4223935,29.8284746],[106.4222814,29.8284584],[106.4221693,29.8284625],[106.4220292,29.8284827],[106.4219078,29.8284949],[106.4217864,29.8284787],[106.4216416,29.8284301],[106.4211632,29.8281872],[106.420381,29.82779]]},"properties":{"kind":"road","name":"","highway":"service","source_url":"https://www.openstreetmap.org/way/368553904"}},{"type":"Feature","geometry":{"type":"LineString","coordinates":[[106.4217789,29.8250959],[106.4218364,29.8246975],[106.4218988,29.8244627],[106.4221363,29.8242203],[106.4223885,29.8241068],[106.4226078,29.824076],[106.4228845,29.8240834]]},"properties":{"kind":"road","name":"","highway":"service","source_url":"https://www.openstreetmap.org/way/368555723"}},{"type":"Feature","geometry":{"type":"LineString","coordinates":[[106.4228845,29.8240834],[106.4232426,29.823676],[106.4236008,29.8232685]]},"properties":{"kind":"road","name":"","highway":"service","source_url":"https://www.openstreetmap.org/way/368555725"}},{"type":"Feature","geometry":{"type":"Polygon","coordinates":[[[106.4177249,29.8181267],[106.4178555,29.8180981],[106.4182151,29.8180191],[106.4181142,29.8176732],[106.4176118,29.8177878],[106.4177249,29.8181267]]]},"properties":{"kind":"building","name":"西南大学羽毛球馆","highway":"","source_url":"https://www.openstreetmap.org/way/368577143"}},{"type":"Feature","geometry":{"type":"Polygon","coordinates":[[[106.41506,29.8170377],[106.415497,29.8169244],[106.4154401,29.8167645],[106.4153608,29.8164985],[106.4152762,29.8162834],[106.4148392,29.8163967],[106.41506,29.8170377]]]},"properties":{"kind":"water","name":"","highway":"","source_url":"https://www.openstreetmap.org/way/368578306"}},{"type":"Feature","geometry":{"type":"Polygon","coordinates":[[[106.4141322,29.8174752],[106.4139616,29.8173906],[106.4138927,29.8171897],[106.4138595,29.8170958],[106.4137963,29.8168953],[106.4136789,29.8165894],[106.4137043,29.8164943],[106.4137943,29.8164337],[106.414233,29.8163302],[106.4143299,29.8163066],[106.4143984,29.8162898],[106.4147845,29.8161929],[106.4154351,29.8160296],[106.4155775,29.8164499],[106.4156569,29.8167158],[106.4157727,29.8170601],[106.4146458,29.8173542],[106.4145675,29.817373],[106.4141322,29.8174752]]]},"properties":{"kind":"green","name":"西南大学共青团花园","highway":"","source_url":"https://www.openstreetmap.org/way/368578307"}},{"type":"Feature","geometry":{"type":"Polygon","coordinates":[[[106.4153946,29.8178339],[106.415664,29.8177693],[106.415647,29.8177157],[106.4156208,29.8176336],[106.4155521,29.81765],[106.415504,29.817499],[106.4155689,29.8174835],[106.4155237,29.8173414],[106.4152457,29.8174079],[106.41529,29.8175469],[106.4153824,29.8175248],[106.4154335,29.8176852],[106.4153533,29.8177044],[106.4153946,29.8178339]]]},"properties":{"kind":"building","name":"家蚕基因组国家重点实验室","highway":"","source_url":"https://www.openstreetmap.org/way/368578309"}},{"type":"Feature","geometry":{"type":"LineString","coordinates":[[106.4167582,29.8198723],[106.4165495,29.8192998],[106.4164684,29.8190591],[106.4163667,29.8187571],[106.4163388,29.8186742],[106.4162255,29.8183527],[106.4162225,29.8183443],[106.4161163,29.8180431],[106.4160394,29.8178251],[106.4159756,29.8176346],[106.4159334,29.8175245],[106.4157727,29.8170601]]},"properties":{"kind":"road","name":"","highway":"service","source_url":"https://www.openstreetmap.org/way/368578310"}},{"type":"Feature","geometry":{"type":"Polygon","coordinates":[[[106.4159987,29.8193111],[106.4158828,29.8189586],[106.4158229,29.8189734],[106.4158098,29.8189335],[106.415926,29.8189047],[106.4159162,29.8188746],[106.4159746,29.8188602],[106.4160379,29.8188445],[106.4160481,29.8188754],[106.4161037,29.8188616],[106.4161349,29.8189568],[106.4162657,29.8189244],[106.4163338,29.8191314],[106.4163892,29.8192998],[106.4163134,29.8193185],[106.4162123,29.8193436],[106.4161864,29.8192647],[106.4161244,29.81928],[106.4159987,29.8193111]]]},"properties":{"kind":"building","name":"楠园第二食堂","highway":"","source_url":"https://www.openstreetmap.org/way/368578312"}},{"type":"Feature","geometry":{"type":"LineString","coordinates":[[106.4159334,29.8175245],[106.4163486,29.8174141],[106.416199,29.8169513],[106.4167186,29.8168088],[106.416808,29.8170821],[106.4168208,29.8171671],[106.4167995,29.8172336],[106.4167569,29.8172927],[106.4166973,29.8173333],[106.4166207,29.8173666],[106.416544,29.8173814],[106.4163486,29.8174141]]},"properties":{"kind":"road","name":"","highway":"footway","source_url":"https://www.openstreetmap.org/way/368580107"}},{"type":"Feature","geometry":{"type":"LineString","coordinates":[[106.4156569,29.8167158],[106.4157575,29.8165293],[106.416029,29.8164633],[106.4168776,29.8162475],[106.4169486,29.8162294],[106.4173964,29.8161058],[106.4174339,29.8162029],[106.4175318,29.8162473],[106.4176383,29.8162621],[106.4177277,29.8162657],[106.4178432,29.8162623],[106.4179109,29.8162446]]},"properties":{"kind":"road","name":"","highway":"service","source_url":"https://www.openstreetmap.org/way/368580108"}},{"type":"Feature","geometry":{"type":"LineString","coordinates":[[106.4173964,29.8161058],[106.4177503,29.8160877],[106.4178219,29.8160812]]},"properties":{"kind":"road","name":"","highway":"service","source_url":"https://www.openstreetmap.org/way/368580109"}},{"type":"Feature","geometry":{"type":"LineString","coordinates":[[106.4157575,29.8165293],[106.4155775,29.8164499]]},"properties":{"kind":"road","name":"","highway":"service","source_url":"https://www.openstreetmap.org/way/368580110"}},{"type":"Feature","geometry":{"type":"Polygon","coordinates":[[[106.4162915,29.8180249],[106.4162102,29.8178104],[106.4171937,29.8175577],[106.4172612,29.8177811],[106.4162915,29.8180249]]]},"properties":{"kind":"green","name":"西南大学四运排球场","highway":"","source_url":"https://www.openstreetmap.org/way/368589368"}},{"type":"Feature","geometry":{"type":"Polygon","coordinates":[[[106.4176671,29.8191066],[106.4181312,29.8189995],[106.4178555,29.8180981],[106.4177249,29.8181267],[106.4176118,29.8177878],[106.4172584,29.8178691],[106.4176671,29.8191066]]]},"properties":{"kind":"green","name":"","highway":"","source_url":"https://www.openstreetmap.org/way/368589369"}},{"type":"Feature","geometry":{"type":"Polygon","coordinates":[[[106.417967,29.820001],[106.4180394,29.8199615],[106.4176962,29.8194878],[106.4176239,29.8195272],[106.417967,29.820001]]]},"properties":{"kind":"green","name":"","highway":"","source_url":"https://www.openstreetmap.org/way/368589370"}},{"type":"Feature","geometry":{"type":"Polygon","coordinates":[[[106.4180703,29.8199411],[106.4181993,29.8198686],[106.4178604,29.8194147],[106.4177314,29.8194872],[106.4180703,29.8199411]]]},"properties":{"kind":"green","name":"","highway":"","source_url":"https://www.openstreetmap.org/way/368589371"}},{"type":"Feature","geometry":{"type":"Polygon","coordinates":[[[106.4181964,29.8189616],[106.4183559,29.8189222],[106.418114,29.818184],[106.4179546,29.8182233],[106.4181964,29.8189616]]]},"properties":{"kind":"green","name":"","highway":"","source_url":"https://www.openstreetmap.org/way/368589373"}},{"type":"Feature","geometry":{"type":"Polygon","coordinates":[[[106.4174145,29.8176918],[106.4175029,29.8176699],[106.417447,29.8175003],[106.4173586,29.8175222],[106.4173833,29.8175973],[106.4174145,29.8176918]]]},"properties":{"kind":"building","name":"","highway":"","source_url":"https://www.openstreetmap.org/way/368589374"}},{"type":"Feature","geometry":{"type":"LineString","coordinates":[[106.4169486,29.8162294],[106.417117,29.8167068],[106.4173182,29.8173732],[106.4172608,29.8175052],[106.4172701,29.8175999]]},"properties":{"kind":"road","name":"","highway":"service","source_url":"https://www.openstreetmap.org/way/368589375"}},{"type":"Feature","geometry":{"type":"LineString","coordinates":[[106.4172608,29.8175052],[106.4173833,29.8175973]]},"properties":{"kind":"road","name":"","highway":"footway","source_url":"https://www.openstreetmap.org/way/368589376"}},{"type":"Feature","geometry":{"type":"Polygon","coordinates":[[[106.4175071,29.8218437],[106.4175527,29.8218156],[106.4175453,29.8218034],[106.4176386,29.8217431],[106.4176519,29.821763],[106.4180281,29.8215238],[106.4179609,29.8214402],[106.4180225,29.8214043],[106.4180796,29.8214832],[106.4181044,29.8214753],[106.4182258,29.8216526],[106.418234,29.8216633],[106.4182484,29.8216819],[106.4182546,29.8216902],[106.4182911,29.8217389],[106.4181871,29.8218088],[106.4181508,29.821811],[106.4181039,29.8217425],[106.4181316,29.821715],[106.418126,29.8217043],[106.4177713,29.8219143],[106.4177828,29.8219333],[106.417698,29.8219947],[106.4176781,29.8219775],[106.4176356,29.8220028],[106.4175071,29.8218437]]]},"properties":{"kind":"building","name":"西南大学光大礼堂","highway":"","source_url":"https://www.openstreetmap.org/way/368589378"}},{"type":"Feature","geometry":{"type":"Polygon","coordinates":[[[106.4198781,29.8223394],[106.420337,29.8220693],[106.4202636,29.8219754],[106.4200401,29.822107],[106.4198047,29.8222455],[106.4198781,29.8223394]]]},"properties":{"kind":"building","name":"八一楼","highway":"","source_url":"https://www.openstreetmap.org/way/368589379"}},{"type":"Feature","geometry":{"type":"Polygon","coordinates":[[[106.4150497,29.8205139],[106.4151589,29.8204851],[106.415402,29.8204211],[106.4154203,29.8204734],[106.4156273,29.8204189],[106.4155491,29.8201953],[106.4155078,29.8202061],[106.4154856,29.8201424],[106.4154016,29.8201645],[106.4153249,29.8201847],[106.4151917,29.8202198],[106.4149907,29.8202727],[106.415019,29.8203536],[106.4149957,29.8203598],[106.4150497,29.8205139]]]},"properties":{"kind":"building","name":"楠园第一食堂","highway":"","source_url":"https://www.openstreetmap.org/way/368589387"}},{"type":"Feature","geometry":{"type":"LineString","coordinates":[[106.4099946,29.8186968],[106.4104991,29.8189157],[106.4107165,29.8190057],[106.4108334,29.8190398],[106.4109548,29.8191279],[106.4111669,29.8193133]]},"properties":{"kind":"road","name":"","highway":"footway","source_url":"https://www.openstreetmap.org/way/368592186"}},{"type":"Feature","geometry":{"type":"LineString","coordinates":[[106.4140727,29.81748],[106.4142142,29.8178982],[106.4142621,29.8180316],[106.4142837,29.8180918],[106.4143367,29.8180867],[106.4144282,29.8180778],[106.4145917,29.8185233],[106.4146857,29.8187795],[106.4148537,29.8192792],[106.414846,29.8193697],[106.4147864,29.8194904],[106.4147776,29.8195824],[106.4147865,29.8196418],[106.4147966,29.8196883],[106.4148249,29.8198253],[106.4148524,29.8198662],[106.4148756,29.8199008],[106.4149536,29.8199324],[106.4150649,29.8199169],[106.4150786,29.8199022],[106.4151308,29.819846],[106.4152144,29.8196836],[106.4152704,29.8196216],[106.4165495,29.8192998]]},"properties":{"kind":"road","name":"","highway":"service","source_url":"https://www.openstreetmap.org/way/368592198"}},{"type":"Feature","geometry":{"type":"LineString","coordinates":[[106.4144282,29.8180778],[106.4145919,29.8180373],[106.4151286,29.8179044],[106.4152975,29.8179824]]},"properties":{"kind":"road","name":"","highway":"path","source_url":"https://www.openstreetmap.org/way/368592199"}},{"type":"Feature","geometry":{"type":"LineString","coordinates":[[106.4152975,29.8179824],[106.4154482,29.8181251]]},"properties":{"kind":"road","name":"","highway":"steps","source_url":"https://www.openstreetmap.org/way/368592206"}},{"type":"Feature","geometry":{"type":"LineString","coordinates":[[106.4108247,29.8141237],[106.4113503,29.8140574]]},"properties":{"kind":"road","name":"","highway":"path","source_url":"https://www.openstreetmap.org/way/368597444"}},{"type":"Feature","geometry":{"type":"Polygon","coordinates":[[[106.4107401,29.8161592],[106.4111529,29.8160452],[106.4110934,29.815883],[106.411271,29.8158339],[106.4112286,29.8157183],[106.4106382,29.8158812],[106.4107401,29.8161592]]]},"properties":{"kind":"building","name":"实验室 蚕桑纺织与生物质科学学院","highway":"","source_url":"https://www.openstreetmap.org/way/368597446"}},{"type":"Feature","geometry":{"type":"Polygon","coordinates":[[[106.4113198,29.8160117],[106.4117978,29.815903],[106.4117434,29.8157227],[106.411271,29.8158339],[106.4113198,29.8160117]]]},"properties":{"kind":"building","name":"西南大学农业机械实验室","highway":"","source_url":"https://www.openstreetmap.org/way/368597447"}},{"type":"Feature","geometry":{"type":"Polygon","coordinates":[[[106.4127392,29.816904],[106.4126718,29.8167369],[106.4134192,29.8165362],[106.4134786,29.8166952],[106.4133593,29.8167328],[106.4134152,29.8169031],[106.4133366,29.8169238],[106.4132707,29.8167597],[106.4127392,29.816904]]]},"properties":{"kind":"building","name":"西南大学工程技术学院","highway":"","source_url":"https://www.openstreetmap.org/way/368597448"}},{"type":"Feature","geometry":{"type":"Polygon","coordinates":[[[106.4128948,29.8175491],[106.4132069,29.8174746],[106.4131318,29.8172331],[106.4128217,29.8173041],[106.4128948,29.8175491]]]},"properties":{"kind":"building","name":"","highway":"","source_url":"https://www.openstreetmap.org/way/368599420"}},{"type":"Feature","geometry":{"type":"LineString","coordinates":[[106.418903,29.8216604],[106.4191253,29.8217546],[106.4192822,29.8217795],[106.4194605,29.8217718],[106.4196309,29.8216647],[106.4198731,29.8214434],[106.4198752,29.8213475],[106.4198865,29.8211866],[106.4198213,29.8210271],[106.4197604,29.8209367],[106.418982,29.820002],[106.4187679,29.8199013],[106.418556,29.8198351],[106.4183964,29.8198372],[106.4182252,29.8198982],[106.4180865,29.819992],[106.4179126,29.8202546]]},"properties":{"kind":"road","name":"","highway":"service","source_url":"https://www.openstreetmap.org/way/368599423"}},{"type":"Feature","geometry":{"type":"LineString","coordinates":[[106.4196309,29.8216647],[106.4196676,29.8217111],[106.4200401,29.822107]]},"properties":{"kind":"road","name":"","highway":"path","source_url":"https://www.openstreetmap.org/way/368599424"}},{"type":"Feature","geometry":{"type":"LineString","coordinates":[[106.4198731,29.8214434],[106.4199424,29.8214915],[106.4202421,29.8217669]]},"properties":{"kind":"road","name":"","highway":"service","source_url":"https://www.openstreetmap.org/way/368599426"}},{"type":"Feature","geometry":{"type":"Polygon","coordinates":[[[106.4247122,29.8265364],[106.4250471,29.8267373],[106.4249476,29.8268622],[106.4248756,29.8268189],[106.4247185,29.827016],[106.4247871,29.8270572],[106.4246836,29.827187],[106.4243724,29.8270002],[106.4244707,29.8268769],[106.424583,29.8269443],[106.4247416,29.8267454],[106.424609,29.8266658],[106.4247122,29.8265364]]]},"properties":{"kind":"building","name":"西南大学田家炳教育书院","highway":"","source_url":"https://www.openstreetmap.org/way/368605817"}},{"type":"Feature","geometry":{"type":"LineString","coordinates":[[106.4248197,29.8273779],[106.4248758,29.8275409],[106.4247872,29.8281212],[106.4247798,29.8281767]]},"properties":{"kind":"road","name":"","highway":"path","source_url":"https://www.openstreetmap.org/way/368605819"}},{"type":"Feature","geometry":{"type":"Polygon","coordinates":[[[106.4244597,29.828182],[106.4246019,29.8281952],[106.4246061,29.8281606],[106.4247798,29.8281767],[106.424967,29.8281941],[106.4249609,29.8282432],[106.4250706,29.8282534],[106.4250555,29.8283756],[106.4249983,29.8283702],[106.4249814,29.8285061],[106.4248568,29.8284945],[106.4248744,29.8283532],[106.4246379,29.8283311],[106.4246208,29.8284696],[106.4244903,29.8284574],[106.4245077,29.8283167],[106.4244437,29.8283107],[106.4244597,29.828182]]]},"properties":{"kind":"building","name":"西南大学文学院","highway":"","source_url":"https://www.openstreetmap.org/way/368605820"}},{"type":"Feature","geometry":{"type":"LineString","coordinates":[[106.4246061,29.8281606],[106.424609,29.8281075],[106.4247872,29.8281212],[106.4249728,29.8281378],[106.424967,29.8281941]]},"properties":{"kind":"road","name":"","highway":"path","source_url":"https://www.openstreetmap.org/way/368605821"}},{"type":"Feature","geometry":{"type":"Polygon","coordinates":[[[106.4159454,29.8158466],[106.4162232,29.8157751],[106.4162599,29.8158825],[106.4163984,29.8158468],[106.4163743,29.8157763],[106.4166979,29.815693],[106.4168118,29.816057],[106.4167464,29.8160773],[106.4166647,29.8158253],[106.4164265,29.8158866],[106.4164212,29.8159285],[106.4164668,29.8159541],[106.4165016,29.815989],[106.4164768,29.8160461],[106.4164346,29.8160728],[106.4163943,29.8160798],[106.4163192,29.8160472],[106.416279,29.8160658],[106.4162161,29.8160792],[106.4162059,29.8160435],[106.4161556,29.8160542],[106.4161422,29.8160961],[106.41611,29.816124],[106.4160644,29.8161357],[106.4160188,29.816138],[106.4159625,29.8161194],[106.415933,29.8160868],[106.4159196,29.8160519],[106.4159518,29.8159774],[106.415987,29.8159683],[106.4159454,29.8158466]]]},"properties":{"kind":"building","name":"兰苑宾馆","highway":"","source_url":"https://www.openstreetmap.org/way/371876808"}},{"type":"Feature","geometry":{"type":"Polygon","coordinates":[[[106.4166759,29.8153453],[106.4171097,29.8152484],[106.4171456,29.815369],[106.4168261,29.8154405],[106.416857,29.8155445],[106.4167426,29.8155701],[106.4166759,29.8153453]]]},"properties":{"kind":"building","name":"西南大学医院（二院）","highway":"","source_url":"https://www.openstreetmap.org/way/371876809"}},{"type":"Feature","geometry":{"type":"Polygon","coordinates":[[[106.4132964,29.8177729],[106.4138142,29.8176297],[106.4137587,29.817466],[106.4136324,29.8174992],[106.4135684,29.8173404],[106.413491,29.8173608],[106.4135494,29.8175211],[106.4134372,29.8175506],[106.4134453,29.817589],[106.4132632,29.8176399],[106.4132964,29.8177729]]]},"properties":{"kind":"building","name":"西南大学档案馆","highway":"","source_url":"https://www.openstreetmap.org/way/371876810"}},{"type":"Feature","geometry":{"type":"LineString","coordinates":[[106.4184181,29.8232827],[106.4186898,29.8230847],[106.4187675,29.8229916],[106.4188239,29.8228543],[106.4188346,29.8227263],[106.4188602,29.8226029],[106.4189646,29.8224713]]},"properties":{"kind":"road","name":"","highway":"footway","source_url":"https://www.openstreetmap.org/way/371876814"}},{"type":"Feature","geometry":{"type":"LineString","coordinates":[[106.4196109,29.8232834],[106.4195105,29.8235035],[106.4194193,29.8236013],[106.4192691,29.8237083],[106.4190529,29.8238125]]},"properties":{"kind":"road","name":"","highway":"path","source_url":"https://www.openstreetmap.org/way/371876815"}},{"type":"Feature","geometry":{"type":"Polygon","coordinates":[[[106.4262089,29.8259984],[106.4268701,29.8266489],[106.4273398,29.8262746],[106.4266816,29.8256294],[106.4262089,29.8259984]]]},"properties":{"kind":"green","name":"","highway":"","source_url":"https://www.openstreetmap.org/way/371877851"}},{"type":"Feature","geometry":{"type":"LineString","coordinates":[[106.4134423,29.8331459],[106.4134161,29.8333025],[106.4134279,29.8336568],[106.4134635,29.8338413],[106.413544,29.8340088],[106.4136996,29.8341797],[106.4139972,29.8344286],[106.4147563,29.8351464]]},"properties":{"kind":"road","name":"","highway":"service","source_url":"https://www.openstreetmap.org/way/396528002"}},{"type":"Feature","geometry":{"type":"LineString","coordinates":[[106.4130286,29.8326534],[106.4132397,29.8328464],[106.4133831,29.8330107],[106.4134423,29.8331459],[106.413721,29.8335348],[106.4139176,29.8338269],[106.4140842,29.8340243],[106.4141741,29.8341409],[106.4142262,29.8342264],[106.4150068,29.8349444],[106.4147563,29.8351464],[106.4148513,29.8352363],[106.414965,29.8353368],[106.4153058,29.8356438],[106.4160477,29.8364463]]},"properties":{"kind":"road","name":"","highway":"service","source_url":"https://www.openstreetmap.org/way/396528036"}},{"type":"Feature","geometry":{"type":"LineString","coordinates":[[106.4228886,29.8346229],[106.4229549,29.834582],[106.422997,29.8345357],[106.4230313,29.8344728],[106.423062,29.8343417],[106.4224416,29.8334698],[106.4219287,29.8327526],[106.4218753,29.8326949],[106.4217799,29.8326818],[106.4209434,29.8327601],[106.4209363,29.8327629],[106.4206588,29.8327552],[106.4203011,29.8326701],[106.4185467,29.8319619],[106.4165964,29.8312444],[106.4162299,29.8310458],[106.4158305,29.8307542],[106.4158192,29.830744],[106.4151648,29.8301538],[106.4145687,29.8296161],[106.4138897,29.8289998],[106.4138489,29.8289632],[106.412376,29.8276383],[106.412054,29.8273552],[106.4101852,29.8256909],[106.409001,29.8248718],[106.4082432,29.8242762]]},"properties":{"kind":"road","name":"金华路","highway":"secondary","source_url":"https://www.openstreetmap.org/way/404107008"}},{"type":"Feature","geometry":{"type":"Polygon","coordinates":[[[106.4314872,29.8205599],[106.4311964,29.8205522],[106.4312142,29.8200431],[106.431505,29.8200508],[106.4314872,29.8205599]]]},"properties":{"kind":"green","name":"","highway":"","source_url":"https://www.openstreetmap.org/way/437677630"}},{"type":"Feature","geometry":{"type":"LineString","coordinates":[[106.4326363,29.8181257],[106.4334011,29.8195651]]},"properties":{"kind":"road","name":"龙凤路","highway":"primary","source_url":"https://www.openstreetmap.org/way/533137402"}},{"type":"Feature","geometry":{"type":"LineString","coordinates":[[106.4259968,29.8349704],[106.4294855,29.8334477]]},"properties":{"kind":"road","name":"文星湾大桥","highway":"trunk","source_url":"https://www.openstreetmap.org/way/533137405"}},{"type":"Feature","geometry":{"type":"LineString","coordinates":[[106.4132106,29.8480241],[106.4131237,29.8477568],[106.4132412,29.847154],[106.41337,29.8463019],[106.4132589,29.8454644],[106.4132576,29.8454418],[106.4131799,29.8446005],[106.4131793,29.8444224],[106.4131957,29.8442411],[106.413225,29.8440648],[106.4132443,29.843981],[106.4132973,29.8438231],[106.4133587,29.8436849],[106.413444,29.8435367],[106.4135432,29.8433965],[106.4136682,29.8432618],[106.4138374,29.8431117],[106.4140126,29.8429745],[106.4147501,29.8424495],[106.4148004,29.8424123],[106.4149853,29.8422801],[106.4151067,29.8421715],[106.4151667,29.8421077],[106.4152186,29.8420404],[106.4152568,29.8419739],[106.4152889,29.8419057],[106.415307,29.8418472],[106.415321,29.8417886],[106.4153284,29.8417319],[106.4153317,29.8416751],[106.4153312,29.8416205],[106.4153245,29.8415659],[106.4153129,29.8415064],[106.4152972,29.8414486],[106.4152682,29.8413875],[106.4152332,29.8413283],[106.4151929,29.8412698],[106.4151465,29.8412114],[106.4150952,29.8411549],[106.4150378,29.8410985],[106.4140075,29.8402187],[106.4138883,29.8400645],[106.4137603,29.8398633],[106.4136491,29.8395505],[106.4136318,29.8392808],[106.4136858,29.8384678],[106.4137565,29.8381149],[106.413888,29.8377096]]},"properties":{"kind":"road","name":"北泉路","highway":"trunk","source_url":"https://www.openstreetmap.org/way/533137408"}},{"type":"Feature","geometry":{"type":"LineString","coordinates":[[106.4229726,29.8009414],[106.4230328,29.8012258],[106.4231476,29.8015075],[106.4233126,29.8017809],[106.4238852,29.8025465],[106.4245519,29.8034213],[106.4250262,29.8041578],[106.4254128,29.8048335],[106.4258177,29.8054989],[106.4261751,29.8061146],[106.426384,29.8064935],[106.4264958,29.8067843],[106.4266165,29.8071313],[106.4266972,29.8073437],[106.426817,29.8075339],[106.4277339,29.8085409],[106.4279133,29.8087379],[106.4281656,29.8090495],[106.428341,29.8093426],[106.4284171,29.8095329],[106.4284554,29.8096925],[106.4284706,29.8097556],[106.4285999,29.8103976],[106.4287026,29.8106604],[106.4288556,29.8108729],[106.4288664,29.8108833],[106.4290108,29.8110231],[106.4301516,29.811999],[106.4303529,29.8122072],[106.4305596,29.8124941],[106.4307492,29.812863],[106.4311485,29.8137242],[106.4312511,29.8140009],[106.4313446,29.8142466],[106.4313946,29.8146274],[106.4313779,29.8150234],[106.431363,29.8150989],[106.4312967,29.8154362],[106.4312812,29.8155147],[106.4312791,29.8155547],[106.4312685,29.8157559],[106.4313534,29.8160884],[106.4315246,29.8164335],[106.4317615,29.8167903]]},"properties":{"kind":"road","name":"龙凤路","highway":"primary","source_url":"https://www.openstreetmap.org/way/533137409"}},{"type":"Feature","geometry":{"type":"LineString","coordinates":[[106.4083094,29.8242246],[106.4090282,29.8248032],[106.4100805,29.8255224],[106.410255,29.8256468],[106.4121173,29.827301],[106.4124346,29.8275873],[106.4139435,29.8289321],[106.4146328,29.8295626],[106.415229,29.8301004],[106.4158946,29.8307007],[106.41631,29.8310018],[106.416433,29.831069],[106.416623,29.8311729],[106.4185675,29.8318932],[106.420328,29.8325959],[106.4206567,29.8326829],[106.4209293,29.8326996],[106.4217695,29.8326169],[106.4218996,29.8326244],[106.4219783,29.8326968],[106.4225155,29.8334661],[106.4231457,29.8343176],[106.4234046,29.8346577],[106.4236081,29.8347797]]},"properties":{"kind":"road","name":"金华路","highway":"secondary","source_url":"https://www.openstreetmap.org/way/533137410"}},{"type":"Feature","geometry":{"type":"LineString","coordinates":[[106.4277928,29.8251839],[106.4277035,29.8250241],[106.4274665,29.8246127],[106.427413,29.824485],[106.427303,29.8243338],[106.4271648,29.8242072],[106.4255563,29.8233083],[106.425411,29.8231857],[106.4253253,29.8230797],[106.4252542,29.8229249],[106.4252311,29.8227895],[106.4252521,29.8225988],[106.4254906,29.8219217],[106.4258966,29.8207897],[106.425939,29.8206914],[106.4260083,29.8206172],[106.4260986,29.820561],[106.4262514,29.8205329],[106.4285228,29.8205458],[106.428792,29.8205201],[106.4291251,29.8203984],[106.4308093,29.8196826],[106.4310126,29.819628],[106.4312644,29.819605],[106.4319029,29.8196649],[106.4332154,29.819818],[106.433385,29.8198193],[106.4335186,29.8197959],[106.4336885,29.8197401],[106.434622,29.8193212],[106.4360293,29.8186917],[106.4360966,29.8186595],[106.4367506,29.8183773],[106.4371914,29.8181871],[106.4378806,29.8178897],[106.4383024,29.8177077]]},"properties":{"kind":"road","name":"龙溪路","highway":"trunk","source_url":"https://www.openstreetmap.org/way/533137411"}},{"type":"Feature","geometry":{"type":"LineString","coordinates":[[106.4278533,29.8250982],[106.4281351,29.8253132],[106.4284468,29.8256191],[106.4288006,29.8259799],[106.4291147,29.8262965],[106.429247,29.8264848],[106.429392,29.8267753],[106.4294978,29.826959],[106.4296393,29.8272546],[106.4297225,29.8274286],[106.4299657,29.8277073],[106.4301698,29.8279882],[106.4303697,29.8282697],[106.4304824,29.8284476],[106.4305598,29.8286379],[106.4306123,29.828919],[106.4306198,29.829201],[106.4306159,29.8293825],[106.4305285,29.8311035],[106.4304897,29.8319336],[106.4304675,29.83244],[106.4304676,29.8325434],[106.4303884,29.8327901],[106.4303078,29.8329388],[106.4301795,29.8330967],[106.4300493,29.8332235],[106.4299415,29.833303],[106.4298766,29.8333379],[106.4295178,29.8334989]]},"properties":{"kind":"road","name":"渝南路","highway":"trunk","source_url":"https://www.openstreetmap.org/way/533137419"}},{"type":"Feature","geometry":{"type":"LineString","coordinates":[[106.3937237,29.8154239],[106.3936561,29.8155106],[106.3930691,29.8163217],[106.3929583,29.8166396],[106.3929491,29.8169263],[106.3930143,29.8172442],[106.3932696,29.8175666],[106.3936316,29.8178227],[106.3950701,29.8186794],[106.39537,29.8189127],[106.3976154,29.8207275],[106.3997303,29.822615],[106.400076,29.8228951],[106.4019814,29.8252128],[106.4020418,29.8252797],[106.4028,29.8262278],[106.4033855,29.8268534],[106.4055101,29.8290872],[106.4055729,29.8291483],[106.4066993,29.8302682],[106.4078387,29.8314839],[106.4092632,29.8328309],[106.4093404,29.8328967],[106.410412,29.83391],[106.410526,29.8339509],[106.4111388,29.8345558],[106.4115935,29.8349783]]},"properties":{"kind":"road","name":"云开路","highway":"secondary","source_url":"https://www.openstreetmap.org/way/533137423"}},{"type":"Feature","geometry":{"type":"LineString","coordinates":[[106.4272811,29.8247254],[106.4273631,29.8247378],[106.4274212,29.8247195],[106.4274524,29.8246747],[106.4274665,29.8246127]]},"properties":{"kind":"road","name":"","highway":"trunk_link","source_url":"https://www.openstreetmap.org/way/533137435"}},{"type":"Feature","geometry":{"type":"LineString","coordinates":[[106.4233416,29.8347931],[106.4233119,29.8347002],[106.4231321,29.8344772],[106.423062,29.8343417]]},"properties":{"kind":"road","name":"","highway":"secondary","source_url":"https://www.openstreetmap.org/way/533137437"}},{"type":"Feature","geometry":{"type":"LineString","coordinates":[[106.4259207,29.8350706],[106.4255721,29.8352021],[106.4253287,29.8352415],[106.4250489,29.835234],[106.4247653,29.8351776],[106.4233416,29.8347931],[106.422873,29.8346925],[106.4226433,29.8346635],[106.4223753,29.8346313],[106.4219657,29.8346396],[106.4212408,29.8346968],[106.4199207,29.8348038],[106.4182754,29.8349578],[106.417213,29.8350571],[106.4171269,29.8350652],[106.4168163,29.8350652],[106.415959,29.8350273],[106.4157611,29.8350395],[106.4156365,29.8350775],[106.4155082,29.8351568],[106.415457,29.8352116],[106.4153069,29.8353993],[106.4152235,29.8354779]]},"properties":{"kind":"road","name":"北泉路","highway":"trunk","source_url":"https://www.openstreetmap.org/way/533137455"}},{"type":"Feature","geometry":{"type":"LineString","coordinates":[[106.4147532,29.8357936],[106.4151728,29.8354402]]},"properties":{"kind":"road","name":"北泉路","highway":"trunk","source_url":"https://www.openstreetmap.org/way/533137473"}},{"type":"Feature","geometry":{"type":"LineString","coordinates":[[106.4139485,29.8377202],[106.4138216,29.8381253],[106.4137527,29.8384492],[106.4137085,29.839284],[106.4137265,29.8395304],[106.4138348,29.8398286],[106.4139603,29.8400249],[106.4140896,29.8401828],[106.4151094,29.8410369],[106.4151701,29.8410965],[106.4152288,29.8411596],[106.4152749,29.8412192],[106.4153211,29.8412824],[106.4153605,29.8413468],[106.4153938,29.841413],[106.4154145,29.8414769],[106.4154311,29.8415478],[106.4154398,29.841608],[106.4154424,29.8416734],[106.4154348,29.8417433],[106.4154211,29.8418115],[106.4153991,29.8418861],[106.415371,29.8419555],[106.4153313,29.8420262],[106.4152855,29.8420968],[106.4152333,29.8421597],[106.4151751,29.842219],[106.4150293,29.8423376],[106.4148473,29.8424739],[106.4147926,29.8425133],[106.4140652,29.8430295],[106.4138915,29.8431633],[106.4137263,29.8433059],[106.4136051,29.8434403],[106.4135135,29.8435729],[106.4134289,29.8437138],[106.41337,29.8438439],[106.4133309,29.8439547],[106.4133049,29.8440661],[106.4132678,29.8442461],[106.4132561,29.8444189],[106.4132577,29.8445956],[106.413312,29.8454606],[106.4133798,29.8459721],[106.4134236,29.8463023],[106.4132939,29.8471609],[106.4131782,29.8477542],[106.4132106,29.8480241]]},"properties":{"kind":"road","name":"北泉路","highway":"trunk","source_url":"https://www.openstreetmap.org/way/533137488"}},{"type":"Feature","geometry":{"type":"LineString","coordinates":[[106.431653,29.816829],[106.431457,29.8164596],[106.4312826,29.8161082],[106.4311941,29.8157615],[106.4312075,29.8155078],[106.4312133,29.8154784],[106.4313041,29.8150168],[106.4313204,29.8146299],[106.4312719,29.8142605],[106.4311807,29.8140208],[106.4310788,29.8137461],[106.430681,29.8128881],[106.4304941,29.8125244],[106.4302929,29.8122451],[106.4300971,29.8120426],[106.4289572,29.8110675],[106.4287962,29.8109116],[106.4286353,29.8106881],[106.428528,29.8104135],[106.4283979,29.8097677],[106.4283456,29.8095501],[106.4282728,29.8093681],[106.4281022,29.8090829],[106.4278539,29.8087763],[106.4276783,29.8085834],[106.4267551,29.8075695],[106.426629,29.8073694],[106.4265459,29.8071506],[106.4264252,29.8068038],[106.4263152,29.8065176],[106.4261087,29.8061429],[106.4257519,29.8055284],[106.4253469,29.8048628],[106.4249607,29.8041878],[106.4244886,29.8034547],[106.4238234,29.8025819],[106.4232281,29.801822],[106.4230655,29.801537],[106.4229437,29.801252],[106.4228793,29.8009899]]},"properties":{"kind":"road","name":"龙凤路","highway":"primary","source_url":"https://www.openstreetmap.org/way/533137491"}},{"type":"Feature","geometry":{"type":"LineString","coordinates":[[106.4294855,29.8334477],[106.4297306,29.833337],[106.4298744,29.8332659],[106.430009,29.8331564],[106.4301183,29.8330347],[106.4302112,29.8329063],[106.4302865,29.8327589],[106.4303589,29.8325443],[106.4303688,29.8324417],[106.4304276,29.8313377],[106.4304403,29.8310981],[106.4305092,29.8293885],[106.4305049,29.8289694],[106.4304536,29.8286599],[106.4303874,29.8284975],[106.4302446,29.8282742],[106.430059,29.8280433],[106.4298105,29.8277342],[106.4295562,29.8274142],[106.4294536,29.8272079],[106.429376,29.8270209],[106.4292563,29.8267652],[106.4291422,29.8265536],[106.4289848,29.8263632],[106.4287356,29.8260829],[106.4284245,29.825764],[106.4280166,29.8253765],[106.4279021,29.8252821],[106.4277928,29.8251839]]},"properties":{"kind":"road","name":"渝南路","highway":"trunk","source_url":"https://www.openstreetmap.org/way/533137498"}},{"type":"Feature","geometry":{"type":"LineString","coordinates":[[106.4332729,29.8196137],[106.4324941,29.8181772]]},"properties":{"kind":"road","name":"龙凤路","highway":"primary","source_url":"https://www.openstreetmap.org/way/533137508"}},{"type":"Feature","geometry":{"type":"LineString","coordinates":[[106.4317615,29.8167903],[106.4326363,29.8181257]]},"properties":{"kind":"road","name":"龙凤路","highway":"primary","source_url":"https://www.openstreetmap.org/way/533137517"}},{"type":"Feature","geometry":{"type":"LineString","coordinates":[[106.4277928,29.8251839],[106.427228,29.8247931],[106.4266556,29.8243869],[106.4263664,29.8241643],[106.4260963,29.8240281],[106.4257032,29.8239397],[106.4252604,29.8239174],[106.4249747,29.8239083],[106.4248823,29.8238981],[106.4247158,29.8238616],[106.4245519,29.8237858],[106.4242951,29.8235964],[106.423775,29.8231582],[106.4235361,29.8229587],[106.4232919,29.8227266],[106.4226684,29.8219123],[106.4224953,29.8216575],[106.4220691,29.8211501],[106.4219025,29.820949],[106.4216593,29.8206849],[106.4211706,29.8201617],[106.4197114,29.8187381],[106.4193515,29.8183872],[106.4187025,29.8177916],[106.4178432,29.8162623],[106.4177503,29.8160877],[106.4173381,29.8153195],[106.4170112,29.815019],[106.4164995,29.8147407],[106.4141896,29.8138353],[106.4135939,29.8136068],[106.4132756,29.8134831],[106.4127798,29.813313],[106.4125236,29.8132395],[106.4123414,29.8131888],[106.4120762,29.8131191],[106.4119059,29.8130897],[106.4117386,29.8130866],[106.4114995,29.813111],[106.4096853,29.8134181],[106.4093856,29.8134529],[106.4091254,29.813448],[106.4088646,29.8134111],[106.4087555,29.8133607],[106.4086869,29.8133396],[106.4086825,29.8133372],[106.4085299,29.8132509],[106.4082908,29.8131032],[106.4076188,29.8127634],[106.4074169,29.8126895],[106.4070072,29.8125127],[106.4065545,29.8124175],[106.4050472,29.812061],[106.4044683,29.8119579]]},"properties":{"kind":"road","name":"天生路","highway":"trunk","source_url":"https://www.openstreetmap.org/way/533137519"}},{"type":"Feature","geometry":{"type":"LineString","coordinates":[[106.4356663,29.8331416],[106.4350415,29.8323947],[106.434496,29.8319013],[106.433593,29.8311366],[106.4331231,29.8307153],[106.4328909,29.8304338],[106.4326509,29.8300003],[106.4324882,29.829711],[106.4324842,29.8296264],[106.4325276,29.8295537],[106.4327197,29.8293514],[106.4327924,29.8292108],[106.4327844,29.8289959],[106.4327959,29.8286878],[106.4328082,29.8284463]]},"properties":{"kind":"road","name":"解放路","highway":"residential","source_url":"https://www.openstreetmap.org/way/533137520"}},{"type":"Feature","geometry":{"type":"LineString","coordinates":[[106.4151728,29.8354402],[106.4152366,29.835379],[106.4154574,29.8351148],[106.4155998,29.8350192],[106.4157499,29.8349794],[106.4159276,29.8349635],[106.4168075,29.8350044],[106.4170689,29.8350035],[106.4182605,29.8349035],[106.4212438,29.8345987],[106.4219609,29.8345705],[106.4223818,29.8345735],[106.4226896,29.8345967],[106.4228886,29.8346229],[106.4229977,29.8346382],[106.4233119,29.8347002],[106.4236081,29.8347797],[106.4247954,29.8351017],[106.4250568,29.8351519],[106.4253281,29.835165],[106.4255581,29.8351391],[106.4259968,29.8349704]]},"properties":{"kind":"road","name":"北泉路","highway":"trunk","source_url":"https://www.openstreetmap.org/way/533137525"}},{"type":"Feature","geometry":{"type":"LineString","coordinates":[[106.413888,29.8377096],[106.414034,29.8372302],[106.4140603,29.837144],[106.4140896,29.837059],[106.4142195,29.8366825],[106.4143474,29.8363178],[106.4144368,29.8361258],[106.4145154,29.8360153],[106.4147532,29.8357936]]},"properties":{"kind":"road","name":"北泉路","highway":"trunk","source_url":"https://www.openstreetmap.org/way/533137529"}},{"type":"Feature","geometry":{"type":"LineString","coordinates":[[106.4324941,29.8181772],[106.431653,29.816829]]},"properties":{"kind":"road","name":"龙凤路","highway":"primary","source_url":"https://www.openstreetmap.org/way/533137531"}},{"type":"Feature","geometry":{"type":"LineString","coordinates":[[106.4351955,29.8150063],[106.4350261,29.8150955],[106.4348604,29.8152345],[106.4329265,29.8150203],[106.4322398,29.8150553],[106.431363,29.8150989]]},"properties":{"kind":"road","name":"","highway":"residential","source_url":"https://www.openstreetmap.org/way/533137550"}},{"type":"Feature","geometry":{"type":"LineString","coordinates":[[106.4349976,29.8225962],[106.4349632,29.8225062],[106.434896,29.8224314],[106.4348287,29.8223932],[106.4348119,29.8223836],[106.434715,29.8223608],[106.4347013,29.8223614],[106.4346146,29.8223651],[106.4345207,29.8223961],[106.4344425,29.8224508],[106.4344307,29.8224665],[106.4343876,29.8225238],[106.4343614,29.8226079],[106.4343666,29.822695],[106.4344071,29.8227831],[106.4344793,29.8228542],[106.4345749,29.8229002],[106.4346827,29.8229157],[106.4347133,29.8229109],[106.4347903,29.8228989],[106.4348851,29.8228516],[106.4349561,29.8227796],[106.4349951,29.822691],[106.4349976,29.8225962]]},"properties":{"kind":"road","name":"","highway":"footway","source_url":"https://www.openstreetmap.org/way/537189769"}},{"type":"Feature","geometry":{"type":"LineString","coordinates":[[106.4343642,29.8207776],[106.4337956,29.821022]]},"properties":{"kind":"road","name":"","highway":"footway","source_url":"https://www.openstreetmap.org/way/537189793"}},{"type":"Feature","geometry":{"type":"LineString","coordinates":[[106.4453669,29.8258914],[106.4454996,29.8260289],[106.4456793,29.8265282],[106.4457837,29.8266775],[106.4457687,29.8270097],[106.4457921,29.8276548],[106.4456863,29.8281981],[106.4455401,29.8285186],[106.445284,29.8289282],[106.4444876,29.8300782],[106.4441766,29.8305093],[106.4437773,29.8309463],[106.4434841,29.8312146],[106.4431342,29.8314757],[106.4421375,29.8321869],[106.4412586,29.8328178],[106.4395605,29.8338087],[106.4384445,29.8343545],[106.4383641,29.8344076],[106.4371348,29.8352182],[106.4370725,29.8352424],[106.4359931,29.8356621],[106.4358115,29.8357268],[106.4356045,29.8358115]]},"properties":{"kind":"road","name":"","highway":"cycleway","source_url":"https://www.openstreetmap.org/way/588185373"}},{"type":"Feature","geometry":{"type":"LineString","coordinates":[[106.4354076,29.8221427],[106.4347832,29.8226304],[106.4347178,29.8227159],[106.4342241,29.8231235],[106.4332427,29.8238787],[106.4326391,29.8245115],[106.4324973,29.8246236]]},"properties":{"kind":"road","name":"云泉路","highway":"secondary","source_url":"https://www.openstreetmap.org/way/588185381"}},{"type":"Feature","geometry":{"type":"LineString","coordinates":[[106.4223107,29.8204699],[106.4227928,29.820405],[106.4232975,29.8203986],[106.4235335,29.8204241],[106.4237611,29.8205167],[106.4240341,29.8206583],[106.4243487,29.8208215],[106.4243753,29.8208867],[106.4243068,29.821599],[106.4243263,29.8216451],[106.4243771,29.8216702],[106.4254906,29.8219217]]},"properties":{"kind":"road","name":"","highway":"residential","source_url":"https://www.openstreetmap.org/way/588185385"}},{"type":"Feature","geometry":{"type":"LineString","coordinates":[[106.4334011,29.8195651],[106.4335186,29.8197959],[106.4335482,29.8198792],[106.4340359,29.8208743],[106.434719,29.8225535],[106.4347832,29.8226304],[106.4383445,29.8274806],[106.439179,29.828652],[106.4396869,29.8291476],[106.439808,29.8292617],[106.4404584,29.8298748],[106.4406255,29.8300323],[106.4407037,29.8301623],[106.4407208,29.8302847],[106.4407162,29.8304536]]},"properties":{"kind":"road","name":"碚峡路","highway":"primary","source_url":"https://www.openstreetmap.org/way/588185395"}},{"type":"Feature","geometry":{"type":"LineString","coordinates":[[106.4143128,29.8069325],[106.4143083,29.8072936],[106.4143447,29.8079892],[106.4143604,29.8080859],[106.4144013,29.8083364],[106.4145358,29.8087777],[106.4147379,29.809134],[106.4150412,29.8094684],[106.4153487,29.8097592],[106.415667,29.810017],[106.4160184,29.8102242],[106.4163685,29.8104359],[106.4165595,29.8106109],[106.4167094,29.8108368],[106.4168779,29.8111555],[106.4170607,29.8114814],[106.4173718,29.811863],[106.4176186,29.8121423],[106.4188711,29.8134031],[106.4189123,29.8134578],[106.4190662,29.8137382],[106.4191077,29.8138949],[106.4191253,29.8140562],[106.4191598,29.8145759],[106.4192228,29.8149136],[106.419344,29.8153112],[106.4194635,29.8156087],[106.4195796,29.815874],[106.4206475,29.8175608],[106.4206823,29.8176918],[106.4206816,29.8178228],[106.4206671,29.8179389],[106.4206238,29.8180553],[106.420559,29.8181593],[106.4204775,29.8182502],[106.4203723,29.8183309],[106.4200682,29.8185097],[106.4197921,29.8186822],[106.4197114,29.8187381]]},"properties":{"kind":"road","name":"","highway":"tertiary","source_url":"https://www.openstreetmap.org/way/588185398"}},{"type":"Feature","geometry":{"type":"LineString","coordinates":[[106.4371227,29.8348828],[106.4367301,29.8350033],[106.436234,29.8351074],[106.4357873,29.8352386],[106.4355687,29.8353456],[106.4350042,29.8355537]]},"properties":{"kind":"road","name":"滨江路","highway":"secondary","source_url":"https://www.openstreetmap.org/way/588185399"}},{"type":"Feature","geometry":{"type":"LineString","coordinates":[[106.4318931,29.8197533],[106.4317392,29.8208072],[106.4317212,29.8208417],[106.4310491,29.8221275],[106.430488,29.8224063],[106.4299355,29.8224202],[106.4295294,29.8223514],[106.4274612,29.8221812],[106.4267268,29.822163],[106.4255712,29.8219932],[106.4254906,29.8219217]]},"properties":{"kind":"road","name":"","highway":"residential","source_url":"https://www.openstreetmap.org/way/588185410"}},{"type":"Feature","geometry":{"type":"LineString","coordinates":[[106.4330614,29.8198824],[106.433014,29.8199838],[106.4329908,29.820071],[106.4329867,29.8202302],[106.4329977,29.8202963],[106.4331321,29.8211039],[106.4332359,29.8212719],[106.433528,29.8217445],[106.4335567,29.8218702],[106.4335652,29.8222234],[106.433591,29.8223808],[106.4338627,29.8232875]]},"properties":{"kind":"road","name":"","highway":"residential","source_url":"https://www.openstreetmap.org/way/588185415"}},{"type":"Feature","geometry":{"type":"LineString","coordinates":[[106.4214973,29.8183293],[106.4215884,29.8185015],[106.4218513,29.8188459],[106.4219264,29.8191112],[106.4217816,29.8193904],[106.4217011,29.819558]]},"properties":{"kind":"road","name":"","highway":"residential","source_url":"https://www.openstreetmap.org/way/588185425"}},{"type":"Feature","geometry":{"type":"LineString","coordinates":[[106.4350042,29.8355537],[106.4344354,29.8357076]]},"properties":{"kind":"road","name":"文星湾隧道","highway":"secondary","source_url":"https://www.openstreetmap.org/way/709836977"}},{"type":"Feature","geometry":{"type":"LineString","coordinates":[[106.4355181,29.8292171],[106.4372567,29.828193],[106.4382672,29.827533]]},"properties":{"kind":"road","name":"碚峡西路","highway":"residential","source_url":"https://www.openstreetmap.org/way/709838113"}},{"type":"Feature","geometry":{"type":"LineString","coordinates":[[106.4357002,29.8335408],[106.4354345,29.8337643],[106.4354613,29.8336186],[106.4354768,29.8334887]]},"properties":{"kind":"road","name":"辽宁路","highway":"tertiary","source_url":"https://www.openstreetmap.org/way/709838114"}},{"type":"Feature","geometry":{"type":"LineString","coordinates":[[106.4354345,29.8337643],[106.4352647,29.8341481],[106.4351734,29.8343544],[106.4351201,29.834475],[106.4350797,29.8351406]]},"properties":{"kind":"road","name":"辽宁路","highway":"tertiary","source_url":"https://www.openstreetmap.org/way/709838115"}},{"type":"Feature","geometry":{"type":"LineString","coordinates":[[106.4401822,29.8315865],[106.4400866,29.8316256],[106.439969,29.8316192],[106.4393057,29.8314883],[106.4390967,29.8314635],[106.4389118,29.8314725],[106.4387379,29.8315217],[106.4379288,29.8318598],[106.4375893,29.8320498],[106.4374805,29.8321065],[106.4372487,29.8322274],[106.4371263,29.8323082],[106.4365502,29.8326561],[106.4361968,29.8329707],[106.4360418,29.8330968],[106.4359241,29.8331877]]},"properties":{"kind":"road","name":"","highway":"tertiary","source_url":"https://www.openstreetmap.org/way/709838116"}},{"type":"Feature","geometry":{"type":"LineString","coordinates":[[106.4358569,29.833132],[106.4359525,29.8330623],[106.4366058,29.8325023],[106.4369596,29.832052]]},"properties":{"kind":"road","name":"朝阳路","highway":"tertiary","source_url":"https://www.openstreetmap.org/way/709838118"}},{"type":"Feature","geometry":{"type":"LineString","coordinates":[[106.4354768,29.8334887],[106.4354475,29.8334235],[106.4354572,29.8333607],[106.4354765,29.8333135],[106.4355118,29.8332741],[106.4356663,29.8331416],[106.4356905,29.8331282],[106.4357459,29.8331151],[106.4358026,29.8331179],[106.4358569,29.833132],[106.4359241,29.8331877],[106.4359468,29.833254],[106.4359324,29.8333246],[106.4358908,29.8333814],[106.4357594,29.8335001],[106.4357002,29.8335408],[106.4356285,29.8335488],[106.4355595,29.8335388],[106.4354768,29.8334887]]},"properties":{"kind":"road","name":"","highway":"tertiary","source_url":"https://www.openstreetmap.org/way/709838121"}},{"type":"Feature","geometry":{"type":"LineString","coordinates":[[106.4361968,29.8329707],[106.4365861,29.8336097],[106.4368189,29.8340096],[106.4368547,29.8340705],[106.4372605,29.8347032],[106.4372943,29.8348319],[106.4372385,29.8349139],[106.437056,29.8349823],[106.4367871,29.8350572],[106.4365847,29.8350946],[106.4363235,29.8351453],[106.4360205,29.8352242],[106.4357333,29.835317],[106.4355687,29.8353456]]},"properties":{"kind":"road","name":"太原路","highway":"residential","source_url":"https://www.openstreetmap.org/way/709838375"}},{"type":"Feature","geometry":{"type":"LineString","coordinates":[[106.4378819,29.832721],[106.4378493,29.8327435],[106.4376345,29.8329115],[106.4370959,29.8332707],[106.4365861,29.8336097],[106.4352647,29.8341481]]},"properties":{"kind":"road","name":"上海路","highway":"residential","source_url":"https://www.openstreetmap.org/way/709838378"}},{"type":"Feature","geometry":{"type":"LineString","coordinates":[[106.4356295,29.8346228],[106.4368547,29.8340705]]},"properties":{"kind":"road","name":"","highway":"residential","source_url":"https://www.openstreetmap.org/way/709838379"}},{"type":"Feature","geometry":{"type":"LineString","coordinates":[[106.435048,29.8353659],[106.4350666,29.8353028],[106.4350776,29.8352313],[106.4350797,29.8351406],[106.4351486,29.8352428],[106.4352424,29.8352968]]},"properties":{"kind":"road","name":"","highway":"tertiary","source_url":"https://www.openstreetmap.org/way/709838380"}},{"type":"Feature","geometry":{"type":"LineString","coordinates":[[106.4298744,29.8332659],[106.4299415,29.833303],[106.4299947,29.833361],[106.4300578,29.8334669],[106.4306193,29.8347285],[106.4306701,29.8347932],[106.4307191,29.8348337],[106.4308036,29.8348742],[106.4309387,29.8348946],[106.4310816,29.8348774],[106.4312038,29.8348204],[106.4319064,29.8345536],[106.4320641,29.834523],[106.4321799,29.8345205],[106.4323289,29.8345544],[106.4324809,29.8346146],[106.4326509,29.8347228],[106.4327341,29.8348079],[106.4328012,29.8348981],[106.4329328,29.8350102],[106.4331396,29.8351535],[106.4334635,29.83535],[106.4337832,29.8355402],[106.4339769,29.835591],[106.4341954,29.8356122],[106.434384,29.8355728]]},"properties":{"kind":"road","name":"文星湾路","highway":"secondary","source_url":"https://www.openstreetmap.org/way/709838381"}},{"type":"Feature","geometry":{"type":"LineString","coordinates":[[106.4349469,29.8354065],[106.435048,29.8353659],[106.4352424,29.8352968],[106.4354366,29.8352512],[106.4358169,29.8351444],[106.4360271,29.8350718],[106.4366005,29.8349411],[106.4370781,29.834814]]},"properties":{"kind":"road","name":"滨江路","highway":"secondary","source_url":"https://www.openstreetmap.org/way/709838382"}},{"type":"Feature","geometry":{"type":"LineString","coordinates":[[106.434384,29.8355728],[106.4349469,29.8354065]]},"properties":{"kind":"road","name":"文星湾隧道","highway":"secondary","source_url":"https://www.openstreetmap.org/way/709838500"}},{"type":"Feature","geometry":{"type":"LineString","coordinates":[[106.4295178,29.8334989],[106.4259207,29.8350706]]},"properties":{"kind":"road","name":"文星湾大桥","highway":"trunk","source_url":"https://www.openstreetmap.org/way/709839582"}},{"type":"Feature","geometry":{"type":"LineString","coordinates":[[106.4207443,29.8410228],[106.4189849,29.839338],[106.4180424,29.8384672],[106.414712,29.8354358],[106.4125988,29.8334108],[106.4109227,29.8318571],[106.4104941,29.8313794],[106.4099275,29.8306621],[106.4094591,29.8299247],[106.4091237,29.8292526],[106.4087421,29.8281691],[106.4083778,29.8268197],[106.4075159,29.8230161],[106.4067711,29.8200002]]},"properties":{"kind":"road","name":"兰海高速","highway":"motorway","source_url":"https://www.openstreetmap.org/way/709842150"}},{"type":"Feature","geometry":{"type":"LineString","coordinates":[[106.4208944,29.8408613],[106.4230123,29.8429524]]},"properties":{"kind":"road","name":"兰海高速","highway":"motorway","source_url":"https://www.openstreetmap.org/way/709842151"}},{"type":"Feature","geometry":{"type":"LineString","coordinates":[[106.4152235,29.8354779],[106.4148027,29.8358284]]},"properties":{"kind":"road","name":"北泉路","highway":"trunk","source_url":"https://www.openstreetmap.org/way/709842152"}},{"type":"Feature","geometry":{"type":"LineString","coordinates":[[106.4141304,29.8371427],[106.414034,29.8372302],[106.4139406,29.8372465]]},"properties":{"kind":"road","name":"","highway":"secondary_link","source_url":"https://www.openstreetmap.org/way/709842153"}},{"type":"Feature","geometry":{"type":"LineString","coordinates":[[106.4139972,29.8344286],[106.4142262,29.8342264]]},"properties":{"kind":"road","name":"","highway":"service","source_url":"https://www.openstreetmap.org/way/709842154"}},{"type":"Feature","geometry":{"type":"LineString","coordinates":[[106.4111277,29.8314009],[106.4104005,29.832041]]},"properties":{"kind":"road","name":"","highway":"secondary","source_url":"https://www.openstreetmap.org/way/709842156"}},{"type":"Feature","geometry":{"type":"LineString","coordinates":[[106.4110648,29.8313394],[106.412002,29.8305029],[106.4138489,29.8289632],[106.4139435,29.8289321]]},"properties":{"kind":"road","name":"文英路","highway":"secondary","source_url":"https://www.openstreetmap.org/way/709842157"}},{"type":"Feature","geometry":{"type":"LineString","coordinates":[[106.4103439,29.8319654],[106.4110648,29.8313394]]},"properties":{"kind":"road","name":"","highway":"secondary","source_url":"https://www.openstreetmap.org/way/709842158"}},{"type":"Feature","geometry":{"type":"LineString","coordinates":[[106.4104005,29.832041],[106.4111965,29.8328116],[106.4112744,29.8329441],[106.4113041,29.8331164],[106.4112909,29.8332508],[106.4112352,29.8333857],[106.4111139,29.8335137],[106.410526,29.8339509],[106.4104459,29.8340249]]},"properties":{"kind":"road","name":"","highway":"residential","source_url":"https://www.openstreetmap.org/way/709842160"}},{"type":"Feature","geometry":{"type":"LineString","coordinates":[[106.4297306,29.833337],[106.4289807,29.833023],[106.428677,29.8329199],[106.4284239,29.8329049],[106.4281916,29.832932],[106.4279934,29.8329987],[106.427888,29.8330433],[106.4278244,29.833095],[106.4277467,29.8331676],[106.4277082,29.8332467],[106.4276819,29.8334793],[106.4276203,29.8336405],[106.4275729,29.8337078],[106.4274705,29.833782],[106.4273517,29.8338341],[106.4271411,29.8338875],[106.4269813,29.8339111],[106.4267934,29.833916],[106.4264479,29.8338996],[106.4258615,29.8338416],[106.4254958,29.8338314],[106.4253795,29.8338522],[106.425265,29.8339222],[106.4252194,29.8339881],[106.4251911,29.8340499],[106.4251883,29.8341174],[106.4252445,29.8341939],[106.425346,29.8342604],[106.4254739,29.8343357]]},"properties":{"kind":"road","name":"","highway":"residential","source_url":"https://www.openstreetmap.org/way/710422440"}},{"type":"Feature","geometry":{"type":"LineString","coordinates":[[106.4257451,29.8344716],[106.4262735,29.8347734],[106.4264303,29.8349065],[106.4264455,29.8351274]]},"properties":{"kind":"road","name":"","highway":"residential","source_url":"https://www.openstreetmap.org/way/710422441"}},{"type":"Feature","geometry":{"type":"LineString","coordinates":[[106.4254739,29.8343357],[106.4257451,29.8344716]]},"properties":{"kind":"road","name":"","highway":"residential","source_url":"https://www.openstreetmap.org/way/710422442"}},{"type":"Feature","geometry":{"type":"LineString","coordinates":[[106.4347957,29.8326021],[106.4350415,29.8323947],[106.4354788,29.8320598],[106.435931,29.8317896],[106.4366415,29.8313864],[106.4366769,29.8313686]]},"properties":{"kind":"road","name":"静宁路","highway":"residential","source_url":"https://www.openstreetmap.org/way/710422443"}},{"type":"Feature","geometry":{"type":"LineString","coordinates":[[106.4354475,29.8334235],[106.4348279,29.8326661],[106.4347957,29.8326021],[106.4344514,29.8322311],[106.4343549,29.8321582],[106.434236,29.8321236],[106.4339808,29.8321358],[106.4338653,29.8321156],[106.433745,29.8320662],[106.4331139,29.8314712],[106.4329586,29.8312609],[106.4328453,29.8310687],[106.4327954,29.830938],[106.4327756,29.8308032],[106.4327472,29.8307406],[106.4326794,29.8306563],[106.4324057,29.8304693],[106.4323001,29.8303782],[106.4321708,29.8301934],[106.4320767,29.8301242],[106.4319448,29.8300597],[106.4318098,29.8300049],[106.4317099,29.8299214],[106.4316597,29.829802],[106.431603,29.8296369],[106.4315098,29.829527],[106.4313818,29.8294453],[106.4309875,29.8292863],[106.4308721,29.8292225],[106.4308102,29.8291473],[106.4307703,29.8290341],[106.4307676,29.8285392],[106.430747,29.8284381],[106.430684,29.8283283],[106.4302787,29.8279195],[106.4299657,29.8277073]]},"properties":{"kind":"road","name":"辽宁路","highway":"residential","source_url":"https://www.openstreetmap.org/way/710422444"}},{"type":"Feature","geometry":{"type":"LineString","coordinates":[[106.43354,29.8279294],[106.4330302,29.8282887],[106.432878,29.8283019],[106.4327516,29.8282772]]},"properties":{"kind":"road","name":"","highway":"residential","source_url":"https://www.openstreetmap.org/way/710422445"}},{"type":"Feature","geometry":{"type":"LineString","coordinates":[[106.4332118,29.8275982],[106.4336628,29.8272758]]},"properties":{"kind":"road","name":"","highway":"residential","source_url":"https://www.openstreetmap.org/way/710422446"}},{"type":"Feature","geometry":{"type":"LineString","coordinates":[[106.4353727,29.8220845],[106.4355262,29.8219417],[106.4354076,29.8221427]]},"properties":{"kind":"road","name":"","highway":"tertiary","source_url":"https://www.openstreetmap.org/way/710422447"}},{"type":"Feature","geometry":{"type":"LineString","coordinates":[[106.4355262,29.8219417],[106.4357998,29.8215181],[106.4359017,29.8213506],[106.4359071,29.8212389],[106.435832,29.8210807],[106.4346089,29.8194193]]},"properties":{"kind":"road","name":"","highway":"tertiary","source_url":"https://www.openstreetmap.org/way/710422448"}},{"type":"Feature","geometry":{"type":"LineString","coordinates":[[106.4206915,29.8222468],[106.4207504,29.8221761],[106.4207605,29.822164],[106.4209831,29.8218289],[106.4209725,29.8217301],[106.420924,29.8214966]]},"properties":{"kind":"road","name":"","highway":"service","source_url":"https://www.openstreetmap.org/way/710422449"}},{"type":"Feature","geometry":{"type":"LineString","coordinates":[[106.4202421,29.8217669],[106.4204926,29.8216517],[106.420924,29.8214966],[106.4212923,29.8212863],[106.4219025,29.820949],[106.421994,29.820889]]},"properties":{"kind":"road","name":"","highway":"service","source_url":"https://www.openstreetmap.org/way/710422450"}},{"type":"Feature","geometry":{"type":"LineString","coordinates":[[106.43354,29.8279294],[106.4332118,29.8275982]]},"properties":{"kind":"road","name":"中山路","highway":"residential","source_url":"https://www.openstreetmap.org/way/710474998"}},{"type":"Feature","geometry":{"type":"LineString","coordinates":[[106.4336628,29.8272758],[106.433677,29.8274663],[106.4336631,29.8277902],[106.4336251,29.8278703],[106.43354,29.8279294]]},"properties":{"kind":"road","name":"","highway":"residential","source_url":"https://www.openstreetmap.org/way/710474999"}},{"type":"Feature","geometry":{"type":"LineString","coordinates":[[106.4298105,29.8277342],[106.4299657,29.8277073],[106.4319762,29.8273866],[106.4324495,29.8273286],[106.4326417,29.8273325],[106.4327753,29.8273509],[106.4329049,29.8274017],[106.4330437,29.8274679],[106.4331239,29.8275165],[106.4332118,29.8275982]]},"properties":{"kind":"road","name":"中山路","highway":"residential","source_url":"https://www.openstreetmap.org/way/710475000"}},{"type":"Feature","geometry":{"type":"LineString","coordinates":[[106.4328082,29.8284463],[106.432796,29.8283657],[106.4327516,29.8282772],[106.4326621,29.8282259],[106.4324701,29.8281623],[106.432254,29.8281402],[106.4321042,29.8281564],[106.430684,29.8283283]]},"properties":{"kind":"road","name":"解放路","highway":"residential","source_url":"https://www.openstreetmap.org/way/710475001"}},{"type":"Feature","geometry":{"type":"Polygon","coordinates":[[[106.4325884,29.8292978],[106.4326654,29.8291856],[106.4326283,29.8287527],[106.4326253,29.8287178],[106.4325576,29.8286724],[106.4319968,29.8287365],[106.432043,29.828953],[106.4320708,29.8289931],[106.4321385,29.8289931],[106.4323018,29.8292283],[106.4324497,29.829215],[106.4325884,29.8292978]]]},"properties":{"kind":"building","name":"重庆百货（北碚商场）","highway":"","source_url":"https://www.openstreetmap.org/way/710475002"}},{"type":"Feature","geometry":{"type":"LineString","coordinates":[[106.425344,29.8353985],[106.4258742,29.835188],[106.4262015,29.835123],[106.4264455,29.8351274],[106.4266771,29.8351757],[106.4274696,29.8354225],[106.4277953,29.8354698],[106.4280283,29.8354698],[106.4282175,29.8354534],[106.4284213,29.835467],[106.4285842,29.8355631],[106.4289671,29.8358791],[106.429108,29.83596],[106.4294423,29.8360862],[106.4297022,29.8362948],[106.4300208,29.8364703],[106.4303862,29.836726],[106.4304575,29.8368398],[106.4304437,29.8369453],[106.4303797,29.8370726],[106.4299077,29.8374381],[106.429713,29.8374687],[106.429145,29.8379471],[106.4295149,29.8382479]]},"properties":{"kind":"road","name":"","highway":"residential","source_url":"https://www.openstreetmap.org/way/733221431"}},{"type":"Feature","geometry":{"type":"LineString","coordinates":[[106.4406392,29.8304803],[106.4406438,29.8302865],[106.440604,29.8301759],[106.4405288,29.830059],[106.4396042,29.8291819],[106.4391079,29.828671],[106.4382672,29.827533],[106.4350778,29.8232055],[106.4347178,29.8227159],[106.4346509,29.8226328],[106.4343648,29.8220107],[106.4339686,29.8209003],[106.433755,29.8204631],[106.4334348,29.8199043],[106.433385,29.8198193],[106.4332729,29.8196137]]},"properties":{"kind":"road","name":"碚峡路","highway":"primary","source_url":"https://www.openstreetmap.org/way/786414924"}},{"type":"Feature","geometry":{"type":"LineString","coordinates":[[106.4331321,29.8211039],[106.4328517,29.8212554],[106.4326693,29.8214136],[106.4325728,29.8216231],[106.4325031,29.8218604]]},"properties":{"kind":"road","name":"","highway":"residential","source_url":"https://www.openstreetmap.org/way/786414927"}},{"type":"Feature","geometry":{"type":"LineString","coordinates":[[106.4044842,29.8118731],[106.405062,29.811987],[106.4057934,29.8121653],[106.406033,29.8122435],[106.4063596,29.8123074],[106.4065677,29.8123368],[106.4070332,29.8124332],[106.4074467,29.8126147],[106.4076602,29.8127003],[106.408672,29.8132183],[106.4089061,29.8133096],[106.4091427,29.8133552],[106.4093637,29.8133707],[106.4096693,29.8133504],[106.4112534,29.8130843],[106.4115095,29.8130413],[106.4117334,29.8130244],[106.4119197,29.8130298],[106.412098,29.8130651],[106.4125129,29.8131618],[106.4131266,29.8133141],[106.4131822,29.8133323],[106.4134187,29.8134094],[106.4139454,29.8136325],[106.4146603,29.8139332],[106.4165674,29.8146376],[106.4169766,29.8148683],[106.4170524,29.814911],[106.4173228,29.8151308],[106.4174874,29.8153927],[106.4178219,29.8160812],[106.4179109,29.8162446],[106.4186698,29.8175824],[106.4187834,29.8177626],[106.4194251,29.8183447],[106.4197921,29.8186822],[106.4203075,29.8191941],[106.4210043,29.819841],[106.4215522,29.8203627],[106.421838,29.8206907],[106.421994,29.820889],[106.4224158,29.8213428],[106.4227804,29.8218484],[106.4233772,29.822686],[106.4235918,29.8229118],[106.4238125,29.8231126],[106.4243214,29.8235511],[106.4245344,29.8236844],[106.424746,29.8237547],[106.4249013,29.8237827],[106.4250988,29.8238015],[106.4253138,29.823822],[106.4257026,29.8238496],[106.4259293,29.8238868],[106.4261475,29.8239616],[106.4264557,29.8241265],[106.4271296,29.8246122],[106.4272811,29.8247254],[106.4277035,29.8250241],[106.4278533,29.8250982]]},"properties":{"kind":"road","name":"天生路","highway":"trunk","source_url":"https://www.openstreetmap.org/way/786414929"}},{"type":"Feature","geometry":{"type":"LineString","coordinates":[[106.4231457,29.8343176],[106.4231321,29.8344772],[106.4230827,29.8345649],[106.423008,29.8346337],[106.4229977,29.8346382],[106.4229518,29.8346696],[106.422873,29.8346925]]},"properties":{"kind":"road","name":"","highway":"secondary_link","source_url":"https://www.openstreetmap.org/way/786414931"}},{"type":"Feature","geometry":{"type":"LineString","coordinates":[[106.4180424,29.8384672],[106.4172247,29.8378644],[106.416302,29.8371199],[106.4156252,29.8364816],[106.4151326,29.8360171],[106.414712,29.8354358]]},"properties":{"kind":"road","name":"","highway":"service","source_url":"https://www.openstreetmap.org/way/787843579"}},{"type":"Feature","geometry":{"type":"LineString","coordinates":[[106.416302,29.8371199],[106.4161339,29.8371199],[106.4159837,29.8371525],[106.4158657,29.8371897],[106.4157959,29.8371897],[106.4153292,29.836743],[106.4156252,29.8364816]]},"properties":{"kind":"road","name":"","highway":"service","source_url":"https://www.openstreetmap.org/way/787843580"}},{"type":"Feature","geometry":{"type":"LineString","coordinates":[[106.414022,29.8369807],[106.4140896,29.837059],[106.4141304,29.8371427]]},"properties":{"kind":"road","name":"","highway":"secondary_link","source_url":"https://www.openstreetmap.org/way/787843581"}},{"type":"Feature","geometry":{"type":"LineString","coordinates":[[106.4188711,29.8134031],[106.4192814,29.8129252],[106.4199164,29.812392],[106.420094,29.8122131],[106.4201736,29.8120643],[106.4202206,29.8118517],[106.4202043,29.8112778],[106.4202471,29.810865],[106.4203737,29.8104629],[106.4205534,29.8100802],[106.4207494,29.8098003],[106.4210128,29.8095187],[106.4212925,29.8092547],[106.421662,29.8089925],[106.4219723,29.808888],[106.4222296,29.8088632],[106.4224011,29.8088774]]},"properties":{"kind":"road","name":"","highway":"residential","source_url":"https://www.openstreetmap.org/way/787848171"}},{"type":"Feature","geometry":{"type":"LineString","coordinates":[[106.4121088,29.8182235],[106.4118608,29.8181112],[106.4116067,29.8180745],[106.411486,29.8180605],[106.4112955,29.8180977],[106.4112549,29.8181059]]},"properties":{"kind":"road","name":"","highway":"service","source_url":"https://www.openstreetmap.org/way/840830751"}},{"type":"Feature","geometry":{"type":"Polygon","coordinates":[[[106.4138293,29.8195051],[106.4137261,29.8195329],[106.4135182,29.8195856],[106.4135401,29.819653],[106.4135789,29.819644],[106.4136083,29.8197304],[106.413815,29.8196762],[106.413822,29.8196366],[106.4138289,29.8195716],[106.4138293,29.8195051]]]},"properties":{"kind":"building","name":"竹园E栋","highway":"","source_url":"https://www.openstreetmap.org/way/840830753"}},{"type":"Feature","geometry":{"type":"Polygon","coordinates":[[[106.4132487,29.8195397],[106.4132073,29.8194153],[106.4131686,29.819425],[106.4131474,29.8193613],[106.4135734,29.8192545],[106.4135855,29.8192909],[106.4136258,29.8192807],[106.4136304,29.8192945],[106.4136381,29.8193176],[106.4136531,29.8193627],[106.4136178,29.8193716],[106.4133,29.8194512],[106.4133232,29.819521],[106.4132487,29.8195397]]]},"properties":{"kind":"building","name":"竹园D栋","highway":"","source_url":"https://www.openstreetmap.org/way/840830754"}},{"type":"Feature","geometry":{"type":"Polygon","coordinates":[[[106.4128659,29.819313],[106.4129253,29.8192979],[106.4129036,29.8192337],[106.4133699,29.8191152],[106.413392,29.8191096],[106.4133893,29.8191016],[106.4134247,29.8190926],[106.4134066,29.8190393],[106.4133985,29.8190149],[106.4133894,29.8190172],[106.4133757,29.8189764],[106.4133495,29.8189831],[106.4133414,29.8189589],[106.4127939,29.8190981],[106.4128037,29.8191269],[106.4127676,29.8191361],[106.4127817,29.8191779],[106.4127645,29.8191823],[106.4127768,29.8192187],[106.4128295,29.8192053],[106.4128659,29.819313]]]},"properties":{"kind":"building","name":"竹园C栋","highway":"","source_url":"https://www.openstreetmap.org/way/840830755"}},{"type":"Feature","geometry":{"type":"Polygon","coordinates":[[[106.412448,29.8190647],[106.412412,29.8189572],[106.4123578,29.8189709],[106.4123464,29.8189369],[106.4123996,29.8189235],[106.4123746,29.8188489],[106.4129243,29.8187103],[106.4129322,29.8187339],[106.4129571,29.8187276],[106.4129708,29.8187684],[106.4129809,29.8187659],[106.4129883,29.8187881],[106.4130069,29.8188434],[106.4129698,29.8188528],[106.4129727,29.8188616],[106.4129664,29.8188636],[106.4129553,29.818866],[106.4129342,29.8188713],[106.4129357,29.8188711],[106.4127018,29.8189309],[106.4126714,29.8189387],[106.4124892,29.8189836],[106.412511,29.8190488],[106.412448,29.8190647]]]},"properties":{"kind":"building","name":"竹园B栋","highway":"","source_url":"https://www.openstreetmap.org/way/840830756"}},{"type":"Feature","geometry":{"type":"Polygon","coordinates":[[[106.4120858,29.818805],[106.412103,29.8188022],[106.4123362,29.8189385],[106.4123464,29.8189369],[106.4123996,29.8189235],[106.4123746,29.8188489],[106.4123181,29.8186758],[106.412064,29.8187399],[106.4120858,29.818805]]]},"properties":{"kind":"building","name":"竹园教育超市","highway":"","source_url":"https://www.openstreetmap.org/way/840830757"}},{"type":"Feature","geometry":{"type":"Polygon","coordinates":[[[106.4120279,29.8185848],[106.4120168,29.8185527],[106.4122978,29.8183752],[106.4123184,29.8184327],[106.4123407,29.8185063],[106.4120279,29.8185848]]]},"properties":{"kind":"building","name":"","highway":"","source_url":"https://www.openstreetmap.org/way/840830759"}},{"type":"Feature","geometry":{"type":"Polygon","coordinates":[[[106.4128486,29.8184209],[106.4128585,29.8184401],[106.412869,29.8184602],[106.4128733,29.8184685],[106.4129123,29.8185192],[106.4129218,29.8185344],[106.4129477,29.818576],[106.4129211,29.8185913],[106.4129884,29.8186681],[106.4130184,29.8186512],[106.4130591,29.8187019],[106.4130908,29.8187385],[106.4131142,29.8187593],[106.4131581,29.8187809],[106.4132043,29.8188038],[106.4132734,29.8188423],[106.4133812,29.818903],[106.4134837,29.8189601],[106.4135186,29.8189801],[106.4135233,29.8189832],[106.4135372,29.8189924],[106.4135483,29.8190035],[106.4136019,29.8190499],[106.4136635,29.819118],[106.4137221,29.8191996],[106.413753,29.8192632],[106.4137637,29.8192851],[106.4137721,29.8193044],[106.4137353,29.8193143],[106.4137618,29.8193904],[106.4138104,29.8193785],[106.4138147,29.8193958],[106.4138197,29.8194225],[106.4138268,29.819464],[106.4138293,29.8195051],[106.4138289,29.8195716],[106.413822,29.8196366],[106.413815,29.8196762],[106.4138064,29.8197112],[106.4137958,29.8197465],[106.4137837,29.819781],[106.4137689,29.8198153],[106.4138429,29.8198432],[106.4138619,29.8198001],[106.4138776,29.8197569],[106.4139045,29.819653],[106.4139138,29.8196013],[106.413915,29.8195092],[106.4139103,29.819418],[106.4138928,29.8193562],[106.4138349,29.8192079],[106.4137517,29.8190743],[106.4137004,29.8190144],[106.4136172,29.8189423],[106.4135651,29.8188972],[106.4134822,29.8188576],[106.41339,29.818808],[106.4132861,29.8187523],[106.4131927,29.8186936],[106.4131191,29.8186287],[106.4130592,29.8185615],[106.4130105,29.8184955],[106.412976,29.8184249],[106.4129474,29.8183795],[106.4128486,29.8184209]]]},"properties":{"kind":"building","name":"竹园F栋","highway":"","source_url":"https://www.openstreetmap.org/way/840830760"}},{"type":"Feature","geometry":{"type":"Polygon","coordinates":[[[106.4127613,29.8184964],[106.412869,29.8184602],[106.4128585,29.8184401],[106.4127539,29.8184744],[106.4127613,29.8184964]]]},"properties":{"kind":"building","name":"","highway":"","source_url":"https://www.openstreetmap.org/way/840830761"}},{"type":"Feature","geometry":{"type":"Polygon","coordinates":[[[106.4131142,29.8187593],[106.4130908,29.8187385],[106.4129809,29.8187659],[106.4129883,29.8187881],[106.4131142,29.8187593]]]},"properties":{"kind":"building","name":"","highway":"","source_url":"https://www.openstreetmap.org/way/840830762"}},{"type":"Feature","geometry":{"type":"Polygon","coordinates":[[[106.4136381,29.8193176],[106.4136304,29.8192945],[106.413753,29.8192632],[106.4137637,29.8192851],[106.4136381,29.8193176]]]},"properties":{"kind":"building","name":"","highway":"","source_url":"https://www.openstreetmap.org/way/840830763"}},{"type":"Feature","geometry":{"type":"Polygon","coordinates":[[[106.4134066,29.8190393],[106.4133985,29.8190149],[106.4135233,29.8189832],[106.4135483,29.8190035],[106.4134066,29.8190393]]]},"properties":{"kind":"building","name":"","highway":"","source_url":"https://www.openstreetmap.org/way/840830764"}},{"type":"Feature","geometry":{"type":"LineString","coordinates":[[106.4136973,29.819304],[106.4137099,29.8193205],[106.4137134,29.819408],[106.4136936,29.8194299],[106.4136745,29.819451],[106.4136495,29.8194595],[106.4135754,29.8194848],[106.4134905,29.819517],[106.4134515,29.8195508],[106.4134427,29.81958],[106.4134277,29.8196264],[106.4134739,29.819717],[106.4135243,29.8198097],[106.4135641,29.8198743]]},"properties":{"kind":"road","name":"","highway":"service","source_url":"https://www.openstreetmap.org/way/840830767"}},{"type":"Feature","geometry":{"type":"LineString","coordinates":[[106.4135641,29.8198743],[106.4135706,29.8198967],[106.4135871,29.8199529],[106.4136124,29.8200293],[106.413585,29.8200775],[106.413543,29.8201128],[106.4134435,29.820178],[106.4133708,29.8202637],[106.4133033,29.8203604]]},"properties":{"kind":"road","name":"","highway":"service","source_url":"https://www.openstreetmap.org/way/840830768"}},{"type":"Feature","geometry":{"type":"Polygon","coordinates":[[[106.4116553,29.8190701],[106.4117269,29.8191113],[106.4117376,29.8190991],[106.4119654,29.8192295],[106.4119567,29.8192414],[106.4119922,29.8192618],[106.4120401,29.8191986],[106.4120558,29.8192081],[106.4121101,29.8191367],[106.4117884,29.8189539],[106.4117617,29.8189889],[106.4117306,29.8189722],[106.4116553,29.8190701]]]},"properties":{"kind":"building","name":"","highway":"","source_url":"https://www.openstreetmap.org/way/840830770"}},{"type":"Feature","geometry":{"type":"LineString","coordinates":[[106.4123407,29.8185063],[106.4123184,29.8184327],[106.4125012,29.8183698],[106.4124623,29.8182581],[106.4128419,29.8181685],[106.4128796,29.8183427],[106.4127246,29.8183761],[106.4124939,29.8184308],[106.4125038,29.8184647],[106.4123407,29.8185063]]},"properties":{"kind":"road","name":"","highway":"pedestrian","source_url":"https://www.openstreetmap.org/way/840842340"}},{"type":"Feature","geometry":{"type":"LineString","coordinates":[[106.4124591,29.8188047],[106.412415,29.8186757],[106.4126625,29.8186123],[106.4126784,29.8186361],[106.4127126,29.818648],[106.4127156,29.8186688],[106.4127223,29.8186898],[106.4127095,29.8187009],[106.4127025,29.8187201],[106.4127065,29.8187411],[106.4124591,29.8188047]]},"properties":{"kind":"road","name":"","highway":"footway","source_url":"https://www.openstreetmap.org/way/840842341"}},{"type":"Feature","geometry":{"type":"LineString","coordinates":[[106.4128831,29.818629],[106.4127557,29.8186586],[106.4127156,29.8186688]]},"properties":{"kind":"road","name":"","highway":"service","source_url":"https://www.openstreetmap.org/way/840842342"}},{"type":"Feature","geometry":{"type":"LineString","coordinates":[[106.4127557,29.8186586],[106.4127309,29.8185716]]},"properties":{"kind":"road","name":"","highway":"service","source_url":"https://www.openstreetmap.org/way/840842343"}},{"type":"Feature","geometry":{"type":"LineString","coordinates":[[106.4127759,29.819052],[106.4127691,29.8190306],[106.4127598,29.8190084],[106.4127293,29.819018],[106.4127061,29.8189533],[106.4129071,29.818902],[106.4129223,29.8189485],[106.4129316,29.8189485],[106.4129473,29.8189425],[106.4129558,29.8189275],[106.4129357,29.8188711],[106.4129664,29.8188636],[106.4129783,29.8188963],[106.4129864,29.8189194],[106.4130082,29.8189265],[106.4130333,29.8189253],[106.4130517,29.8189162],[106.4130662,29.818902],[106.4130741,29.8188779],[106.4131263,29.8188513],[106.4131935,29.8188739],[106.4132726,29.8189012],[106.4133236,29.8189203],[106.412939,29.8190116],[106.4129511,29.8190423],[106.4127872,29.8190833],[106.4127759,29.819052]]},"properties":{"kind":"road","name":"","highway":"pedestrian","source_url":"https://www.openstreetmap.org/way/840842344"}},{"type":"Feature","geometry":{"type":"LineString","coordinates":[[106.4127691,29.8190306],[106.4126921,29.819057]]},"properties":{"kind":"road","name":"","highway":"steps","source_url":"https://www.openstreetmap.org/way/840842346"}},{"type":"Feature","geometry":{"type":"LineString","coordinates":[[106.4126142,29.8192482],[106.4126294,29.8191998],[106.4126475,29.8191434],[106.4126921,29.819057],[106.4124266,29.8191349]]},"properties":{"kind":"road","name":"","highway":"path","source_url":"https://www.openstreetmap.org/way/840842347"}},{"type":"Feature","geometry":{"type":"LineString","coordinates":[[106.4135243,29.8198097],[106.4139717,29.8199932]]},"properties":{"kind":"road","name":"","highway":"path","source_url":"https://www.openstreetmap.org/way/840842348"}},{"type":"Feature","geometry":{"type":"LineString","coordinates":[[106.4139717,29.8199932],[106.4140832,29.81996],[106.4141515,29.8201505],[106.4143714,29.8201386],[106.4145842,29.8201329],[106.4146889,29.8200247],[106.4147396,29.8199513]]},"properties":{"kind":"road","name":"","highway":"steps","source_url":"https://www.openstreetmap.org/way/840842349"}},{"type":"Feature","geometry":{"type":"LineString","coordinates":[[106.4131453,29.819338],[106.4130993,29.8192088],[106.4133394,29.8191477],[106.4133513,29.8191707],[106.4133691,29.8192101],[106.4133811,29.8192478],[106.4133817,29.8192767],[106.4131453,29.819338]]},"properties":{"kind":"road","name":"","highway":"footway","source_url":"https://www.openstreetmap.org/way/840842350"}},{"type":"Feature","geometry":{"type":"LineString","coordinates":[[106.4135783,29.8191576],[106.4134371,29.8191911],[106.4133691,29.8192101]]},"properties":{"kind":"road","name":"","highway":"service","source_url":"https://www.openstreetmap.org/way/840842351"}},{"type":"Feature","geometry":{"type":"LineString","coordinates":[[106.4133699,29.8191152],[106.4134371,29.8191911]]},"properties":{"kind":"road","name":"","highway":"service","source_url":"https://www.openstreetmap.org/way/840842352"}},{"type":"Feature","geometry":{"type":"LineString","coordinates":[[106.4117796,29.8187403],[106.4124266,29.8191349],[106.4126142,29.8192482],[106.4131529,29.8195527],[106.4132548,29.8196133],[106.4134739,29.819717]]},"properties":{"kind":"road","name":"","highway":"service","source_url":"https://www.openstreetmap.org/way/840845616"}},{"type":"Feature","geometry":{"type":"LineString","coordinates":[[106.4136178,29.8193716],[106.4136495,29.8194595]]},"properties":{"kind":"road","name":"","highway":"service","source_url":"https://www.openstreetmap.org/way/840863402"}},{"type":"Feature","geometry":{"type":"LineString","coordinates":[[106.4137261,29.8195329],[106.4136936,29.8194299]]},"properties":{"kind":"road","name":"","highway":"path","source_url":"https://www.openstreetmap.org/way/840863403"}},{"type":"Feature","geometry":{"type":"LineString","coordinates":[[106.4121088,29.8182235],[106.4123703,29.818123],[106.4129453,29.8178974],[106.4129984,29.8178789],[106.4130673,29.8179051],[106.4134294,29.8181779],[106.4136018,29.8182423],[106.4137563,29.8182542],[106.4140815,29.8181727],[106.4142105,29.8181211],[106.4142837,29.8180918]]},"properties":{"kind":"road","name":"","highway":"footway","source_url":"https://www.openstreetmap.org/way/840863404"}},{"type":"Feature","geometry":{"type":"Polygon","coordinates":[[[106.4146689,29.8194064],[106.4145151,29.8189275],[106.4146779,29.8188882],[106.4147221,29.8190275],[106.4147733,29.8191892],[106.4148287,29.8193637],[106.4146689,29.8194064]]]},"properties":{"kind":"building","name":"楠园四舍","highway":"","source_url":"https://www.openstreetmap.org/way/840863405"}},{"type":"Feature","geometry":{"type":"Polygon","coordinates":[[[106.4150467,29.8191696],[106.4149035,29.8187153],[106.4154578,29.8185838],[106.4156022,29.8190421],[106.4154163,29.8190862],[106.4153108,29.8187515],[106.415269,29.8187614],[106.4152769,29.8187866],[106.4151623,29.8188138],[106.4151522,29.8187818],[106.4151036,29.8187933],[106.41521,29.8191308],[106.4150467,29.8191696]]]},"properties":{"kind":"building","name":"楠园一舍","highway":"","source_url":"https://www.openstreetmap.org/way/840863406"}},{"type":"Feature","geometry":{"type":"Polygon","coordinates":[[[106.4151709,29.8195354],[106.4151032,29.8193175],[106.4152317,29.8192875],[106.4152994,29.8195054],[106.4151709,29.8195354]]]},"properties":{"kind":"building","name":"电子信息工程学院","highway":"","source_url":"https://www.openstreetmap.org/way/840863409"}},{"type":"Feature","geometry":{"type":"Polygon","coordinates":[[[106.4149423,29.8195459],[106.4149955,29.8194256],[106.4150888,29.8194566],[106.4150357,29.8195769],[106.4149423,29.8195459]]]},"properties":{"kind":"building","name":"电子信息工程学院","highway":"","source_url":"https://www.openstreetmap.org/way/840863410"}},{"type":"Feature","geometry":{"type":"LineString","coordinates":[[106.4152704,29.8196216],[106.4151786,29.8196],[106.4147966,29.8196883]]},"properties":{"kind":"road","name":"","highway":"steps","source_url":"https://www.openstreetmap.org/way/840863411"}},{"type":"Feature","geometry":{"type":"LineString","coordinates":[[106.4147396,29.8199513],[106.4148524,29.8198662]]},"properties":{"kind":"road","name":"","highway":"path","source_url":"https://www.openstreetmap.org/way/840863412"}},{"type":"Feature","geometry":{"type":"Polygon","coordinates":[[[106.4142038,29.8203452],[106.4141944,29.8202161],[106.4142932,29.8202106],[106.4143077,29.8204076],[106.4142331,29.8204118],[106.4142281,29.8203438],[106.4142038,29.8203452]]]},"properties":{"kind":"building","name":"","highway":"","source_url":"https://www.openstreetmap.org/way/840863414"}},{"type":"Feature","geometry":{"type":"Polygon","coordinates":[[[106.4146408,29.8184646],[106.414599,29.8183365],[106.4146541,29.8183229],[106.4146029,29.8181663],[106.4147396,29.8181326],[106.4147117,29.8180473],[106.4151112,29.817949],[106.4151544,29.8180813],[106.4152489,29.8180581],[106.4152886,29.8181795],[106.4149474,29.8182634],[106.4149854,29.8183799],[106.4146408,29.8184646]]]},"properties":{"kind":"building","name":"药学院 中医药学院","highway":"","source_url":"https://www.openstreetmap.org/way/840863417"}},{"type":"Feature","geometry":{"type":"Polygon","coordinates":[[[106.4145371,29.8200023],[106.4146969,29.8199625],[106.4146869,29.8199324],[106.4145976,29.8196625],[106.4147375,29.8196276],[106.4146777,29.8194467],[106.4145173,29.8194867],[106.4145538,29.8195972],[106.4144146,29.8196319],[106.4145371,29.8200023]]]},"properties":{"kind":"building","name":"楠园八舍","highway":"","source_url":"https://www.openstreetmap.org/way/840863418"}},{"type":"Feature","geometry":{"type":"Polygon","coordinates":[[[106.414659,29.820392],[106.4146164,29.8202701],[106.4148506,29.8202086],[106.4147939,29.820046],[106.4150679,29.8199741],[106.4150769,29.8199999],[106.415104,29.8200776],[106.4148757,29.8201375],[106.4148881,29.8201729],[106.414927,29.8202845],[106.4149388,29.8203185],[106.414659,29.820392]]]},"properties":{"kind":"building","name":"楠园五舍","highway":"","source_url":"https://www.openstreetmap.org/way/840863419"}},{"type":"Feature","geometry":{"type":"LineString","coordinates":[[106.4147396,29.8199513],[106.4146869,29.8199324]]},"properties":{"kind":"road","name":"","highway":"path","source_url":"https://www.openstreetmap.org/way/840863420"}},{"type":"Feature","geometry":{"type":"LineString","coordinates":[[106.4150786,29.8199022],[106.4151115,29.819952],[106.4152224,29.819937],[106.4153022,29.8199581],[106.4153854,29.8200227],[106.4154235,29.82011],[106.4155223,29.8200889],[106.4156607,29.8203242],[106.4157816,29.8204402]]},"properties":{"kind":"road","name":"","highway":"footway","source_url":"https://www.openstreetmap.org/way/840863421"}},{"type":"Feature","geometry":{"type":"LineString","coordinates":[[106.4156607,29.8203242],[106.4161232,29.8200968]]},"properties":{"kind":"road","name":"","highway":"footway","source_url":"https://www.openstreetmap.org/way/840863422"}},{"type":"Feature","geometry":{"type":"LineString","coordinates":[[106.4149907,29.8202727],[106.414927,29.8202845],[106.4148757,29.8201375],[106.415104,29.8200776],[106.4150769,29.8199999],[106.4151832,29.8199932],[106.4152686,29.8200091],[106.4153238,29.8200308],[106.4153645,29.8200627],[106.4153974,29.8201265],[106.4154016,29.8201645],[106.4153249,29.8201847],[106.4151917,29.8202198],[106.4149907,29.8202727]]},"properties":{"kind":"road","name":"楠园文化广场","highway":"pedestrian","source_url":"https://www.openstreetmap.org/way/840863423"}},{"type":"Feature","geometry":{"type":"LineString","coordinates":[[106.4151917,29.8202198],[106.4151741,29.820167]]},"properties":{"kind":"road","name":"","highway":"steps","source_url":"https://www.openstreetmap.org/way/840863424"}},{"type":"Feature","geometry":{"type":"LineString","coordinates":[[106.4152032,29.8206089],[106.4151589,29.8204851]]},"properties":{"kind":"road","name":"","highway":"footway","source_url":"https://www.openstreetmap.org/way/840863425"}},{"type":"Feature","geometry":{"type":"Polygon","coordinates":[[[106.415898,29.8199045],[106.4159391,29.820038],[106.4155549,29.820127],[106.4155348,29.8200616],[106.4155138,29.8199934],[106.415898,29.8199045]]]},"properties":{"kind":"building","name":"楠园四舍","highway":"","source_url":"https://www.openstreetmap.org/way/840863426"}},{"type":"Feature","geometry":{"type":"Polygon","coordinates":[[[106.41283,29.8200154],[106.4128711,29.8199606],[106.4128272,29.8199372],[106.4128358,29.8199253],[106.4127642,29.8198729],[106.4127018,29.8198392],[106.4127149,29.8198229],[106.4126532,29.8197896],[106.4126606,29.8197807],[106.4125979,29.8197446],[106.4125784,29.8197705],[106.4125115,29.8197318],[106.4125724,29.8196482],[106.4127112,29.8194598],[106.4126438,29.8194235],[106.4126589,29.8194044],[106.4125742,29.8193585],[106.4123588,29.8196527],[106.4123334,29.8196386],[106.4123422,29.819627],[106.4123292,29.8196196],[106.4123637,29.8195741],[106.4122094,29.8194887],[106.4121747,29.8195354],[106.4121628,29.8195276],[106.4121542,29.8195389],[106.4121294,29.8195249],[106.4120762,29.8195986],[106.41283,29.8200154]]]},"properties":{"kind":"building","name":"竹园八舍","highway":"","source_url":"https://www.openstreetmap.org/way/840894848"}},{"type":"Feature","geometry":{"type":"Polygon","coordinates":[[[106.4121294,29.8195249],[106.4120762,29.8195986],[106.411509,29.8192824],[106.4115184,29.8192697],[106.4114911,29.8192543],[106.4116164,29.8190867],[106.4116287,29.8190936],[106.4116489,29.8190665],[106.4116553,29.8190701],[106.4117269,29.8191113],[106.4117371,29.8191161],[106.4116805,29.8191919],[106.4118708,29.819299],[106.4119558,29.8193467],[106.4119228,29.8193908],[106.4119375,29.8193991],[106.4119303,29.8194088],[106.4119797,29.8194366],[106.4121985,29.8191417],[106.4122402,29.8191643],[106.4122717,29.8192027],[106.4122636,29.8192132],[106.4123323,29.819249],[106.4121294,29.8195249]]]},"properties":{"kind":"building","name":"竹园七舍","highway":"","source_url":"https://www.openstreetmap.org/way/840894849"}},{"type":"Feature","geometry":{"type":"Polygon","coordinates":[[[106.4158594,29.81973],[106.4158148,29.8195858],[106.4157862,29.819593],[106.4157629,29.8195989],[106.4157559,29.8195778],[106.4152636,29.8197018],[106.4152704,29.8197222],[106.4152544,29.8197262],[106.4152392,29.81973],[106.415276,29.8198399],[106.4153128,29.8198307],[106.415321,29.819855],[106.4158594,29.81973]]]},"properties":{"kind":"building","name":"楠园六舍","highway":"","source_url":"https://www.openstreetmap.org/way/840894850"}},{"type":"Feature","geometry":{"type":"Polygon","coordinates":[[[106.4158594,29.81973],[106.4158148,29.8195858],[106.4158055,29.8195556],[106.4160111,29.8195077],[106.4160412,29.8196048],[106.4160596,29.8195955],[106.4161367,29.8198497],[106.4163434,29.8198025],[106.4162369,29.8194513],[106.4164366,29.8194057],[106.4165571,29.819803],[106.4163788,29.8198438],[106.4163919,29.8198896],[106.4160761,29.8199621],[106.4160937,29.8200232],[106.4159699,29.8200537],[106.4159454,29.8200598],[106.4158951,29.8198765],[106.4159925,29.8198541],[106.4159853,29.8198307],[106.4159313,29.8198431],[106.4159015,29.8197461],[106.4159463,29.8197358],[106.4159388,29.8197115],[106.4158594,29.81973]]]},"properties":{"kind":"building","name":"楠园九舍","highway":"","source_url":"https://www.openstreetmap.org/way/840894851"}},{"type":"Feature","geometry":{"type":"LineString","coordinates":[[106.4161476,29.8198358],[106.4162356,29.8198129],[106.4163253,29.8197939],[106.4162255,29.8194753],[106.4161371,29.819494],[106.4160477,29.8195172],[106.4161476,29.8198358]]},"properties":{"kind":"road","name":"","highway":"footway","source_url":"https://www.openstreetmap.org/way/840894853"}},{"type":"Feature","geometry":{"type":"LineString","coordinates":[[106.4161371,29.819494],[106.4161576,29.8195605],[106.4162145,29.8197444],[106.4162356,29.8198129]]},"properties":{"kind":"road","name":"","highway":"footway","source_url":"https://www.openstreetmap.org/way/840894854"}},{"type":"Feature","geometry":{"type":"LineString","coordinates":[[106.4160477,29.8195172],[106.4161576,29.8195605],[106.4162255,29.8194753]]},"properties":{"kind":"road","name":"","highway":"footway","source_url":"https://www.openstreetmap.org/way/840894855"}},{"type":"Feature","geometry":{"type":"LineString","coordinates":[[106.4161476,29.8198358],[106.4162145,29.8197444],[106.4163253,29.8197939]]},"properties":{"kind":"road","name":"","highway":"footway","source_url":"https://www.openstreetmap.org/way/840894856"}},{"type":"Feature","geometry":{"type":"Polygon","coordinates":[[[106.4159839,29.820107],[106.4159699,29.8200537],[106.4160937,29.8200232],[106.4160761,29.8199621],[106.4163919,29.8198896],[106.4163788,29.8198438],[106.4165571,29.819803],[106.4159839,29.820107]]]},"properties":{"kind":"building","name":"","highway":"","source_url":"https://www.openstreetmap.org/way/840894858"}},{"type":"Feature","geometry":{"type":"LineString","coordinates":[[106.4160394,29.8178251],[106.4155439,29.8179488],[106.4154716,29.8179792],[106.4154365,29.8180298],[106.4154482,29.8181251],[106.4155731,29.8184751],[106.4155697,29.8185293],[106.4155661,29.8185885],[106.4156145,29.8187385],[106.4156453,29.8188565],[106.415657,29.8189013],[106.4156499,29.818978],[106.4156393,29.8190364],[106.4155615,29.8191715],[106.4152704,29.8196216]]},"properties":{"kind":"road","name":"","highway":"service","source_url":"https://www.openstreetmap.org/way/840894859"}},{"type":"Feature","geometry":{"type":"Polygon","coordinates":[[[106.4160345,29.8194048],[106.4159603,29.8194198],[106.4158116,29.8189784],[106.4158229,29.8189734],[106.4158828,29.8189586],[106.4159987,29.8193111],[106.4160345,29.8194048]]]},"properties":{"kind":"building","name":"","highway":"","source_url":"https://www.openstreetmap.org/way/840894860"}},{"type":"Feature","geometry":{"type":"Polygon","coordinates":[[[106.4154214,29.8195513],[106.4153913,29.8195068],[106.4156762,29.8190278],[106.4157558,29.8190017],[106.4159045,29.8194362],[106.4154851,29.8195467],[106.4154214,29.8195513]]]},"properties":{"kind":"green","name":"","highway":"","source_url":"https://www.openstreetmap.org/way/840894861"}},{"type":"Feature","geometry":{"type":"Polygon","coordinates":[[[106.4161099,29.8184571],[106.416151,29.8185906],[106.4157668,29.8186796],[106.4157467,29.8186142],[106.4157257,29.818546],[106.4161099,29.8184571]]]},"properties":{"kind":"building","name":"楠园三舍","highway":"","source_url":"https://www.openstreetmap.org/way/840894862"}},{"type":"Feature","geometry":{"type":"LineString","coordinates":[[106.4155697,29.8185293],[106.4160586,29.8183979]]},"properties":{"kind":"road","name":"","highway":"path","source_url":"https://www.openstreetmap.org/way/840894863"}},{"type":"Feature","geometry":{"type":"LineString","coordinates":[[106.4156453,29.8188565],[106.4163388,29.8186742]]},"properties":{"kind":"road","name":"","highway":"service","source_url":"https://www.openstreetmap.org/way/840894864"}},{"type":"Feature","geometry":{"type":"LineString","coordinates":[[106.4160586,29.8183979],[106.4162255,29.8183527]]},"properties":{"kind":"road","name":"","highway":"steps","source_url":"https://www.openstreetmap.org/way/840894865"}},{"type":"Feature","geometry":{"type":"LineString","coordinates":[[106.4165447,29.8190392],[106.4164406,29.8187299],[106.4165165,29.8187076],[106.4166166,29.8190176],[106.4165447,29.8190392]]},"properties":{"kind":"road","name":"","highway":"pedestrian","source_url":"https://www.openstreetmap.org/way/840894868"}},{"type":"Feature","geometry":{"type":"LineString","coordinates":[[106.4164684,29.8190591],[106.4165447,29.8190392],[106.4166166,29.8190176]]},"properties":{"kind":"road","name":"","highway":"steps","source_url":"https://www.openstreetmap.org/way/840894869"}},{"type":"Feature","geometry":{"type":"LineString","coordinates":[[106.4163667,29.8187571],[106.4164406,29.8187299],[106.4165165,29.8187076]]},"properties":{"kind":"road","name":"","highway":"steps","source_url":"https://www.openstreetmap.org/way/840894870"}},{"type":"Feature","geometry":{"type":"Polygon","coordinates":[[[106.4156801,29.8175291],[106.4155954,29.8172631],[106.415714,29.8172337],[106.4157941,29.817505],[106.4156801,29.8175291]]]},"properties":{"kind":"building","name":"候光炯纪念馆","highway":"","source_url":"https://www.openstreetmap.org/way/840894871"}},{"type":"Feature","geometry":{"type":"LineString","coordinates":[[106.4159756,29.8176346],[106.415647,29.8177157]]},"properties":{"kind":"road","name":"","highway":"service","source_url":"https://www.openstreetmap.org/way/840894872"}},{"type":"Feature","geometry":{"type":"LineString","coordinates":[[106.4151276,29.8172179],[106.4152345,29.8173529],[106.4153069,29.8173623],[106.4154486,29.8173302],[106.4155164,29.8172888],[106.4155281,29.8171106]]},"properties":{"kind":"road","name":"","highway":"service","source_url":"https://www.openstreetmap.org/way/840894873"}},{"type":"Feature","geometry":{"type":"Polygon","coordinates":[[[106.4145133,29.8179607],[106.4144006,29.8176106],[106.4145241,29.8175807],[106.4145287,29.817595],[106.4146814,29.817558],[106.4146876,29.8175393],[106.4148304,29.8175016],[106.4148381,29.8175234],[106.4149957,29.8174818],[106.4149988,29.8174658],[106.4151284,29.8174344],[106.4152413,29.8177852],[106.415099,29.8178197],[106.4150763,29.8178252],[106.4150528,29.8177523],[106.4146574,29.8178482],[106.4146806,29.8179201],[106.414565,29.8179482],[106.4145133,29.8179607]]]},"properties":{"kind":"building","name":"西南大学法学院（38教学楼）","highway":"","source_url":"https://www.openstreetmap.org/way/840894874"}},{"type":"Feature","geometry":{"type":"LineString","coordinates":[[106.414565,29.8179482],[106.4145919,29.8180373]]},"properties":{"kind":"road","name":"","highway":"footway","source_url":"https://www.openstreetmap.org/way/840894875"}},{"type":"Feature","geometry":{"type":"LineString","coordinates":[[106.4151286,29.8179044],[106.415099,29.8178197]]},"properties":{"kind":"road","name":"","highway":"footway","source_url":"https://www.openstreetmap.org/way/840894876"}},{"type":"Feature","geometry":{"type":"LineString","coordinates":[[106.4141322,29.8174752],[106.4143367,29.8180867]]},"properties":{"kind":"road","name":"","highway":"steps","source_url":"https://www.openstreetmap.org/way/840894877"}},{"type":"Feature","geometry":{"type":"LineString","coordinates":[[106.4152975,29.8179824],[106.4153456,29.8181912],[106.4152359,29.8183006],[106.4150123,29.8183993],[106.4145917,29.8185233]]},"properties":{"kind":"road","name":"","highway":"footway","source_url":"https://www.openstreetmap.org/way/840894878"}},{"type":"Feature","geometry":{"type":"Polygon","coordinates":[[[106.4140945,29.8196108],[106.4143397,29.8196171],[106.4143454,29.8194511],[106.4144565,29.819454],[106.4144646,29.8192189],[106.4143225,29.8192152],[106.4143264,29.8191006],[106.414198,29.8190972],[106.414197,29.8191273],[106.4142598,29.8191289],[106.4142577,29.819191],[106.4141089,29.8191872],[106.4140945,29.8196108]]]},"properties":{"kind":"building","name":"","highway":"","source_url":"https://www.openstreetmap.org/way/840894879"}},{"type":"Feature","geometry":{"type":"LineString","coordinates":[[106.4161163,29.8180431],[106.4159862,29.8180804]]},"properties":{"kind":"road","name":"","highway":"steps","source_url":"https://www.openstreetmap.org/way/840894881"}},{"type":"Feature","geometry":{"type":"LineString","coordinates":[[106.4155697,29.8185293],[106.4151791,29.8186056]]},"properties":{"kind":"road","name":"","highway":"service","source_url":"https://www.openstreetmap.org/way/840894883"}},{"type":"Feature","geometry":{"type":"Polygon","coordinates":[[[106.4166095,29.817622],[106.4169746,29.8175231],[106.4170208,29.8175044],[106.4170717,29.8174683],[106.4171056,29.8174296],[106.4171395,29.8173788],[106.4171518,29.8173347],[106.4171533,29.8172932],[106.4171533,29.8172425],[106.4171395,29.8172024],[106.4170004,29.8167759],[106.4168287,29.8168281],[106.4169703,29.8172319],[106.4169791,29.8172872],[106.4169668,29.8173301],[106.4169455,29.8173562],[106.4169084,29.8173762],[106.4166005,29.817453],[106.4166235,29.8175297],[106.4165845,29.8175359],[106.4166095,29.817622]]]},"properties":{"kind":"building","name":"科技大楼","highway":"","source_url":"https://www.openstreetmap.org/way/840894884"}},{"type":"Feature","geometry":{"type":"LineString","coordinates":[[106.4157727,29.8170601],[106.416199,29.8169513]]},"properties":{"kind":"road","name":"","highway":"service","source_url":"https://www.openstreetmap.org/way/840894885"}},{"type":"Feature","geometry":{"type":"Polygon","coordinates":[[[106.4159731,29.8174626],[106.4158513,29.8171103],[106.416188,29.8170228],[106.4163097,29.8173751],[106.4159731,29.8174626]]]},"properties":{"kind":"green","name":"","highway":"","source_url":"https://www.openstreetmap.org/way/840894886"}},{"type":"Feature","geometry":{"type":"Polygon","coordinates":[[[106.4158164,29.8170147],[106.4157114,29.8167223],[106.4157825,29.816613],[106.4160753,29.8165248],[106.4161972,29.8169198],[106.4158164,29.8170147]]]},"properties":{"kind":"green","name":"","highway":"","source_url":"https://www.openstreetmap.org/way/840894887"}},{"type":"Feature","geometry":{"type":"Polygon","coordinates":[[[106.4163951,29.8173432],[106.4162783,29.8169563],[106.4166776,29.816851],[106.416743,29.8170434],[106.4167127,29.8171447],[106.4166449,29.8172278],[106.4166122,29.8172663],[106.4165562,29.8173048],[106.4163951,29.8173432]]]},"properties":{"kind":"green","name":"","highway":"","source_url":"https://www.openstreetmap.org/way/840894888"}},{"type":"Feature","geometry":{"type":"LineString","coordinates":[[106.4164593,29.8166682],[106.4164499,29.8166236],[106.4164488,29.8165892],[106.4164838,29.8165638],[106.4165025,29.8165578],[106.4165106,29.8165466],[106.416502,29.8165159]]},"properties":{"kind":"road","name":"","highway":"footway","source_url":"https://www.openstreetmap.org/way/840894892"}},{"type":"Feature","geometry":{"type":"LineString","coordinates":[[106.416199,29.8169513],[106.4160904,29.8166422],[106.416029,29.8164633]]},"properties":{"kind":"road","name":"","highway":"footway","source_url":"https://www.openstreetmap.org/way/840894893"}},{"type":"Feature","geometry":{"type":"LineString","coordinates":[[106.4162515,29.8166008],[106.4161778,29.8166218]]},"properties":{"kind":"road","name":"","highway":"steps","source_url":"https://www.openstreetmap.org/way/840894894"}},{"type":"Feature","geometry":{"type":"LineString","coordinates":[[106.4161778,29.8166218],[106.4160904,29.8166422]]},"properties":{"kind":"road","name":"","highway":"footway","source_url":"https://www.openstreetmap.org/way/840894895"}},{"type":"Feature","geometry":{"type":"LineString","coordinates":[[106.4167186,29.8168088],[106.417117,29.8167068]]},"properties":{"kind":"road","name":"","highway":"footway","source_url":"https://www.openstreetmap.org/way/840894896"}},{"type":"Feature","geometry":{"type":"LineString","coordinates":[[106.4117375,29.8188004],[106.4121921,29.8190831],[106.4125493,29.8192949],[106.4127374,29.8194066],[106.4127555,29.8194285],[106.4127675,29.8194642],[106.4127689,29.8194887],[106.4127595,29.8195198],[106.4127048,29.8195954],[106.4126891,29.8196184],[106.4126828,29.8196467],[106.4126834,29.8196664],[106.4126891,29.8196894],[106.4127002,29.8197062],[106.4127142,29.8197217],[106.4127595,29.8197598],[106.412898,29.8198732],[106.4129954,29.819964],[106.4130398,29.8200143],[106.4130425,29.8200472],[106.4130264,29.8200736],[106.412954,29.8201707]]},"properties":{"kind":"road","name":"","highway":"service","source_url":"https://www.openstreetmap.org/way/840953768"}},{"type":"Feature","geometry":{"type":"LineString","coordinates":[[106.4117497,29.8191783],[106.4120102,29.8193246],[106.4121921,29.8190831]]},"properties":{"kind":"road","name":"","highway":"footway","source_url":"https://www.openstreetmap.org/way/840953769"}},{"type":"Feature","geometry":{"type":"Polygon","coordinates":[[[106.4122094,29.8194887],[106.4122264,29.8194616],[106.41221,29.819452],[106.4122641,29.8193785],[106.4124553,29.8194836],[106.4124014,29.8195576],[106.4123847,29.8195489],[106.4123637,29.8195741],[106.4122094,29.8194887]]]},"properties":{"kind":"building","name":"","highway":"","source_url":"https://www.openstreetmap.org/way/840953770"}},{"type":"Feature","geometry":{"type":"Polygon","coordinates":[[[106.4133893,29.8203286],[106.4134357,29.8202661],[106.4134547,29.820251],[106.4134737,29.8202617],[106.413518,29.8202028],[106.4137957,29.8203562],[106.4140636,29.8203652],[106.4140627,29.8204017],[106.4140936,29.8204026],[106.4140922,29.820438],[106.4141349,29.8204397],[106.4141307,29.8205335],[106.4137355,29.8205189],[106.4133893,29.8203286]]]},"properties":{"kind":"building","name":"留学生公寓","highway":"","source_url":"https://www.openstreetmap.org/way/840953773"}},{"type":"Feature","geometry":{"type":"LineString","coordinates":[[106.4137164,29.8205904],[106.4138586,29.8206984],[106.4139621,29.8206885],[106.4139653,29.8207664],[106.414033,29.8208062],[106.4141408,29.8210138],[106.4142059,29.8212258],[106.414397,29.8215503],[106.4144123,29.8215857],[106.4145393,29.8218783],[106.4147019,29.8220794],[106.4147954,29.8221323],[106.4149499,29.8221287]]},"properties":{"kind":"road","name":"","highway":"service","source_url":"https://www.openstreetmap.org/way/840953776"}},{"type":"Feature","geometry":{"type":"LineString","coordinates":[[106.4139653,29.8207664],[106.4138659,29.8208759],[106.4137528,29.8210453],[106.4136728,29.82109],[106.4133987,29.8212431],[106.4134179,29.8213468],[106.4136197,29.8215697],[106.4139232,29.8219047],[106.413949,29.8219332],[106.4143352,29.8223428],[106.4145927,29.8224871],[106.4147376,29.8225196],[106.4149253,29.8224777],[106.4150433,29.8224917],[106.4151023,29.8225662]]},"properties":{"kind":"road","name":"","highway":"service","source_url":"https://www.openstreetmap.org/way/840953777"}},{"type":"Feature","geometry":{"type":"LineString","coordinates":[[106.4151023,29.8225662],[106.414641,29.8227709],[106.4140402,29.8226592],[106.413949,29.8225848]]},"properties":{"kind":"road","name":"","highway":"footway","source_url":"https://www.openstreetmap.org/way/840953778"}},{"type":"Feature","geometry":{"type":"LineString","coordinates":[[106.413949,29.8225848],[106.4135909,29.8223243],[106.4134928,29.8221663],[106.41332,29.821826],[106.4132547,29.8217207],[106.4130819,29.8216275],[106.4129838,29.8212304],[106.4131799,29.8211899],[106.4133987,29.8212431]]},"properties":{"kind":"road","name":"","highway":"footway","source_url":"https://www.openstreetmap.org/way/840953779"}},{"type":"Feature","geometry":{"type":"LineString","coordinates":[[106.4134928,29.8221663],[106.4139232,29.8219047]]},"properties":{"kind":"road","name":"","highway":"footway","source_url":"https://www.openstreetmap.org/way/840953780"}},{"type":"Feature","geometry":{"type":"LineString","coordinates":[[106.4132547,29.8217207],[106.4136197,29.8215697]]},"properties":{"kind":"road","name":"","highway":"footway","source_url":"https://www.openstreetmap.org/way/840953781"}},{"type":"Feature","geometry":{"type":"LineString","coordinates":[[106.413949,29.8225848],[106.4143352,29.8223428],[106.4145273,29.8222048],[106.4147019,29.8220794]]},"properties":{"kind":"road","name":"","highway":"footway","source_url":"https://www.openstreetmap.org/way/840953782"}},{"type":"Feature","geometry":{"type":"LineString","coordinates":[[106.4139232,29.8219047],[106.4141322,29.8217684],[106.4144123,29.8215857]]},"properties":{"kind":"road","name":"","highway":"footway","source_url":"https://www.openstreetmap.org/way/840953783"}},{"type":"Feature","geometry":{"type":"LineString","coordinates":[[106.4136728,29.82109],[106.4141322,29.8217684],[106.4145273,29.8222048],[106.414767,29.8223358]]},"properties":{"kind":"road","name":"","highway":"footway","source_url":"https://www.openstreetmap.org/way/840953784"}},{"type":"Feature","geometry":{"type":"LineString","coordinates":[[106.414641,29.8227709],[106.4147376,29.8225196],[106.414767,29.8223358],[106.4147954,29.8221323]]},"properties":{"kind":"road","name":"","highway":"footway","source_url":"https://www.openstreetmap.org/way/840953785"}},{"type":"Feature","geometry":{"type":"LineString","coordinates":[[106.4111643,29.8187344],[106.4108918,29.8187813]]},"properties":{"kind":"road","name":"","highway":"footway","source_url":"https://www.openstreetmap.org/way/840953788"}},{"type":"Feature","geometry":{"type":"Polygon","coordinates":[[[106.410843,29.8169512],[106.4106083,29.8163052],[106.4109909,29.8162027],[106.4113832,29.8160975],[106.4116186,29.8167626],[106.4112295,29.8168572],[106.410843,29.8169512]]]},"properties":{"kind":"green","name":"","highway":"","source_url":"https://www.openstreetmap.org/way/840969982"}},{"type":"Feature","geometry":{"type":"LineString","coordinates":[[106.4100559,29.8171343],[106.4099635,29.8170637],[106.4098562,29.81693],[106.4098073,29.8167995],[106.4098062,29.816678],[106.4098699,29.8165128],[106.4099847,29.8164086],[106.4101474,29.8163375],[106.4113459,29.8160271],[106.4115047,29.815988],[106.411672,29.8160126],[106.4117958,29.8161004],[106.4118922,29.8162732],[106.4119541,29.8164468],[106.411952,29.8166165],[106.4118751,29.8167448],[106.4117393,29.816847],[106.4104811,29.8171903],[106.4104688,29.8171936],[106.4103229,29.8172173],[106.4101547,29.8171842],[106.4100559,29.8171343]]},"properties":{"kind":"road","name":"西南大学第5运动场","highway":"service","source_url":"https://www.openstreetmap.org/way/840969983"}},{"type":"Feature","geometry":{"type":"LineString","coordinates":[[106.412198,29.8167427],[106.4117393,29.816847]]},"properties":{"kind":"road","name":"","highway":"service","source_url":"https://www.openstreetmap.org/way/840969984"}},{"type":"Feature","geometry":{"type":"LineString","coordinates":[[106.4118233,29.8155801],[106.4115188,29.8156683],[106.4113525,29.8156845],[106.4112593,29.8156881],[106.4111478,29.8156512],[106.4110923,29.8155472],[106.4109366,29.8150812],[106.4109284,29.8150062],[106.4109997,29.8149369],[106.4110615,29.8149059]]},"properties":{"kind":"road","name":"","highway":"service","source_url":"https://www.openstreetmap.org/way/840969985"}},{"type":"Feature","geometry":{"type":"Polygon","coordinates":[[[106.4124066,29.8146656],[106.4125717,29.8146253],[106.4124919,29.8143793],[106.4127418,29.8143182],[106.4127836,29.8144472],[106.412945,29.8144078],[106.412886,29.8142259],[106.4128602,29.8142322],[106.4128328,29.8141479],[106.4123612,29.814263],[106.4124097,29.8144125],[106.4123307,29.8144318],[106.4124066,29.8146656]]]},"properties":{"kind":"building","name":"食品科学学院","highway":"","source_url":"https://www.openstreetmap.org/way/840969992"}},{"type":"Feature","geometry":{"type":"Polygon","coordinates":[[[106.4117922,29.8141886],[106.4117253,29.8139927],[106.4117759,29.8139821],[106.4118391,29.8139875],[106.4118914,29.8139995],[106.41195,29.8140343],[106.4119885,29.8140744],[106.4120131,29.8141078],[106.4120226,29.8141294],[106.4117922,29.8141886]]]},"properties":{"kind":"building","name":"","highway":"","source_url":"https://www.openstreetmap.org/way/840969993"}},{"type":"Feature","geometry":{"type":"LineString","coordinates":[[106.4127435,29.8139886],[106.4122887,29.8137866]]},"properties":{"kind":"road","name":"","highway":"footway","source_url":"https://www.openstreetmap.org/way/840970000"}},{"type":"Feature","geometry":{"type":"LineString","coordinates":[[106.4107621,29.8137472],[106.4107009,29.8135585],[106.4108189,29.813512],[106.4112526,29.8134531],[106.4112963,29.8134491],[106.4113446,29.8135655]]},"properties":{"kind":"road","name":"","highway":"service","source_url":"https://www.openstreetmap.org/way/840970002"}},{"type":"Feature","geometry":{"type":"Polygon","coordinates":[[[106.4122015,29.8134564],[106.412388,29.8135219],[106.4124219,29.8134492],[106.4123207,29.8134136],[106.4123421,29.8133678],[106.4122568,29.8133378],[106.4122015,29.8134564]]]},"properties":{"kind":"building","name":"","highway":"","source_url":"https://www.openstreetmap.org/way/840970005"}},{"type":"Feature","geometry":{"type":"Polygon","coordinates":[[[106.4112526,29.8134531],[106.4116333,29.8133846],[106.4116135,29.8133018],[106.4112328,29.8133703],[106.4112526,29.8134531]]]},"properties":{"kind":"building","name":"","highway":"","source_url":"https://www.openstreetmap.org/way/840970006"}},{"type":"Feature","geometry":{"type":"LineString","coordinates":[[106.4108874,29.8191307],[106.4108465,29.819165],[106.4107566,29.8191661],[106.4107056,29.8191312],[106.4106868,29.8190777],[106.410452,29.818981],[106.4099293,29.8187659],[106.4098742,29.8187432],[106.4099105,29.8187132],[106.4099411,29.8186638],[106.409952,29.8186463],[106.4099778,29.8185959],[106.4100499,29.8186275],[106.4105449,29.8188442],[106.4107269,29.8189239],[106.4107838,29.818908],[106.4108489,29.8189027],[106.4108775,29.8189073],[106.4109261,29.8189151],[106.4110001,29.8190344],[106.410959,29.8190693],[106.4109904,29.8190967],[106.4109548,29.8191279],[106.4109196,29.819159],[106.4108874,29.8191307]]},"properties":{"kind":"road","name":"","highway":"footway","source_url":"https://www.openstreetmap.org/way/840987823"}},{"type":"Feature","geometry":{"type":"LineString","coordinates":[[106.4125965,29.8166555],[106.4127154,29.8169936],[106.4131017,29.8168922],[106.4132927,29.8174803]]},"properties":{"kind":"road","name":"","highway":"service","source_url":"https://www.openstreetmap.org/way/840987844"}},{"type":"Feature","geometry":{"type":"Polygon","coordinates":[[[106.4123305,29.8166461],[106.4122254,29.8166036],[106.412076,29.816168],[106.4121063,29.8161052],[106.4123438,29.8160445],[106.4124472,29.8160181],[106.412634,29.816563],[106.4123305,29.8166461]]]},"properties":{"kind":"green","name":"盆景园","highway":"","source_url":"https://www.openstreetmap.org/way/840987845"}},{"type":"Feature","geometry":{"type":"LineString","coordinates":[[106.4119937,29.8160891],[106.4124734,29.8159662],[106.4129378,29.8158403],[106.4133883,29.8157182]]},"properties":{"kind":"road","name":"","highway":"service","source_url":"https://www.openstreetmap.org/way/840987846"}},{"type":"Feature","geometry":{"type":"Polygon","coordinates":[[[106.4124734,29.8159662],[106.4123481,29.8156146],[106.4128188,29.8154885],[106.4133209,29.8153539],[106.4134461,29.8157054],[106.4124734,29.8159662]]]},"properties":{"kind":"green","name":"","highway":"","source_url":"https://www.openstreetmap.org/way/840987849"}},{"type":"Feature","geometry":{"type":"LineString","coordinates":[[106.413403,29.8154226],[106.4128507,29.8155855],[106.4129378,29.8158403]]},"properties":{"kind":"road","name":"","highway":"footway","source_url":"https://www.openstreetmap.org/way/840987850"}},{"type":"Feature","geometry":{"type":"LineString","coordinates":[[106.4128507,29.8155855],[106.4128188,29.8154885]]},"properties":{"kind":"road","name":"","highway":"steps","source_url":"https://www.openstreetmap.org/way/840987851"}},{"type":"Feature","geometry":{"type":"Polygon","coordinates":[[[106.4151551,29.8209924],[106.41515,29.8208237],[106.4151969,29.8208225],[106.4151987,29.8208473],[106.4155516,29.8208391],[106.415556,29.8209832],[106.4151551,29.8209924]]]},"properties":{"kind":"building","name":"楠园二舍","highway":"","source_url":"https://www.openstreetmap.org/way/842727306"}},{"type":"Feature","geometry":{"type":"LineString","coordinates":[[106.4151357,29.8206129],[106.4151378,29.8207543],[106.41514,29.8208239],[106.415145,29.8209929]]},"properties":{"kind":"road","name":"","highway":"service","source_url":"https://www.openstreetmap.org/way/842727307"}},{"type":"Feature","geometry":{"type":"LineString","coordinates":[[106.4151378,29.8207543],[106.4151946,29.8207529],[106.4151969,29.8208225],[106.41515,29.8208237],[106.41514,29.8208239],[106.4151378,29.8207543]]},"properties":{"kind":"road","name":"","highway":"pedestrian","source_url":"https://www.openstreetmap.org/way/842727308"}},{"type":"Feature","geometry":{"type":"Polygon","coordinates":[[[106.4172581,29.8205101],[106.4170012,29.8201883],[106.4172311,29.8200502],[106.4172941,29.8201291],[106.4173608,29.8200891],[106.4175689,29.8203499],[106.4176249,29.8204201],[106.4174916,29.8205001],[106.417666,29.8207188],[106.4177389,29.820675],[106.41781,29.8207641],[106.4177613,29.8207934],[106.4178755,29.8209364],[106.4175953,29.8211047],[106.4175353,29.8210295],[106.4170746,29.8213064],[106.4168287,29.8209984],[106.417156,29.8208017],[106.4170318,29.8206461],[106.4172581,29.8205101]]]},"properties":{"kind":"building","name":"西南大学校史馆","highway":"","source_url":"https://www.openstreetmap.org/way/842727309"}},{"type":"Feature","geometry":{"type":"LineString","coordinates":[[106.4167582,29.8198723],[106.4170328,29.8202921],[106.4170745,29.8203555],[106.4170869,29.820411],[106.4170764,29.8205018],[106.4170006,29.8205447],[106.4169649,29.8206301],[106.4170038,29.8207104],[106.417022,29.8207752],[106.4169964,29.8208287],[106.4169472,29.8208643],[106.416864,29.8209124],[106.4168002,29.8209579],[106.4167299,29.8210431],[106.4167411,29.8211266],[106.4168027,29.8212226],[106.4170207,29.8214335],[106.4165324,29.8218181],[106.4164227,29.8219098],[106.4163698,29.8219733],[106.4163454,29.8222343],[106.4162158,29.8232677],[106.4161909,29.8234653],[106.4162479,29.8235887],[106.416321,29.8236769],[106.4163984,29.8237487],[106.4164752,29.8238012],[106.416563,29.8238676],[106.4167203,29.8239639],[106.4168908,29.824033]]},"properties":{"kind":"road","name":"","highway":"service","source_url":"https://www.openstreetmap.org/way/842727310"}},{"type":"Feature","geometry":{"type":"Polygon","coordinates":[[[106.4136557,29.8150765],[106.4136374,29.8150243],[106.413852,29.8149678],[106.4138703,29.81502],[106.4136557,29.8150765]]]},"properties":{"kind":"building","name":"","highway":"","source_url":"https://www.openstreetmap.org/way/842727315"}},{"type":"Feature","geometry":{"type":"Polygon","coordinates":[[[106.413954,29.8151428],[106.4138943,29.8149588],[106.4140614,29.8149181],[106.4141193,29.8150967],[106.4140608,29.815111],[106.41407,29.8151394],[106.4140254,29.8151503],[106.4140179,29.8151272],[106.413954,29.8151428]]]},"properties":{"kind":"building","name":"","highway":"","source_url":"https://www.openstreetmap.org/way/842727316"}},{"type":"Feature","geometry":{"type":"Polygon","coordinates":[[[106.4141097,29.8149685],[106.4140841,29.814897],[106.4143035,29.8148377],[106.4143291,29.8149092],[106.4141097,29.8149685]]]},"properties":{"kind":"building","name":"","highway":"","source_url":"https://www.openstreetmap.org/way/842727317"}},{"type":"Feature","geometry":{"type":"Polygon","coordinates":[[[106.4145862,29.8154022],[106.4145613,29.8153184],[106.4150855,29.8152016],[106.4151103,29.8152853],[106.4145862,29.8154022]]]},"properties":{"kind":"building","name":"家蚕基因资源库","highway":"","source_url":"https://www.openstreetmap.org/way/842727318"}},{"type":"Feature","geometry":{"type":"Polygon","coordinates":[[[106.4155887,29.8151597],[106.416041,29.8150587],[106.4161431,29.8150153],[106.416255,29.8147955],[106.4157643,29.8146403],[106.415528,29.8150807],[106.415542,29.8151394],[106.4155887,29.8151597]]]},"properties":{"kind":"water","name":"","highway":"","source_url":"https://www.openstreetmap.org/way/842727319"}},{"type":"Feature","geometry":{"type":"Polygon","coordinates":[[[106.4153301,29.8146192],[106.4149723,29.8144719],[106.4148719,29.8145904],[106.4151404,29.8149571],[106.4153301,29.8146192]]]},"properties":{"kind":"water","name":"","highway":"","source_url":"https://www.openstreetmap.org/way/842727320"}},{"type":"Feature","geometry":{"type":"Polygon","coordinates":[[[106.4153597,29.8149656],[106.415507,29.8146909],[106.4153478,29.8146227],[106.4152036,29.8149026],[106.4153597,29.8149656]]]},"properties":{"kind":"water","name":"","highway":"","source_url":"https://www.openstreetmap.org/way/842727321"}},{"type":"Feature","geometry":{"type":"Polygon","coordinates":[[[106.4155751,29.8145639],[106.4157643,29.8146403],[106.415528,29.8150807],[106.4153622,29.8150704],[106.4151579,29.814988],[106.4152036,29.8149026],[106.4153597,29.8149656],[106.415507,29.8146909],[106.4155751,29.8145639]]]},"properties":{"kind":"building","name":"","highway":"","source_url":"https://www.openstreetmap.org/way/842727322"}},{"type":"Feature","geometry":{"type":"LineString","coordinates":[[106.4168776,29.8162475],[106.4167136,29.8156625],[106.4167673,29.8156342],[106.4172063,29.8155207]]},"properties":{"kind":"road","name":"","highway":"service","source_url":"https://www.openstreetmap.org/way/842727327"}},{"type":"Feature","geometry":{"type":"Polygon","coordinates":[[[106.4167561,29.8151629],[106.4169002,29.8150354],[106.4170119,29.8151304],[106.4169759,29.8151623],[106.4169497,29.8151399],[106.4169105,29.8151746],[106.4168894,29.8151566],[106.4168204,29.8152176],[106.4167561,29.8151629]]]},"properties":{"kind":"building","name":"Property Management Centre, S.W.U","highway":"","source_url":"https://www.openstreetmap.org/way/842727329"}},{"type":"Feature","geometry":{"type":"Polygon","coordinates":[[[106.4172722,29.8160442],[106.4172676,29.8160001],[106.4172013,29.8160188],[106.4172005,29.8159905],[106.4171987,29.815975],[106.4173105,29.815941],[106.4173268,29.8159432],[106.417342,29.8159529],[106.4173156,29.816008],[106.4173339,29.816027],[106.4173197,29.8160459],[106.4172722,29.8160442]]]},"properties":{"kind":"building","name":"","highway":"","source_url":"https://www.openstreetmap.org/way/842765831"}},{"type":"Feature","geometry":{"type":"Polygon","coordinates":[[[106.4172942,29.8163145],[106.4172841,29.8162687],[106.4173406,29.8162594],[106.4173241,29.8161843],[106.4173626,29.8161684],[106.4173934,29.8162244],[106.4174854,29.81628],[106.4174632,29.8163077],[106.4174127,29.8162772],[106.4173433,29.8162887],[106.417347,29.8163058],[106.4172942,29.8163145]]]},"properties":{"kind":"building","name":"","highway":"","source_url":"https://www.openstreetmap.org/way/842765832"}},{"type":"Feature","geometry":{"type":"LineString","coordinates":[[106.4194251,29.8183447],[106.4193515,29.8183872],[106.4178022,29.8192804],[106.4174189,29.8194911]]},"properties":{"kind":"road","name":"","highway":"service","source_url":"https://www.openstreetmap.org/way/842765834"}},{"type":"Feature","geometry":{"type":"Polygon","coordinates":[[[106.4181725,29.8200907],[106.4183259,29.81999],[106.4184298,29.8201092],[106.4185947,29.820072],[106.4186255,29.820175],[106.4184952,29.8202044],[106.418348,29.8202895],[106.4182793,29.820378],[106.4181835,29.8203219],[106.4182733,29.8202064],[106.4181725,29.8200907]]]},"properties":{"kind":"building","name":"","highway":"","source_url":"https://www.openstreetmap.org/way/842765835"}},{"type":"Feature","geometry":{"type":"Polygon","coordinates":[[[106.4170178,29.8216167],[106.4172739,29.8218072],[106.4175219,29.8216414],[106.4177923,29.8214121],[106.4175565,29.8212164],[106.4174142,29.8212587],[106.4170178,29.8216167]]]},"properties":{"kind":"building","name":"第二游泳池","highway":"","source_url":"https://www.openstreetmap.org/way/842765836"}},{"type":"Feature","geometry":{"type":"Polygon","coordinates":[[[106.4180351,29.8220381],[106.4185634,29.8217834],[106.4189315,29.8223581],[106.418842,29.8224012],[106.4189055,29.8225005],[106.4188338,29.8225351],[106.418785,29.8227256],[106.4187318,29.8227727],[106.418655,29.8227075],[106.4186303,29.8227294],[106.4185382,29.8226513],[106.4185746,29.8226191],[106.418486,29.8225439],[106.4185091,29.8225234],[106.4185538,29.8224838],[106.4185163,29.8224521],[106.4186739,29.8223124],[106.4184969,29.8220361],[106.4181431,29.8222067],[106.4180351,29.8220381]]]},"properties":{"kind":"building","name":"材料与能源学部","highway":"","source_url":"https://www.openstreetmap.org/way/842765837"}},{"type":"Feature","geometry":{"type":"Polygon","coordinates":[[[106.4175556,29.8225617],[106.4177887,29.8225761],[106.4177927,29.8225272],[106.4177994,29.8224462],[106.4177259,29.8224417],[106.4177279,29.8224173],[106.4180836,29.8224394],[106.418087,29.8223985],[106.4181178,29.8224004],[106.4181242,29.8223236],[106.4181572,29.8223256],[106.4181584,29.8223118],[106.4176627,29.8222809],[106.4176541,29.8223845],[106.4175934,29.8223808],[106.417587,29.8224579],[106.4175643,29.8224565],[106.4175556,29.8225617]]]},"properties":{"kind":"building","name":"网络与继续教育学院","highway":"","source_url":"https://www.openstreetmap.org/way/842765838"}},{"type":"Feature","geometry":{"type":"LineString","coordinates":[[106.4189919,29.8220694],[106.4185024,29.8223578],[106.4184354,29.8223648],[106.4181467,29.8223684]]},"properties":{"kind":"road","name":"","highway":"service","source_url":"https://www.openstreetmap.org/way/842765839"}},{"type":"Feature","geometry":{"type":"LineString","coordinates":[[106.4181044,29.8214753],[106.4185096,29.8212171],[106.4186683,29.821395],[106.418234,29.8216633],[106.4182258,29.8216526],[106.4181044,29.8214753]]},"properties":{"kind":"road","name":"","highway":"pedestrian","source_url":"https://www.openstreetmap.org/way/842765840"}},{"type":"Feature","geometry":{"type":"LineString","coordinates":[[106.4184078,29.8211031],[106.417924,29.8214177],[106.4174663,29.8217154],[106.4174019,29.8217619],[106.4173858,29.8218108],[106.4176453,29.8221251],[106.4177008,29.8221652],[106.4177439,29.8221545],[106.4187666,29.8215051]]},"properties":{"kind":"road","name":"","highway":"service","source_url":"https://www.openstreetmap.org/way/842765841"}},{"type":"Feature","geometry":{"type":"LineString","coordinates":[[106.4177008,29.8221652],[106.4171739,29.8225154],[106.4171709,29.8225929],[106.4174944,29.8229938],[106.4176352,29.8231749]]},"properties":{"kind":"road","name":"","highway":"footway","source_url":"https://www.openstreetmap.org/way/842765842"}},{"type":"Feature","geometry":{"type":"LineString","coordinates":[[106.4189527,29.8223136],[106.4190805,29.8225302],[106.4194819,29.8230319],[106.4196569,29.8232398],[106.4198063,29.8234207],[106.4199326,29.823623],[106.4199607,29.8237436],[106.4199447,29.8239154],[106.4198989,29.8240589],[106.4198047,29.8242203]]},"properties":{"kind":"road","name":"","highway":"service","source_url":"https://www.openstreetmap.org/way/842765843"}},{"type":"Feature","geometry":{"type":"LineString","coordinates":[[106.4217789,29.8250959],[106.4211379,29.8250165],[106.4208316,29.8249148],[106.4208124,29.8249084],[106.4207914,29.8248959],[106.4204815,29.824712],[106.4201358,29.8244846],[106.4200142,29.8244186],[106.4198655,29.8242985],[106.4198047,29.8242203],[106.4197519,29.8241792],[106.4195993,29.8240759],[106.4192724,29.8239219],[106.4190529,29.8238125],[106.4184181,29.8232827],[106.4182272,29.8231252],[106.4181433,29.8230924],[106.4180381,29.823078],[106.4179136,29.823082],[106.4176352,29.8231749],[106.4174604,29.8232332],[106.4173577,29.8232818],[106.4172643,29.8233628],[106.417153,29.8234862],[106.4170121,29.8236424],[106.4169233,29.8238287],[106.4168908,29.824033],[106.4168953,29.8241448],[106.4169233,29.8243311],[106.4169433,29.8243755],[106.4170308,29.8245702],[106.4173894,29.8251923],[106.4175912,29.8255425],[106.417778,29.8257856],[106.4179024,29.8258925],[106.4180522,29.8259924],[106.4181282,29.8260449],[106.4181936,29.826085],[106.4182953,29.8261225],[106.418329,29.8261381],[106.4185342,29.8261951],[106.4185765,29.8262069],[106.4188474,29.8262434],[106.4190155,29.8262961],[106.4193751,29.8266648],[106.4194732,29.826843],[106.4195339,29.8270213],[106.4195661,29.8272037],[106.4195832,29.8273166],[106.4195682,29.8275631],[106.4194619,29.8277181],[106.4193835,29.8278066],[106.4193055,29.8279105],[106.4196992,29.8281236],[106.4200415,29.8283036],[106.4208106,29.8286901],[106.4218897,29.8292323],[106.422167,29.8293873],[106.4223396,29.8295744],[106.422506,29.8298952],[106.422506,29.8301037],[106.4224628,29.8304565],[106.4224607,29.8306065]]},"properties":{"kind":"road","name":"","highway":"service","source_url":"https://www.openstreetmap.org/way/842765844"}},{"type":"Feature","geometry":{"type":"LineString","coordinates":[[106.4197519,29.8241792],[106.4198184,29.8240636],[106.4198795,29.8239144],[106.4198937,29.8238299],[106.4198953,29.8237799],[106.4198816,29.8237022],[106.419852,29.8236071],[106.4198424,29.8235924],[106.4198052,29.8235352],[106.4196109,29.8232834],[106.4195398,29.8231913],[106.4191681,29.822743],[106.4190867,29.8226509],[106.4190089,29.8225465],[106.4189646,29.8224713],[106.4189527,29.8223136]]},"properties":{"kind":"road","name":"","highway":"service","source_url":"https://www.openstreetmap.org/way/842765845"}},{"type":"Feature","geometry":{"type":"Polygon","coordinates":[[[106.4195166,29.8203891],[106.4196372,29.8205316],[106.4198502,29.820396],[106.4198839,29.8204359],[106.4201168,29.8202876],[106.420078,29.8202417],[106.4202205,29.820151],[106.4201784,29.8201012],[106.4202221,29.8200734],[106.4201599,29.8199999],[106.42012,29.8200253],[106.4201097,29.8200131],[106.4197271,29.8202565],[106.4197466,29.8202795],[106.4196838,29.8203194],[106.4196636,29.8202955],[106.4195166,29.8203891]]]},"properties":{"kind":"building","name":"体育学院","highway":"","source_url":"https://www.openstreetmap.org/way/842765846"}},{"type":"Feature","geometry":{"type":"Polygon","coordinates":[[[106.4202999,29.8213075],[106.4201161,29.8212144],[106.4201376,29.8211842],[106.4200732,29.8211214],[106.4200437,29.8210585],[106.419982,29.8210841],[106.4199391,29.820991],[106.4199257,29.820898],[106.4199847,29.8208933],[106.4199874,29.82077],[106.4200464,29.8206629],[106.4200062,29.8206257],[106.4201564,29.8204954],[106.4203414,29.8204232],[106.4203602,29.8204721],[106.4204836,29.8204581],[106.4205721,29.8204628],[106.4206365,29.8204768],[106.4206606,29.8204419],[106.4207733,29.8204837],[106.4208403,29.8205349],[106.4207974,29.8205792],[106.4208618,29.8206303],[106.4209074,29.8207002],[106.4209718,29.8206722],[106.4210066,29.820756],[106.4210093,29.8208724],[106.4209396,29.8208724],[106.4209584,29.8209724],[106.4209342,29.8210515],[106.4208966,29.8210888],[106.4209356,29.8211132],[106.4208578,29.8212004],[106.4207437,29.8212738],[106.4206164,29.8213168],[106.420603,29.8212738],[106.4204809,29.8212854],[106.4203978,29.8212796],[106.4203173,29.8212657],[106.4202999,29.8213075]]]},"properties":{"kind":"building","name":"西南大学体育中心","highway":"","source_url":"https://www.openstreetmap.org/way/842765847"}},{"type":"Feature","geometry":{"type":"Polygon","coordinates":[[[106.4178845,29.8167577],[106.4178601,29.8167055],[106.4179354,29.816679],[106.4179598,29.8167312],[106.4178845,29.8167577]]]},"properties":{"kind":"building","name":"","highway":"","source_url":"https://www.openstreetmap.org/way/843421712"}},{"type":"Feature","geometry":{"type":"Polygon","coordinates":[[[106.4179326,29.8168238],[106.4180018,29.8169629],[106.4180362,29.8169499],[106.4180612,29.8170001],[106.4181585,29.8169636],[106.418076,29.816798],[106.4179778,29.8168348],[106.417959,29.8168139],[106.4179326,29.8168238]]]},"properties":{"kind":"building","name":"","highway":"","source_url":"https://www.openstreetmap.org/way/843421713"}},{"type":"Feature","geometry":{"type":"Polygon","coordinates":[[[106.4183245,29.8174846],[106.4180813,29.8170385],[106.4181833,29.8169966],[106.4184266,29.8174427],[106.4183245,29.8174846]]]},"properties":{"kind":"building","name":"","highway":"","source_url":"https://www.openstreetmap.org/way/843421714"}},{"type":"Feature","geometry":{"type":"Polygon","coordinates":[[[106.4186132,29.8177582],[106.418418,29.8178402],[106.4184022,29.817812],[106.4183356,29.81784],[106.4182674,29.817718],[106.4183491,29.8176836],[106.4183198,29.8176312],[106.4183899,29.8176016],[106.4183582,29.8175449],[106.4183876,29.8175326],[106.4183678,29.8174971],[106.4184484,29.8174632],[106.4186132,29.8177582]]]},"properties":{"kind":"building","name":"","highway":"","source_url":"https://www.openstreetmap.org/way/843421715"}},{"type":"Feature","geometry":{"type":"Polygon","coordinates":[[[106.4183252,29.8182313],[106.4182859,29.8181675],[106.4183807,29.8181236],[106.4183192,29.8180238],[106.4184571,29.8179599],[106.4184131,29.8178884],[106.4186163,29.8177943],[106.418761,29.8180293],[106.4183252,29.8182313]]]},"properties":{"kind":"building","name":"","highway":"","source_url":"https://www.openstreetmap.org/way/843421716"}},{"type":"Feature","geometry":{"type":"Polygon","coordinates":[[[106.4185929,29.818135],[106.4189673,29.8184278],[106.4190012,29.8183983],[106.4191321,29.8184919],[106.4192184,29.8184117],[106.4190967,29.8183088],[106.4191152,29.8182901],[106.4190058,29.8182059],[106.4189796,29.8182273],[106.4188641,29.818123],[106.4188256,29.8181538],[106.4187609,29.8180816],[106.4187347,29.8180589],[106.41871,29.8180843],[106.4186884,29.8180749],[106.4185929,29.818135]]]},"properties":{"kind":"building","name":"","highway":"","source_url":"https://www.openstreetmap.org/way/843421717"}},{"type":"Feature","geometry":{"type":"Polygon","coordinates":[[[106.4180663,29.8195568],[106.4179603,29.8194163],[106.4190276,29.8188103],[106.4191337,29.818951],[106.4180663,29.8195568]]]},"properties":{"kind":"building","name":"","highway":"","source_url":"https://www.openstreetmap.org/way/843421718"}},{"type":"Feature","geometry":{"type":"Polygon","coordinates":[[[106.4190276,29.8188103],[106.4191337,29.818951],[106.4191633,29.8189995],[106.4192944,29.8190109],[106.4193734,29.8190177],[106.4195556,29.8188456],[106.4194762,29.8187726],[106.4191236,29.8187382],[106.4190276,29.8188103]]]},"properties":{"kind":"building","name":"","highway":"","source_url":"https://www.openstreetmap.org/way/843421719"}},{"type":"Feature","geometry":{"type":"Polygon","coordinates":[[[106.4195556,29.8188456],[106.4203588,29.819587],[106.420207,29.8197025],[106.4199899,29.8195303],[106.4196186,29.8192102],[106.4195369,29.8191859],[106.4192944,29.8190109],[106.4193734,29.8190177],[106.4195556,29.8188456]]]},"properties":{"kind":"building","name":"","highway":"","source_url":"https://www.openstreetmap.org/way/843421720"}},{"type":"Feature","geometry":{"type":"Polygon","coordinates":[[[106.4182457,29.8197717],[106.4184068,29.819717],[106.4185796,29.819719],[106.4185843,29.8195772],[106.4183882,29.8195833],[106.4181663,29.8196481],[106.4182457,29.8197717]]]},"properties":{"kind":"building","name":"","highway":"","source_url":"https://www.openstreetmap.org/way/843421721"}},{"type":"Feature","geometry":{"type":"Polygon","coordinates":[[[106.418659,29.8196846],[106.4191657,29.8200006],[106.4191564,29.8198163],[106.4186567,29.8195185],[106.418659,29.8196846]]]},"properties":{"kind":"building","name":"","highway":"","source_url":"https://www.openstreetmap.org/way/843421722"}},{"type":"Feature","geometry":{"type":"Polygon","coordinates":[[[106.4187361,29.8194678],[106.419077,29.8196684],[106.419077,29.8195002],[106.4187267,29.8192815],[106.4187361,29.8194678]]]},"properties":{"kind":"building","name":"","highway":"","source_url":"https://www.openstreetmap.org/way/843421723"}},{"type":"Feature","geometry":{"type":"Polygon","coordinates":[[[106.4191307,29.8197292],[106.4191307,29.8195691],[106.4194739,29.8193605],[106.4194646,29.8195468],[106.4191307,29.8197292]]]},"properties":{"kind":"building","name":"","highway":"","source_url":"https://www.openstreetmap.org/way/843421724"}},{"type":"Feature","geometry":{"type":"Polygon","coordinates":[[[106.4192334,29.8197839],[106.4197471,29.8194658],[106.4197425,29.8196583],[106.4192404,29.819954],[106.4192334,29.8197839]]]},"properties":{"kind":"building","name":"","highway":"","source_url":"https://www.openstreetmap.org/way/843421725"}},{"type":"Feature","geometry":{"type":"Polygon","coordinates":[[[106.4193082,29.8201971],[106.419983,29.8197879],[106.41999,29.8196177],[106.4193222,29.8200108],[106.4193082,29.8201971]]]},"properties":{"kind":"building","name":"","highway":"","source_url":"https://www.openstreetmap.org/way/843421726"}},{"type":"Feature","geometry":{"type":"Polygon","coordinates":[[[106.4206991,29.8198119],[106.4205629,29.8199212],[106.4203739,29.8197537],[106.4204104,29.8197167],[106.4203596,29.8196497],[106.4204552,29.8196038],[106.4206991,29.8198119]]]},"properties":{"kind":"building","name":"","highway":"","source_url":"https://www.openstreetmap.org/way/843421728"}},{"type":"Feature","geometry":{"type":"Polygon","coordinates":[[[106.4206205,29.819923],[106.4209326,29.8201924],[106.4210355,29.8201027],[106.4207235,29.8198332],[106.4206205,29.819923]]]},"properties":{"kind":"building","name":"","highway":"","source_url":"https://www.openstreetmap.org/way/843421729"}},{"type":"Feature","geometry":{"type":"Polygon","coordinates":[[[106.4209978,29.8201982],[106.4212967,29.8204546],[106.4213538,29.8204045],[106.4210549,29.820148],[106.4209978,29.8201982]]]},"properties":{"kind":"building","name":"","highway":"","source_url":"https://www.openstreetmap.org/way/843421730"}},{"type":"Feature","geometry":{"type":"Polygon","coordinates":[[[106.4192576,29.8225153],[106.4191725,29.8224139],[106.4194967,29.8222091],[106.4195818,29.8223106],[106.4192576,29.8225153]]]},"properties":{"kind":"building","name":"22教学楼","highway":"","source_url":"https://www.openstreetmap.org/way/843421731"}},{"type":"Feature","geometry":{"type":"LineString","coordinates":[[106.4202421,29.8217669],[106.4202765,29.8218065],[106.4204344,29.8219882],[106.4204501,29.8220062],[106.4204889,29.822045],[106.4206915,29.8222468],[106.4209149,29.8223892],[106.420957,29.8224158],[106.4211754,29.8225537],[106.4213872,29.8225607],[106.4216139,29.8224826],[106.4220317,29.8222377],[106.4225865,29.8219182],[106.4226684,29.8219123],[106.4227804,29.8218484]]},"properties":{"kind":"road","name":"","highway":"service","source_url":"https://www.openstreetmap.org/way/843421732"}},{"type":"Feature","geometry":{"type":"Polygon","coordinates":[[[106.4202253,29.8225249],[106.4201734,29.8224591],[106.4202317,29.8224245],[106.4201442,29.8223136],[106.4202239,29.8222663],[106.4203155,29.8223826],[106.4203793,29.8223448],[106.420427,29.8224053],[106.4202253,29.8225249]]]},"properties":{"kind":"building","name":"","highway":"","source_url":"https://www.openstreetmap.org/way/843421733"}},{"type":"Feature","geometry":{"type":"LineString","coordinates":[[106.4194605,29.8217718],[106.4193307,29.8218542],[106.4189919,29.8220694]]},"properties":{"kind":"road","name":"","highway":"service","source_url":"https://www.openstreetmap.org/way/843421734"}},{"type":"Feature","geometry":{"type":"LineString","coordinates":[[106.4192822,29.8217795],[106.4193307,29.8218542]]},"properties":{"kind":"road","name":"","highway":"service","source_url":"https://www.openstreetmap.org/way/843421735"}},{"type":"Feature","geometry":{"type":"LineString","coordinates":[[106.4193307,29.8218542],[106.4193612,29.8219282],[106.420028,29.8227218],[106.4206915,29.8222468]]},"properties":{"kind":"road","name":"","highway":"service","source_url":"https://www.openstreetmap.org/way/843421736"}},{"type":"Feature","geometry":{"type":"Polygon","coordinates":[[[106.4191006,29.8223181],[106.4190299,29.8222316],[106.4190644,29.8221416],[106.4193324,29.8219767],[106.4194405,29.822109],[106.4191006,29.8223181]]]},"properties":{"kind":"green","name":"","highway":"","source_url":"https://www.openstreetmap.org/way/843421737"}},{"type":"Feature","geometry":{"type":"Polygon","coordinates":[[[106.4196966,29.8222386],[106.4202109,29.8218983],[106.4199385,29.8216284],[106.4198857,29.8216196],[106.4198267,29.821632],[106.4197576,29.8216602],[106.4196676,29.8217111],[106.4193836,29.821893],[106.4193816,29.8219282],[106.4196255,29.8222157],[106.419658,29.8222333],[106.4196966,29.8222386]]]},"properties":{"kind":"green","name":"","highway":"","source_url":"https://www.openstreetmap.org/way/843421738"}},{"type":"Feature","geometry":{"type":"LineString","coordinates":[[106.4199326,29.823623],[106.4200801,29.8236542],[106.4203092,29.8237027],[106.4204571,29.8237214],[106.4205696,29.8237281],[106.4206759,29.8237174],[106.4207575,29.8236866],[106.420853,29.8236292],[106.421181,29.8233728],[106.4211545,29.823305],[106.4208156,29.8228957],[106.4206522,29.8226984],[106.4206567,29.8225961],[106.420662,29.8224763],[106.4206915,29.8222468]]},"properties":{"kind":"road","name":"","highway":"service","source_url":"https://www.openstreetmap.org/way/843421739"}},{"type":"Feature","geometry":{"type":"LineString","coordinates":[[106.4199326,29.823623],[106.4198424,29.8235924]]},"properties":{"kind":"road","name":"","highway":"service","source_url":"https://www.openstreetmap.org/way/843421740"}},{"type":"Feature","geometry":{"type":"LineString","coordinates":[[106.4198816,29.8237022],[106.4199326,29.823623]]},"properties":{"kind":"road","name":"","highway":"service","source_url":"https://www.openstreetmap.org/way/843421741"}},{"type":"Feature","geometry":{"type":"LineString","coordinates":[[106.420028,29.8227218],[106.4196908,29.8229327],[106.4201226,29.82347],[106.4201509,29.8235222],[106.4201474,29.8235621],[106.4200801,29.8236542]]},"properties":{"kind":"road","name":"","highway":"service","source_url":"https://www.openstreetmap.org/way/843421742"}},{"type":"Feature","geometry":{"type":"Polygon","coordinates":[[[106.4206611,29.824106],[106.420883,29.8241044],[106.4209045,29.8241046],[106.4210558,29.8241047],[106.4210554,29.823998],[106.4210217,29.8239981],[106.4210217,29.8239834],[106.4207046,29.8239845],[106.4207047,29.8239955],[106.4206704,29.8239956],[106.4206706,29.8240458],[106.4206609,29.8240458],[106.4206611,29.824106]]]},"properties":{"kind":"building","name":"李园四舍","highway":"","source_url":"https://www.openstreetmap.org/way/843421743"}},{"type":"Feature","geometry":{"type":"Polygon","coordinates":[[[106.4212233,29.8238419],[106.4209295,29.823842],[106.4209295,29.8238187],[106.4208865,29.8238187],[106.4208865,29.8237333],[106.420928,29.8237333],[106.4209279,29.8236878],[106.4212201,29.8236876],[106.4212202,29.8237213],[106.4213021,29.8237212],[106.4213022,29.8238333],[106.4212667,29.8238334],[106.4212667,29.8238078],[106.4212233,29.8238078],[106.4212233,29.8238419]]]},"properties":{"kind":"building","name":"李园五舍","highway":"","source_url":"https://www.openstreetmap.org/way/843421745"}},{"type":"Feature","geometry":{"type":"Polygon","coordinates":[[[106.4213192,29.8234106],[106.421582,29.8234109],[106.4215819,29.823447],[106.421657,29.823447],[106.4216568,29.8235627],[106.4216108,29.8235627],[106.4216108,29.8235371],[106.4215816,29.8235371],[106.4215816,29.8235696],[106.4212946,29.8235694],[106.4212947,29.8235298],[106.421217,29.8235297],[106.4212171,29.823471],[106.4213191,29.8234711],[106.4213192,29.8234106]]]},"properties":{"kind":"building","name":"李园六舍","highway":"","source_url":"https://www.openstreetmap.org/way/843421746"}},{"type":"Feature","geometry":{"type":"Polygon","coordinates":[[[106.4216425,29.8230918],[106.4219935,29.8231057],[106.4219916,29.8231411],[106.422068,29.8231442],[106.4220612,29.8232714],[106.4220031,29.8232691],[106.4220046,29.8232403],[106.4219803,29.8232393],[106.4219788,29.8232673],[106.4216779,29.8232554],[106.4216797,29.8232218],[106.4216357,29.8232201],[106.4216425,29.8230918]]]},"properties":{"kind":"building","name":"李园七舍","highway":"","source_url":"https://www.openstreetmap.org/way/843421747"}},{"type":"Feature","geometry":{"type":"Polygon","coordinates":[[[106.4221064,29.8234437],[106.422106,29.823376],[106.4221501,29.8233759],[106.4221496,29.8232895],[106.4225265,29.8232879],[106.4225263,29.8232678],[106.4225677,29.8232677],[106.4225683,29.8233715],[106.4226306,29.8233712],[106.4226312,29.8234644],[106.4226739,29.8234642],[106.4226743,29.8235344],[106.4223008,29.823536],[106.4223003,29.8234429],[106.4221064,29.8234437]]]},"properties":{"kind":"building","name":"李园八舍","highway":"","source_url":"https://www.openstreetmap.org/way/843421748"}},{"type":"Feature","geometry":{"type":"Polygon","coordinates":[[[106.4217465,29.8237575],[106.4217464,29.8236858],[106.421787,29.8236858],[106.421787,29.8235965],[106.4221889,29.8235963],[106.422189,29.8236822],[106.4223802,29.8236821],[106.4223803,29.8237568],[106.4223343,29.8237568],[106.4223344,29.8238382],[106.421961,29.8238385],[106.4219609,29.8237573],[106.4217465,29.8237575]]]},"properties":{"kind":"building","name":"李园一舍","highway":"","source_url":"https://www.openstreetmap.org/way/843421749"}},{"type":"Feature","geometry":{"type":"Polygon","coordinates":[[[106.4216632,29.8241445],[106.4216636,29.8240607],[106.4217115,29.8240609],[106.4217119,29.8239887],[106.4216176,29.8239884],[106.4216169,29.8241321],[106.4215783,29.824132],[106.4215786,29.8240612],[106.4214217,29.8240607],[106.4214224,29.8238991],[106.4218032,29.8239002],[106.4218028,29.8239973],[106.4219157,29.8239977],[106.4219151,29.8241453],[106.4216632,29.8241445]]]},"properties":{"kind":"building","name":"李园二舍","highway":"","source_url":"https://www.openstreetmap.org/way/843421750"}},{"type":"Feature","geometry":{"type":"Polygon","coordinates":[[[106.4213446,29.8244562],[106.4213446,29.8243764],[106.421058,29.8243763],[106.421058,29.8242415],[106.4215513,29.8242416],[106.4215513,29.8242999],[106.4217602,29.8242999],[106.4217602,29.8244562],[106.4213446,29.8244562]]]},"properties":{"kind":"building","name":"李园三舍","highway":"","source_url":"https://www.openstreetmap.org/way/843421751"}},{"type":"Feature","geometry":{"type":"Polygon","coordinates":[[[106.4221204,29.8225166],[106.4227513,29.8221562],[106.4227141,29.8221072],[106.4220831,29.8224675],[106.4221204,29.8225166]]]},"properties":{"kind":"building","name":"李园小吃街","highway":"","source_url":"https://www.openstreetmap.org/way/843421755"}},{"type":"Feature","geometry":{"type":"Polygon","coordinates":[[[106.4225706,29.8220767],[106.4226134,29.8221333],[106.422277,29.8223247],[106.4222343,29.8222682],[106.4225706,29.8220767]]]},"properties":{"kind":"building","name":"","highway":"","source_url":"https://www.openstreetmap.org/way/843421756"}},{"type":"Feature","geometry":{"type":"Polygon","coordinates":[[[106.4218823,29.8227215],[106.4220491,29.8226269],[106.4221165,29.8227163],[106.4221765,29.8226823],[106.42212,29.8226073],[106.4225554,29.8223604],[106.4225799,29.8223929],[106.4227299,29.8223078],[106.4226978,29.8223752],[106.4227353,29.8224288],[106.4227594,29.8224078],[106.4229514,29.8226855],[106.4229259,29.8226988],[106.422966,29.8227569],[106.422915,29.8227592],[106.4228882,29.8227127],[106.4225154,29.8226917],[106.422322,29.8228036],[106.4222901,29.822822],[106.4219441,29.8228034],[106.4218823,29.8227215]]]},"properties":{"kind":"building","name":"李园学生食堂","highway":"","source_url":"https://www.openstreetmap.org/way/843421757"}},{"type":"Feature","geometry":{"type":"LineString","coordinates":[[106.4216139,29.8224826],[106.4220183,29.8226142],[106.422711,29.8222346],[106.4231087,29.8226837],[106.4236008,29.8232685],[106.424396,29.8238645],[106.4247296,29.8240765]]},"properties":{"kind":"road","name":"","highway":"footway","source_url":"https://www.openstreetmap.org/way/843421758"}},{"type":"Feature","geometry":{"type":"Polygon","coordinates":[[[106.423038,29.823321],[106.4231768,29.8232334],[106.4232349,29.8233027],[106.4232955,29.8232644],[106.4232609,29.8232232],[106.4233043,29.8231958],[106.4233165,29.8231728],[106.4232297,29.8230693],[106.4231235,29.8231363],[106.4229201,29.8228936],[106.4231299,29.8227613],[106.4235413,29.823252],[106.4231743,29.8234836],[106.423038,29.823321]]]},"properties":{"kind":"building","name":"西南大学音乐学院","highway":"","source_url":"https://www.openstreetmap.org/way/843421759"}},{"type":"Feature","geometry":{"type":"Polygon","coordinates":[[[106.4229393,29.8243555],[106.4229676,29.8241201],[106.4236482,29.8241816],[106.4236199,29.8244171],[106.4229393,29.8243555]]]},"properties":{"kind":"building","name":"","highway":"","source_url":"https://www.openstreetmap.org/way/843421762"}},{"type":"Feature","geometry":{"type":"Polygon","coordinates":[[[106.4220962,29.8250578],[106.4220613,29.8250159],[106.4220631,29.8249466],[106.4220213,29.8249458],[106.4220221,29.8249148],[106.4219776,29.8249139],[106.4219849,29.8246308],[106.4219245,29.8246296],[106.4219836,29.8245179],[106.4220807,29.8245003],[106.4220766,29.8244521],[106.4222644,29.8244533],[106.4222642,29.8244792],[106.4223708,29.8244798],[106.4223683,29.8245695],[106.4223693,29.8246721],[106.4225584,29.8246733],[106.4225564,29.8249149],[106.4223674,29.8249137],[106.4223665,29.8250178],[106.4223261,29.8250175],[106.4223257,29.8250591],[106.4220962,29.8250578]]]},"properties":{"kind":"building","name":"8教学楼","highway":"","source_url":"https://www.openstreetmap.org/way/843421763"}},{"type":"Feature","geometry":{"type":"Polygon","coordinates":[[[106.4223996,29.8246443],[106.4224017,29.8245702],[106.4223683,29.8245695],[106.4223708,29.8244798],[106.4232021,29.8244975],[106.4231995,29.824588],[106.4225225,29.8245734],[106.4225203,29.8246469],[106.4223996,29.8246443]]]},"properties":{"kind":"building","name":"7教学楼","highway":"","source_url":"https://www.openstreetmap.org/way/843421764"}},{"type":"Feature","geometry":{"type":"Polygon","coordinates":[[[106.4223113,29.8252859],[106.4223231,29.8252055],[106.4225055,29.8252256],[106.4225109,29.8251888],[106.4228091,29.8252218],[106.4229047,29.8252641],[106.4230989,29.8252854],[106.4230789,29.8254226],[106.4229848,29.8254123],[106.422992,29.8253627],[106.4228188,29.8253437],[106.422815,29.8253697],[106.4225057,29.8253357],[106.4225098,29.8253078],[106.4223113,29.8252859]]]},"properties":{"kind":"building","name":"新闻传媒学院","highway":"","source_url":"https://www.openstreetmap.org/way/843421765"}},{"type":"Feature","geometry":{"type":"Polygon","coordinates":[[[106.4229276,29.824957],[106.4229302,29.8248331],[106.4232554,29.8248384],[106.4232574,29.8247431],[106.4236006,29.8247487],[106.4235976,29.8248918],[106.4233947,29.8248886],[106.4233878,29.8252071],[106.4231662,29.8252036],[106.4231658,29.8252244],[106.4230741,29.8252229],[106.4230774,29.8250666],[106.4231673,29.825068],[106.4231659,29.8251326],[106.423317,29.825135],[106.4233206,29.8249632],[106.4229276,29.824957]]]},"properties":{"kind":"building","name":"14教学楼","highway":"","source_url":"https://www.openstreetmap.org/way/843421766"}},{"type":"Feature","geometry":{"type":"Polygon","coordinates":[[[106.4236673,29.8249849],[106.4238523,29.8246486],[106.4241055,29.8247534],[106.4239206,29.8250897],[106.4236673,29.8249849]]]},"properties":{"kind":"water","name":"","highway":"","source_url":"https://www.openstreetmap.org/way/843421767"}},{"type":"Feature","geometry":{"type":"Polygon","coordinates":[[[106.423561,29.8251615],[106.4236427,29.8250224],[106.4239746,29.8251691],[106.4238929,29.8253082],[106.423561,29.8251615]]]},"properties":{"kind":"water","name":"","highway":"","source_url":"https://www.openstreetmap.org/way/843421768"}},{"type":"Feature","geometry":{"type":"Polygon","coordinates":[[[106.4231602,29.8256097],[106.4233687,29.8253072],[106.423814,29.8255383],[106.4236055,29.8258407],[106.4231602,29.8256097]]]},"properties":{"kind":"green","name":"","highway":"","source_url":"https://www.openstreetmap.org/way/843421769"}},{"type":"Feature","geometry":{"type":"Polygon","coordinates":[[[106.4242073,29.8254445],[106.4242466,29.8252924],[106.424333,29.8253092],[106.4243286,29.8253262],[106.4244785,29.8253555],[106.4244912,29.8253068],[106.424604,29.8253289],[106.4245917,29.8253759],[106.4247475,29.8254065],[106.4247514,29.8253918],[106.4248321,29.8254078],[106.4247933,29.8255542],[106.4246995,29.8255355],[106.4247034,29.8255209],[106.4243055,29.8254407],[106.4242967,29.8254618],[106.4242073,29.8254445]]]},"properties":{"kind":"building","name":"","highway":"","source_url":"https://www.openstreetmap.org/way/843421770"}},{"type":"Feature","geometry":{"type":"LineString","coordinates":[[106.4249011,29.8243571],[106.4251275,29.8245636],[106.4253787,29.8247926],[106.4256765,29.8250642]]},"properties":{"kind":"road","name":"","highway":"service","source_url":"https://www.openstreetmap.org/way/843421771"}},{"type":"Feature","geometry":{"type":"LineString","coordinates":[[106.4263944,29.8251096],[106.4262526,29.8249679],[106.426191,29.8249172],[106.4261294,29.8248851],[106.4260678,29.824869],[106.426,29.8248744],[106.4259353,29.8248931],[106.4258336,29.8249653],[106.4256765,29.8250642],[106.4254947,29.8251925],[106.4254392,29.8252486],[106.4254115,29.8253047],[106.4254023,29.8253742],[106.4254146,29.8254304],[106.42547,29.8254999],[106.4255676,29.8255963],[106.4261585,29.8261802],[106.4263112,29.8263311]]},"properties":{"kind":"road","name":"","highway":"service","source_url":"https://www.openstreetmap.org/way/843421772"}},{"type":"Feature","geometry":{"type":"Polygon","coordinates":[[[106.4257806,29.824895],[106.425617,29.8247252],[106.4257377,29.8246716],[106.4257082,29.8246018],[106.4257591,29.8245879],[106.4257752,29.8246205],[106.4258181,29.8246251],[106.4259844,29.8242668],[106.4265316,29.8245157],[106.4265611,29.8245413],[106.4265772,29.8245739],[106.4265745,29.8246181],[106.4264136,29.8249113],[106.4261775,29.8248113],[106.42625,29.8246972],[106.4263251,29.8247368],[106.4263868,29.8246205],[106.4260702,29.8244878],[106.4259951,29.8246344],[106.4260568,29.8246996],[106.4257806,29.824895]]]},"properties":{"kind":"building","name":"西南大学美术学院","highway":"","source_url":"https://www.openstreetmap.org/way/843421773"}},{"type":"Feature","geometry":{"type":"Polygon","coordinates":[[[106.4263764,29.8250311],[106.4264241,29.824939],[106.4266156,29.8250136],[106.4265262,29.8250895],[106.4263764,29.8250311]]]},"properties":{"kind":"building","name":"","highway":"","source_url":"https://www.openstreetmap.org/way/843421774"}},{"type":"Feature","geometry":{"type":"Polygon","coordinates":[[[106.425115,29.8252061],[106.4251388,29.8250669],[106.4252171,29.825077],[106.4251933,29.8252161],[106.425115,29.8252061]]]},"properties":{"kind":"building","name":"","highway":"","source_url":"https://www.openstreetmap.org/way/843421775"}},{"type":"Feature","geometry":{"type":"Polygon","coordinates":[[[106.4255676,29.8255963],[106.4250756,29.8260076],[106.4254435,29.8263138],[106.4255316,29.8263871],[106.4258952,29.8263737],[106.4260487,29.8262609],[106.4261585,29.8261802],[106.4255676,29.8255963]]]},"properties":{"kind":"green","name":"","highway":"","source_url":"https://www.openstreetmap.org/way/843421776"}},{"type":"Feature","geometry":{"type":"Polygon","coordinates":[[[106.4258952,29.8263737],[106.425831,29.8263183],[106.4259997,29.8262019],[106.4260487,29.8262609],[106.4258952,29.8263737]]]},"properties":{"kind":"building","name":"","highway":"","source_url":"https://www.openstreetmap.org/way/843421777"}},{"type":"Feature","geometry":{"type":"Polygon","coordinates":[[[106.4241141,29.8260336],[106.4246042,29.8261391],[106.4246379,29.8260212],[106.4245426,29.8260007],[106.4245337,29.8260318],[106.4244614,29.8260163],[106.4245088,29.82585],[106.4245653,29.8258621],[106.4245497,29.8259169],[106.4245989,29.8259274],[106.4246374,29.8257918],[106.4245473,29.8257726],[106.4244726,29.8257807],[106.4244072,29.8257706],[106.4243348,29.8257382],[106.4242679,29.8257236],[106.4242371,29.8258305],[106.4242674,29.8258371],[106.4242805,29.8257917],[106.4243562,29.8258081],[106.4243022,29.8259962],[106.424232,29.825981],[106.4242405,29.8259512],[106.4241436,29.8259304],[106.4241141,29.8260336]]]},"properties":{"kind":"building","name":"","highway":"","source_url":"https://www.openstreetmap.org/way/843421778"}},{"type":"Feature","geometry":{"type":"Polygon","coordinates":[[[106.4264468,29.8266522],[106.4261627,29.8263495],[106.426241,29.8262941],[106.4265251,29.8265969],[106.4264468,29.8266522]]]},"properties":{"kind":"building","name":"","highway":"","source_url":"https://www.openstreetmap.org/way/843421779"}},{"type":"Feature","geometry":{"type":"Polygon","coordinates":[[[106.4255632,29.8274266],[106.4255938,29.8273351],[106.4257697,29.8273794],[106.4258019,29.8272832],[106.4255104,29.8272097],[106.4254879,29.8272769],[106.4254306,29.8272625],[106.4255003,29.8270543],[106.4255504,29.8270669],[106.4255427,29.8270899],[106.4257119,29.8271325],[106.4257171,29.827117],[106.4260194,29.8271932],[106.4260139,29.8272097],[106.4262415,29.827267],[106.4262024,29.8273837],[106.4258704,29.8273],[106.4258374,29.8273985],[106.4260083,29.8274415],[106.4259782,29.8275312],[106.4255632,29.8274266]]]},"properties":{"kind":"building","name":"西南大学弘文图书馆","highway":"","source_url":"https://www.openstreetmap.org/way/843421780"}},{"type":"Feature","geometry":{"type":"Polygon","coordinates":[[[106.4265043,29.82746],[106.426551,29.8273101],[106.4264149,29.8272801],[106.4264636,29.8271373],[106.426734,29.8272043],[106.4266791,29.82737],[106.4265734,29.8273506],[106.4265388,29.827467],[106.4267015,29.8275041],[106.4268234,29.8270985],[106.4263844,29.8269979],[106.4262543,29.8273965],[106.4265043,29.82746]]]},"properties":{"kind":"building","name":"","highway":"","source_url":"https://www.openstreetmap.org/way/843421781"}},{"type":"Feature","geometry":{"type":"Polygon","coordinates":[[[106.4262346,29.8269642],[106.4263373,29.8269885],[106.4263504,29.826947],[106.4264273,29.8269652],[106.4264528,29.826884],[106.42627,29.8268408],[106.4262922,29.8267701],[106.426189,29.8267456],[106.4261642,29.8267687],[106.426148,29.8268202],[106.4260908,29.8268066],[106.426076,29.8268533],[106.426256,29.826896],[106.4262346,29.8269642]]]},"properties":{"kind":"building","name":"","highway":"","source_url":"https://www.openstreetmap.org/way/843421782"}},{"type":"Feature","geometry":{"type":"Polygon","coordinates":[[[106.4271571,29.8276871],[106.4268525,29.8275679],[106.4267972,29.8276742],[106.426929,29.8277258],[106.4269119,29.8277588],[106.426965,29.8277796],[106.4269881,29.8277352],[106.4271077,29.827782],[106.4271571,29.8276871]]]},"properties":{"kind":"building","name":"","highway":"","source_url":"https://www.openstreetmap.org/way/843421783"}},{"type":"Feature","geometry":{"type":"Polygon","coordinates":[[[106.4272099,29.8277975],[106.4274601,29.8275236],[106.4275308,29.8275723],[106.4275058,29.8275996],[106.4278343,29.8278256],[106.4278583,29.8277993],[106.4279253,29.8278454],[106.4277708,29.8280145],[106.4277045,29.8279688],[106.4277633,29.8279045],[106.4277282,29.8278803],[106.4276749,29.8279387],[106.4275288,29.8278382],[106.4275869,29.8277746],[106.4274735,29.8276966],[106.4273899,29.8277881],[106.4275876,29.8279241],[106.4275129,29.8280058],[106.4272099,29.8277975]]]},"properties":{"kind":"building","name":"西南大学医院","highway":"","source_url":"https://www.openstreetmap.org/way/843421784"}},{"type":"Feature","geometry":{"type":"LineString","coordinates":[[106.4275968,29.8275059],[106.4275821,29.8275688],[106.4276003,29.8276146],[106.4277345,29.8277046],[106.4278057,29.8277204],[106.4278898,29.8277021]]},"properties":{"kind":"road","name":"","highway":"service","source_url":"https://www.openstreetmap.org/way/843421785"}},{"type":"Feature","geometry":{"type":"Polygon","coordinates":[[[106.4262089,29.8259984],[106.4261319,29.8259251],[106.4260949,29.8258636],[106.4260918,29.8257995],[106.4261103,29.825738],[106.4261504,29.8256712],[106.4262151,29.8256017],[106.4263198,29.8255375],[106.4264215,29.8255081],[106.4264954,29.8255055],[106.4265632,29.8255269],[106.4266403,29.825575],[106.4266816,29.8256294],[106.4262089,29.8259984]]]},"properties":{"kind":"green","name":"","highway":"","source_url":"https://www.openstreetmap.org/way/843421787"}},{"type":"Feature","geometry":{"type":"Polygon","coordinates":[[[106.4273398,29.8262746],[106.4274085,29.8263451],[106.4274455,29.8264066],[106.4274486,29.8264707],[106.4274301,29.8265322],[106.42739,29.826599],[106.4273253,29.8266685],[106.4272206,29.8267327],[106.4271189,29.8267621],[106.427045,29.8267648],[106.4269772,29.8267434],[106.4269142,29.8266953],[106.4268701,29.8266489],[106.4273398,29.8262746]]]},"properties":{"kind":"green","name":"","highway":"","source_url":"https://www.openstreetmap.org/way/843421788"}},{"type":"Feature","geometry":{"type":"Polygon","coordinates":[[[106.4259303,29.8257365],[106.4264422,29.8253224],[106.4260242,29.8249333],[106.4255122,29.8253474],[106.4259303,29.8257365]]]},"properties":{"kind":"green","name":"","highway":"","source_url":"https://www.openstreetmap.org/way/843421790"}},{"type":"Feature","geometry":{"type":"Polygon","coordinates":[[[106.4272539,29.827141],[106.4271106,29.8270047],[106.4272661,29.8268817],[106.4272325,29.8268497],[106.4275382,29.8266081],[106.427573,29.8266413],[106.4277111,29.8265321],[106.4278609,29.8266747],[106.4277172,29.8267883],[106.427756,29.8268252],[106.4274508,29.8270665],[106.4274042,29.8270221],[106.4272539,29.827141]]]},"properties":{"kind":"green","name":"","highway":"","source_url":"https://www.openstreetmap.org/way/843421791"}},{"type":"Feature","geometry":{"type":"Polygon","coordinates":[[[106.4278102,29.8275319],[106.4275236,29.8272648],[106.4280084,29.8268933],[106.4282703,29.8271666],[106.4279267,29.8274395],[106.4278564,29.8274953],[106.4278102,29.8275319]]]},"properties":{"kind":"building","name":"","highway":"","source_url":"https://www.openstreetmap.org/way/843421792"}},{"type":"Feature","geometry":{"type":"Polygon","coordinates":[[[106.4278564,29.8274953],[106.4280155,29.8276609],[106.4280686,29.8276701],[106.4281571,29.8276701],[106.4282102,29.827667],[106.428511,29.8274521],[106.4282916,29.827228],[106.427966,29.8274705],[106.4279267,29.8274395],[106.4278564,29.8274953]]]},"properties":{"kind":"building","name":"","highway":"","source_url":"https://www.openstreetmap.org/way/843421793"}},{"type":"Feature","geometry":{"type":"Polygon","coordinates":[[[106.4289141,29.8284676],[106.4295404,29.829059],[106.4296555,29.8289672],[106.4290291,29.8283759],[106.4289141,29.8284676]]]},"properties":{"kind":"building","name":"","highway":"","source_url":"https://www.openstreetmap.org/way/843421795"}},{"type":"Feature","geometry":{"type":"Polygon","coordinates":[[[106.4296035,29.8290974],[106.4300301,29.8294869],[106.4300996,29.8294297],[106.4296728,29.8290403],[106.4296035,29.8290974]]]},"properties":{"kind":"building","name":"","highway":"","source_url":"https://www.openstreetmap.org/way/843421796"}},{"type":"Feature","geometry":{"type":"Polygon","coordinates":[[[106.4285146,29.8296337],[106.4291861,29.8290931],[106.4292765,29.8291775],[106.4286051,29.8297182],[106.4285146,29.8296337]]]},"properties":{"kind":"building","name":"","highway":"","source_url":"https://www.openstreetmap.org/way/843421797"}},{"type":"Feature","geometry":{"type":"Polygon","coordinates":[[[106.4280566,29.829207],[106.4279441,29.8291019],[106.4286462,29.8285364],[106.4287587,29.8286416],[106.4280566,29.829207]]]},"properties":{"kind":"building","name":"","highway":"","source_url":"https://www.openstreetmap.org/way/843421798"}},{"type":"Feature","geometry":{"type":"Polygon","coordinates":[[[106.4280566,29.829207],[106.4284484,29.8295744],[106.4291592,29.8290276],[106.4291699,29.8288856],[106.4287515,29.8284854],[106.4287166,29.8284714],[106.4286462,29.8285364],[106.4287587,29.8286416],[106.4280566,29.829207]]]},"properties":{"kind":"green","name":"","highway":"","source_url":"https://www.openstreetmap.org/way/843421799"}},{"type":"Feature","geometry":{"type":"Polygon","coordinates":[[[106.4271065,29.829021],[106.4274471,29.8293412],[106.4274961,29.8293432],[106.4276206,29.8292438],[106.4275883,29.8292134],[106.4276747,29.8291443],[106.4274251,29.8289093],[106.4273695,29.8289537],[106.427313,29.8289005],[106.4273555,29.8288666],[106.4273297,29.8288423],[106.4271065,29.829021]]]},"properties":{"kind":"building","name":"禾丰楼","highway":"","source_url":"https://www.openstreetmap.org/way/843421800"}},{"type":"Feature","geometry":{"type":"LineString","coordinates":[[106.4274318,29.8309676],[106.4280172,29.8311509],[106.4282408,29.8312215],[106.4284197,29.8312638],[106.4288438,29.8314106],[106.4292186,29.8315737],[106.4294181,29.8315399],[106.4296489,29.8313234],[106.4302943,29.8313358],[106.4304276,29.8313377]]},"properties":{"kind":"road","name":"","highway":"service","source_url":"https://www.openstreetmap.org/way/843421802"}},{"type":"Feature","geometry":{"type":"Polygon","coordinates":[[[106.4281561,29.8309596],[106.428171,29.8301635],[106.4286453,29.8301701],[106.4286374,29.8305916],[106.428587,29.8305908],[106.4285809,29.8309212],[106.428269,29.8309169],[106.4282682,29.8309611],[106.4281561,29.8309596]]]},"properties":{"kind":"building","name":"网球中心","highway":"","source_url":"https://www.openstreetmap.org/way/843421803"}},{"type":"Feature","geometry":{"type":"LineString","coordinates":[[106.4293263,29.8289673],[106.4284757,29.8296175],[106.428425,29.829663],[106.4283618,29.8297198],[106.4282724,29.8298256],[106.428187,29.8299667],[106.4281464,29.8301219],[106.4280172,29.8311509]]},"properties":{"kind":"road","name":"","highway":"service","source_url":"https://www.openstreetmap.org/way/843421804"}},{"type":"Feature","geometry":{"type":"LineString","coordinates":[[106.4248584,29.827306],[106.4251338,29.8275028],[106.4255758,29.8278128],[106.4257922,29.8279646],[106.4260958,29.8281915],[106.4262779,29.8283374],[106.4265623,29.8285984],[106.4266001,29.8286331],[106.4267793,29.8287931],[106.4269175,29.8289588],[106.4269553,29.8290537],[106.4269907,29.8291422],[106.4270029,29.8292974],[106.4269663,29.8294738],[106.4268768,29.8297242],[106.4268077,29.8299181],[106.4267711,29.8300486],[106.4267874,29.8301544],[106.4268362,29.8302708],[106.4269277,29.8303962],[106.4271554,29.8306008],[106.4273017,29.8307559],[106.427379,29.8308653],[106.4274318,29.8309676],[106.42756,29.8313183],[106.4276351,29.8315556],[106.4277048,29.8318441],[106.4277585,29.8321187],[106.4277585,29.8323932],[106.4277155,29.8327562],[106.4277011,29.8329356],[106.4278244,29.833095]]},"properties":{"kind":"road","name":"","highway":"service","source_url":"https://www.openstreetmap.org/way/843421805"}},{"type":"Feature","geometry":{"type":"Polygon","coordinates":[[[106.4286216,29.8319984],[106.4287662,29.8320728],[106.4288014,29.8320212],[106.4290532,29.8321507],[106.4290179,29.8322024],[106.4291323,29.8322612],[106.4292782,29.8320477],[106.4291938,29.8320043],[106.4292293,29.8319523],[106.4289476,29.8318076],[106.4289131,29.8318581],[106.4287979,29.8317989],[106.4287059,29.8319336],[106.4286763,29.8319184],[106.4286216,29.8319984]]]},"properties":{"kind":"building","name":"","highway":"","source_url":"https://www.openstreetmap.org/way/843421806"}},{"type":"Feature","geometry":{"type":"Polygon","coordinates":[[[106.4299253,29.8328316],[106.4298832,29.8329289],[106.4296404,29.8329957],[106.4288512,29.8327081],[106.4288138,29.8327324],[106.4286317,29.8326271],[106.4287962,29.8324275],[106.4286728,29.8323435],[106.4287217,29.8322903],[106.4289002,29.8323961],[106.4289282,29.8323901],[106.4291454,29.8324772],[106.4291547,29.8324508],[106.4293836,29.8323779],[106.4294699,29.8322301],[106.4298132,29.8323597],[106.4298902,29.8322098],[106.4299883,29.8322463],[106.4299183,29.8323921],[106.429979,29.8324205],[106.4299276,29.8325217],[106.4298179,29.8324812],[106.4297828,29.8325541],[106.429533,29.832461],[106.4294373,29.8326676],[106.4294116,29.8327182],[106.4295797,29.832777],[106.4297011,29.8327445],[106.4299253,29.8328316]]]},"properties":{"kind":"building","name":"","highway":"","source_url":"https://www.openstreetmap.org/way/843421807"}},{"type":"Feature","geometry":{"type":"Polygon","coordinates":[[[106.4298771,29.8321766],[106.429993,29.8321774],[106.4300654,29.8321247],[106.430074,29.8317691],[106.4298066,29.8317642],[106.4298133,29.8314882],[106.4295598,29.8314836],[106.4295584,29.8315432],[106.4295203,29.8315425],[106.4295163,29.8317076],[106.4296265,29.8317096],[106.4296248,29.8317771],[106.4293555,29.8317723],[106.4291989,29.8316801],[106.4291426,29.8317521],[106.4293182,29.8318553],[106.4293178,29.8319043],[106.4294266,29.8319049],[106.4294272,29.8318346],[106.4294542,29.8318347],[106.4294537,29.8318958],[106.4294929,29.8318961],[106.4294919,29.8320104],[106.429621,29.8320113],[106.4296215,29.8319643],[106.429879,29.8319661],[106.4298771,29.8321766]]]},"properties":{"kind":"building","name":"桂园宾馆","highway":"","source_url":"https://www.openstreetmap.org/way/843421808"}},{"type":"Feature","geometry":{"type":"Polygon","coordinates":[[[106.4295151,29.8311308],[106.4297,29.8311282],[106.429737,29.8310854],[106.430239,29.8310931],[106.43025,29.8305548],[106.4298259,29.830554],[106.4298219,29.8307739],[106.4297491,29.8307728],[106.4297462,29.8309117],[106.4295151,29.8311308]]]},"properties":{"kind":"building","name":"","highway":"","source_url":"https://www.openstreetmap.org/way/843421809"}},{"type":"Feature","geometry":{"type":"Polygon","coordinates":[[[106.4284817,29.8284646],[106.4279541,29.8280393],[106.4280514,29.8279485],[106.4285789,29.8283739],[106.4284817,29.8284646]]]},"properties":{"kind":"building","name":"","highway":"","source_url":"https://www.openstreetmap.org/way/843421810"}},{"type":"Feature","geometry":{"type":"Polygon","coordinates":[[[106.4282707,29.8286783],[106.4277431,29.8282531],[106.4278404,29.8281623],[106.4283679,29.8285876],[106.4282707,29.8286783]]]},"properties":{"kind":"building","name":"","highway":"","source_url":"https://www.openstreetmap.org/way/843421811"}},{"type":"Feature","geometry":{"type":"Polygon","coordinates":[[[106.4280837,29.82889],[106.4275561,29.8284647],[106.4276534,29.8283739],[106.4281809,29.8287992],[106.4280837,29.82889]]]},"properties":{"kind":"building","name":"","highway":"","source_url":"https://www.openstreetmap.org/way/843421812"}},{"type":"Feature","geometry":{"type":"Polygon","coordinates":[[[106.427913,29.8290769],[106.4274658,29.8286935],[106.427547,29.8286213],[106.4280101,29.8289862],[106.427913,29.8290769]]]},"properties":{"kind":"building","name":"","highway":"","source_url":"https://www.openstreetmap.org/way/843421813"}},{"type":"Feature","geometry":{"type":"Polygon","coordinates":[[[106.4269629,29.8288856],[106.42692,29.8288414],[106.4267806,29.8284691],[106.4267913,29.8284504],[106.4267001,29.8283713],[106.426603,29.8284192],[106.4264925,29.8284188],[106.4264131,29.8283881],[106.4263595,29.8283286],[106.4263568,29.8282573],[106.4263916,29.8281805],[106.4264614,29.8281224],[106.4265392,29.8280735],[106.4266411,29.8280456],[106.4267618,29.8280526],[106.4268476,29.8280712],[106.4269039,29.8281317],[106.4269093,29.8281991],[106.4268744,29.8282713],[106.4268208,29.8283132],[106.4268905,29.8283737],[106.4269415,29.8283271],[106.4272714,29.8286506],[106.4269629,29.8288856]]]},"properties":{"kind":"building","name":"圆顶","highway":"","source_url":"https://www.openstreetmap.org/way/843421814"}},{"type":"Feature","geometry":{"type":"Polygon","coordinates":[[[106.4273921,29.8285714],[106.4273358,29.8285296],[106.4272687,29.8284109],[106.4272392,29.8283062],[106.4272231,29.8282038],[106.4273036,29.8281968],[106.4273385,29.8283713],[106.4274028,29.8284667],[106.4274618,29.8285389],[106.4273921,29.8285714]]]},"properties":{"kind":"building","name":"","highway":"","source_url":"https://www.openstreetmap.org/way/843421815"}},{"type":"Feature","geometry":{"type":"Polygon","coordinates":[[[106.4259749,29.8278765],[106.4267138,29.8279276],[106.4267204,29.8278555],[106.4259816,29.8278042],[106.4259749,29.8278765]]]},"properties":{"kind":"building","name":"","highway":"","source_url":"https://www.openstreetmap.org/way/843421816"}},{"type":"Feature","geometry":{"type":"LineString","coordinates":[[106.4255758,29.8278128],[106.4257399,29.8277407],[106.425933,29.8277198],[106.4263299,29.8277291],[106.4265767,29.827764],[106.4269817,29.8279292],[106.4271132,29.8279897],[106.4271453,29.8280851],[106.4271675,29.828218],[106.4271748,29.828262],[106.4272124,29.8284039],[106.4272875,29.8285482],[106.427368,29.8286552],[106.4274042,29.8286899],[106.4274994,29.8287809],[106.4280761,29.8293184],[106.428425,29.829663]]},"properties":{"kind":"road","name":"","highway":"service","source_url":"https://www.openstreetmap.org/way/843421817"}},{"type":"Feature","geometry":{"type":"LineString","coordinates":[[106.4265623,29.8285984],[106.4266202,29.8285451],[106.4266855,29.828485]]},"properties":{"kind":"road","name":"","highway":"footway","source_url":"https://www.openstreetmap.org/way/843421818"}},{"type":"Feature","geometry":{"type":"LineString","coordinates":[[106.4266855,29.828485],[106.426968,29.8282459]]},"properties":{"kind":"road","name":"","highway":"steps","source_url":"https://www.openstreetmap.org/way/843421819"}},{"type":"Feature","geometry":{"type":"LineString","coordinates":[[106.426968,29.8282459],[106.4271675,29.828218]]},"properties":{"kind":"road","name":"","highway":"footway","source_url":"https://www.openstreetmap.org/way/843421820"}},{"type":"Feature","geometry":{"type":"LineString","coordinates":[[106.4274042,29.8286899],[106.4269553,29.8290537]]},"properties":{"kind":"road","name":"","highway":"steps","source_url":"https://www.openstreetmap.org/way/843421821"}},{"type":"Feature","geometry":{"type":"Polygon","coordinates":[[[106.4279282,29.8300546],[106.4278421,29.829977],[106.4279382,29.8298967],[106.4275907,29.8295839],[106.427705,29.8294883],[106.4281387,29.8298786],[106.4279282,29.8300546]]]},"properties":{"kind":"building","name":"","highway":"","source_url":"https://www.openstreetmap.org/way/843421822"}},{"type":"Feature","geometry":{"type":"Polygon","coordinates":[[[106.4168338,29.8258926],[106.416669,29.8257443],[106.4168065,29.8256293],[106.41632,29.8251913],[106.4166955,29.8248775],[106.416729,29.8249076],[106.4172633,29.8253887],[106.4172153,29.8254288],[106.4172987,29.8255038],[106.4168338,29.8258926]]]},"properties":{"kind":"building","name":"","highway":"","source_url":"https://www.openstreetmap.org/way/843421823"}},{"type":"Feature","geometry":{"type":"LineString","coordinates":[[106.4172987,29.8255038],[106.4174254,29.8253834],[106.4170125,29.8246536],[106.416729,29.8249076],[106.4172633,29.8253887],[106.4172153,29.8254288],[106.4172987,29.8255038]]},"properties":{"kind":"road","name":"","highway":"pedestrian","source_url":"https://www.openstreetmap.org/way/843421824"}},{"type":"Feature","geometry":{"type":"Polygon","coordinates":[[[106.4171805,29.8263119],[106.4174978,29.826063],[106.4177502,29.825865],[106.4176231,29.8257431],[106.4170535,29.8261901],[106.4171805,29.8263119]]]},"properties":{"kind":"building","name":"梅园四舍","highway":"","source_url":"https://www.openstreetmap.org/way/843465219"}},{"type":"Feature","geometry":{"type":"Polygon","coordinates":[[[106.4174218,29.8265205],[106.4176862,29.8262195],[106.4178946,29.8259823],[106.4180381,29.8260772],[106.4178245,29.8263204],[106.4175653,29.8266154],[106.4174218,29.8265205]]]},"properties":{"kind":"building","name":"梅园三舍","highway":"","source_url":"https://www.openstreetmap.org/way/843465220"}},{"type":"Feature","geometry":{"type":"Polygon","coordinates":[[[106.4178388,29.8267633],[106.4180393,29.8264526],[106.4182147,29.8261806],[106.418378,29.8262554],[106.4181915,29.8265398],[106.4179959,29.8268381],[106.4178388,29.8267633]]]},"properties":{"kind":"building","name":"梅园二舍","highway":"","source_url":"https://www.openstreetmap.org/way/843465221"}},{"type":"Feature","geometry":{"type":"Polygon","coordinates":[[[106.4183207,29.8269098],[106.4184542,29.826591],[106.4185813,29.8262874],[106.4187544,29.8263419],[106.418626,29.8266486],[106.4184937,29.8269643],[106.4183207,29.8269098]]]},"properties":{"kind":"building","name":"梅园一舍","highway":"","source_url":"https://www.openstreetmap.org/way/843465222"}},{"type":"Feature","geometry":{"type":"Polygon","coordinates":[[[106.4190157,29.8265468],[106.419139,29.826619],[106.4192345,29.8267018],[106.4193423,29.8268381],[106.419407,29.8269851],[106.4194286,29.8270707],[106.4189387,29.8271134],[106.4189233,29.8270439],[106.4188863,29.8269985],[106.4188494,29.8269557],[106.4187816,29.826921],[106.4188999,29.8267319],[106.4190157,29.8265468]]]},"properties":{"kind":"building","name":"梅园学生食堂","highway":"","source_url":"https://www.openstreetmap.org/way/843465223"}},{"type":"Feature","geometry":{"type":"Polygon","coordinates":[[[106.4204097,29.8271279],[106.4204082,29.8269821],[106.4203,29.8269829],[106.4202978,29.8267609],[106.4204281,29.82676],[106.4204267,29.82661],[106.4202293,29.8266115],[106.4202286,29.8265492],[106.4199672,29.8265511],[106.4199684,29.8266796],[106.4201442,29.8266783],[106.4201454,29.8267964],[106.4199272,29.8267979],[106.4199286,29.8269421],[106.4201558,29.8269405],[106.4201571,29.8270764],[106.4199277,29.8270781],[106.4199271,29.8270137],[106.4198602,29.8270142],[106.419862,29.8271906],[106.4203543,29.8271869],[106.4203537,29.8271283],[106.4204097,29.8271279]]]},"properties":{"kind":"building","name":"西南大学西塔学院","highway":"","source_url":"https://www.openstreetmap.org/way/843465224"}},{"type":"Feature","geometry":{"type":"Polygon","coordinates":[[[106.4219047,29.8263355],[106.421674,29.8259585],[106.4215587,29.826012],[106.4218028,29.8256211],[106.4221541,29.8256165],[106.4222721,29.8259306],[106.4223526,29.8260213],[106.4224465,29.8260865],[106.4219047,29.8263355]]]},"properties":{"kind":"building","name":"西南大学数学与统计学院","highway":"","source_url":"https://www.openstreetmap.org/way/843465225"}},{"type":"Feature","geometry":{"type":"Polygon","coordinates":[[[106.4192265,29.8247534],[106.4191486,29.8246202],[106.4190566,29.8246662],[106.4189646,29.8247522],[106.4189115,29.8248505],[106.4188796,29.8249549],[106.4188371,29.8249549],[106.4188478,29.8250838],[106.4188655,29.8251575],[106.4189221,29.8252281],[106.4189575,29.8252189],[106.4190389,29.8253018],[106.4191203,29.825354],[106.4191061,29.8253878],[106.4192265,29.8254338],[106.4193185,29.8254461],[106.4193822,29.82544],[106.4193893,29.8253939],[106.4195061,29.8253755],[106.4195839,29.8253233],[106.4196689,29.8252803],[106.4196054,29.8252148],[106.4195523,29.8251687],[106.4194707,29.825225],[106.4193539,29.8252465],[106.4192194,29.8252312],[106.4191167,29.8251759],[106.4190566,29.8251022],[106.4190495,29.8249825],[106.4190601,29.8248996],[106.4191274,29.8248105],[106.4192265,29.8247534]]]},"properties":{"kind":"building","name":"29教学楼","highway":"","source_url":"https://www.openstreetmap.org/way/843465226"}},{"type":"Feature","geometry":{"type":"Polygon","coordinates":[[[106.419831,29.8248326],[106.4196961,29.8247389],[106.4193876,29.8244689],[106.4193045,29.8245225],[106.4193849,29.8247947],[106.4195083,29.8248366],[106.4195539,29.8248855],[106.4196022,29.8249599],[106.4196129,29.8250158],[106.4195834,29.8251554],[106.4197336,29.8252485],[106.4199482,29.8252485],[106.4198731,29.8251694],[106.4198702,29.8251321],[106.4198677,29.8250996],[106.4198905,29.8250477],[106.4199106,29.8250018],[106.4197953,29.8249669],[106.419831,29.8248326]]]},"properties":{"kind":"green","name":"","highway":"","source_url":"https://www.openstreetmap.org/way/843465227"}},{"type":"Feature","geometry":{"type":"LineString","coordinates":[[106.4200142,29.8244186],[106.4197764,29.8247352]]},"properties":{"kind":"road","name":"","highway":"service","source_url":"https://www.openstreetmap.org/way/843465229"}},{"type":"Feature","geometry":{"type":"LineString","coordinates":[[106.4208316,29.8249148],[106.4206964,29.8250107],[106.420589,29.8250005],[106.4201313,29.8248608],[106.4198792,29.8247838],[106.4197764,29.8247352],[106.4193748,29.8243969],[106.4192674,29.8245002],[106.4193385,29.8248164]]},"properties":{"kind":"road","name":"","highway":"service","source_url":"https://www.openstreetmap.org/way/843465230"}},{"type":"Feature","geometry":{"type":"LineString","coordinates":[[106.4195592,29.8249459],[106.419525,29.8248919],[106.4194732,29.8248498],[106.4194089,29.8248238],[106.4193385,29.8248164],[106.4192623,29.8248305],[106.4191962,29.8248663],[106.4191481,29.8249195],[106.4191237,29.8249837],[106.4191259,29.8250512],[106.4191545,29.8251141],[106.419206,29.8251648],[106.4192744,29.8251973],[106.4193514,29.8252076],[106.4194212,29.8251967],[106.4194837,29.8251675],[106.4195326,29.825123],[106.4195632,29.8250674],[106.4195724,29.8250064],[106.4195592,29.8249459]]},"properties":{"kind":"road","name":"","highway":"service","source_url":"https://www.openstreetmap.org/way/843465231"}},{"type":"Feature","geometry":{"type":"LineString","coordinates":[[106.4195326,29.825123],[106.4197531,29.8253125],[106.4200076,29.8253003],[106.420526,29.8254563],[106.420596,29.8254725],[106.4206404,29.8254523],[106.4206731,29.8253571],[106.4207174,29.8251606],[106.4207221,29.8250937],[106.4206964,29.8250107]]},"properties":{"kind":"road","name":"","highway":"service","source_url":"https://www.openstreetmap.org/way/843465232"}},{"type":"Feature","geometry":{"type":"LineString","coordinates":[[106.4206964,29.8250107],[106.4214576,29.8251342]]},"properties":{"kind":"road","name":"","highway":"service","source_url":"https://www.openstreetmap.org/way/843465233"}},{"type":"Feature","geometry":{"type":"LineString","coordinates":[[106.4173894,29.8251923],[106.4176355,29.8250533],[106.4177983,29.8249888],[106.4180248,29.8249673],[106.4182478,29.8249888],[106.4184248,29.8250318],[106.4186053,29.8250902],[106.4187929,29.8252283],[106.4188582,29.8253145],[106.4189166,29.8253895],[106.4190304,29.8255087],[106.4190087,29.8255814],[106.4189627,29.8256858],[106.4188778,29.8257933],[106.4187327,29.8259008],[106.4186088,29.8259775],[106.4184389,29.8260573],[106.4182953,29.8261225]]},"properties":{"kind":"road","name":"","highway":"service","source_url":"https://www.openstreetmap.org/way/843465234"}},{"type":"Feature","geometry":{"type":"LineString","coordinates":[[106.4180522,29.8259924],[106.418085,29.8258793],[106.4181558,29.8257626],[106.4182301,29.8256674],[106.4183752,29.8255446],[106.4184743,29.8254832],[106.4186053,29.8254402],[106.4188176,29.8254095],[106.4189166,29.8253895]]},"properties":{"kind":"road","name":"","highway":"service","source_url":"https://www.openstreetmap.org/way/843465235"}},{"type":"Feature","geometry":{"type":"LineString","coordinates":[[106.4190304,29.8255087],[106.4194129,29.8255769],[106.419495,29.826165]]},"properties":{"kind":"road","name":"","highway":"service","source_url":"https://www.openstreetmap.org/way/843465236"}},{"type":"Feature","geometry":{"type":"Polygon","coordinates":[[[106.4195206,29.8261978],[106.4195915,29.8260911],[106.4200452,29.8263182],[106.4199744,29.8264248],[106.4195206,29.8261978]]]},"properties":{"kind":"building","name":"","highway":"","source_url":"https://www.openstreetmap.org/way/843465237"}},{"type":"Feature","geometry":{"type":"Polygon","coordinates":[[[106.4198804,29.8248507],[106.4206276,29.8250675],[106.4205155,29.8253754],[106.4199948,29.8252397],[106.4200088,29.825189],[106.4199692,29.8251951],[106.4199248,29.825191],[106.4198944,29.8251606],[106.4198702,29.8251321],[106.4198677,29.8250996],[106.4198905,29.8250477],[106.4199191,29.825026],[106.4199391,29.8250166],[106.4199453,29.8250019],[106.4198328,29.8249672],[106.4198804,29.8248507]]]},"properties":{"kind":"building","name":"25教学楼","highway":"","source_url":"https://www.openstreetmap.org/way/843465238"}},{"type":"Feature","geometry":{"type":"LineString","coordinates":[[106.4217789,29.8250959],[106.4217125,29.8254741],[106.4216428,29.8256556],[106.4216281,29.8256779],[106.4215435,29.8258068],[106.4213907,29.8259953],[106.4211198,29.8263187],[106.4209615,29.8265514],[106.420881,29.8267004],[106.4208462,29.8268469],[106.4208444,29.8268847],[106.4208381,29.8270191],[106.4208373,29.8270817],[106.4208354,29.8272123],[106.4208033,29.8272751],[106.420755,29.8273286],[106.4206504,29.8273658],[106.4205538,29.8273565],[106.420468,29.827296],[106.4203768,29.8272379],[106.4202829,29.8272076],[106.4200952,29.8272099],[106.4200201,29.8272332],[106.4199825,29.8272844],[106.4199798,29.8273379],[106.4200308,29.827431],[106.420122,29.8274822],[106.4203634,29.8275846],[106.4204117,29.8276474],[106.4204224,29.8277195],[106.420381,29.82779]]},"properties":{"kind":"road","name":"","highway":"service","source_url":"https://www.openstreetmap.org/way/843465241"}},{"type":"Feature","geometry":{"type":"Polygon","coordinates":[[[106.423117,29.8314396],[106.4230194,29.8313091],[106.4229096,29.8312104],[106.4227836,29.8311011],[106.4227226,29.8310623],[106.4226413,29.8309388],[106.4225478,29.8307449],[106.4226901,29.8307096],[106.4228446,29.8307308],[106.4229259,29.8307272],[106.4229828,29.8306814],[106.4231576,29.8306461],[106.4234056,29.8306003],[106.4234666,29.8306003],[106.4235886,29.830632],[106.4236943,29.8306673],[106.4238813,29.8306743],[106.4239707,29.8306849],[106.4240479,29.8307096],[106.4240886,29.830759],[106.4238975,29.830833],[106.4237674,29.8308859],[106.4236495,29.8309529],[106.4235764,29.8310129],[106.4234219,29.8311857],[106.4233162,29.8313091],[106.4232227,29.8313832],[106.423117,29.8314396]]]},"properties":{"kind":"water","name":"","highway":"","source_url":"https://www.openstreetmap.org/way/843465242"}},{"type":"Feature","geometry":{"type":"Polygon","coordinates":[[[106.4246578,29.8304804],[106.4245927,29.8303569],[106.4245277,29.8302829],[106.4244708,29.83023],[106.4244586,29.8301806],[106.4245236,29.8301241],[106.4245521,29.8300536],[106.4245399,29.829969],[106.4245602,29.8298949],[106.4246171,29.8298773],[106.424796,29.8298949],[106.4248814,29.8298808],[106.424922,29.8298561],[106.4250399,29.8297186],[106.4250806,29.8296939],[106.4251863,29.8296939],[106.4252879,29.8297186],[106.425353,29.8297538],[106.4253977,29.8298103],[106.4254139,29.8298737],[106.4254383,29.8299231],[106.4253489,29.8300536],[106.4252147,29.8301241],[106.425109,29.8301806],[106.4250155,29.8302934],[106.4249098,29.8303887],[106.424796,29.830438],[106.4246578,29.8304804]]]},"properties":{"kind":"water","name":"","highway":"","source_url":"https://www.openstreetmap.org/way/843465243"}},{"type":"Feature","geometry":{"type":"Polygon","coordinates":[[[106.4255237,29.8299372],[106.4255034,29.8298138],[106.4254465,29.8297679],[106.4254261,29.8297256],[106.4254465,29.8296939],[106.42554,29.8296798],[106.4256497,29.8296657],[106.4257067,29.8296374],[106.4257595,29.8295916],[106.4258286,29.8295563],[106.4258733,29.8295457],[106.4259343,29.8295775],[106.4260116,29.8296445],[106.4260197,29.8296974],[106.4259343,29.8297715],[106.4258042,29.8298244],[106.4256619,29.8298843],[106.4255237,29.8299372]]]},"properties":{"kind":"water","name":"","highway":"","source_url":"https://www.openstreetmap.org/way/843465244"}},{"type":"Feature","geometry":{"type":"LineString","coordinates":[[106.420381,29.82779],[106.4203553,29.8278336],[106.4202944,29.8279248],[106.4200415,29.8283036]]},"properties":{"kind":"road","name":"","highway":"service","source_url":"https://www.openstreetmap.org/way/843465245"}},{"type":"Feature","geometry":{"type":"LineString","coordinates":[[106.4239066,29.8289608],[106.4242995,29.8290013],[106.4244729,29.8289951],[106.4245614,29.8289552],[106.4252232,29.828642],[106.4254143,29.8286205],[106.4257576,29.8286298],[106.4259452,29.8286973],[106.4260938,29.8287771],[106.4262071,29.8288201],[106.4263246,29.8288484]]},"properties":{"kind":"road","name":"","highway":"service","source_url":"https://www.openstreetmap.org/way/843465246"}},{"type":"Feature","geometry":{"type":"LineString","coordinates":[[106.4224607,29.8306065],[106.4230271,29.8305787],[106.4235032,29.8305143],[106.4236098,29.8305044],[106.4237877,29.8304881],[106.4240345,29.8305003],[106.4245919,29.8305331],[106.4247427,29.8305171],[106.4248601,29.8304679],[106.4250533,29.8303376],[106.4251078,29.830298],[106.4253553,29.8301103],[106.4254631,29.8300518],[106.4256309,29.8299607],[106.4259652,29.8298071],[106.4261215,29.8297188],[106.4262265,29.8295837],[106.4262495,29.8294488],[106.4262227,29.8292952],[106.4261744,29.8291323],[106.426153,29.8290299],[106.4261744,29.8289508],[106.4262495,29.8288903],[106.4263246,29.8288484],[106.4264051,29.8288624],[106.4265231,29.8289043],[106.4267055,29.8289974],[106.4268503,29.8290858],[106.4269093,29.8291695],[106.4270029,29.8292974]]},"properties":{"kind":"road","name":"","highway":"service","source_url":"https://www.openstreetmap.org/way/843465247"}},{"type":"Feature","geometry":{"type":"LineString","coordinates":[[106.4268362,29.8302708],[106.426696,29.8303529],[106.426314,29.8305186],[106.4262,29.8305961],[106.4259165,29.8309035],[106.4257039,29.8311306],[106.4256208,29.8312509],[106.4255283,29.8314006],[106.4253712,29.8317187],[106.4252572,29.8319298],[106.425211,29.8319939],[106.4251524,29.8320394],[106.4248721,29.832149],[106.4247303,29.8321971],[106.4245824,29.8322078],[106.42445,29.8321623],[106.4243144,29.8321009],[106.4242374,29.8320234],[106.424222,29.8319245],[106.4242312,29.8318069],[106.4242682,29.8316625],[106.4243113,29.8316011],[106.4244161,29.8315102],[106.4245547,29.8313819],[106.4247026,29.8312349],[106.4247642,29.8311413],[106.4248474,29.8308687],[106.424909,29.8307244],[106.4249861,29.8306736],[106.4251586,29.8306522],[106.4252942,29.8306469],[106.4254698,29.8305346],[106.4255838,29.830425],[106.4256269,29.8303689],[106.4256423,29.8302967],[106.4256309,29.8299607]]},"properties":{"kind":"road","name":"","highway":"service","source_url":"https://www.openstreetmap.org/way/843465248"}},{"type":"Feature","geometry":{"type":"Polygon","coordinates":[[[106.4264568,29.8305552],[106.4266463,29.8305574],[106.4266429,29.8307733],[106.426443,29.8307709],[106.4264417,29.8308568],[106.4266096,29.8308588],[106.4266105,29.8307979],[106.4266812,29.8307988],[106.4266804,29.8308559],[106.4267458,29.8308573],[106.4267454,29.8309362],[106.4263392,29.8309316],[106.4263399,29.8308813],[106.4262117,29.8308798],[106.4262129,29.8307987],[106.4262747,29.8307994],[106.4262761,29.8307037],[106.4264821,29.8307061],[106.4264829,29.8306534],[106.4263625,29.8306521],[106.4263632,29.8306117],[106.4264559,29.8306128],[106.4264568,29.8305552]]]},"properties":{"kind":"building","name":"","highway":"","source_url":"https://www.openstreetmap.org/way/843465249"}},{"type":"Feature","geometry":{"type":"Polygon","coordinates":[[[106.4267458,29.8308573],[106.4267501,29.8307251],[106.4269295,29.8307295],[106.4269257,29.8308439],[106.4268963,29.8308431],[106.4268841,29.8308608],[106.4267458,29.8308573]]]},"properties":{"kind":"building","name":"","highway":"","source_url":"https://www.openstreetmap.org/way/843465250"}},{"type":"Feature","geometry":{"type":"Polygon","coordinates":[[[106.4267246,29.8304348],[106.4267255,29.8303846],[106.4268017,29.8303856],[106.4268008,29.8304358],[106.4267246,29.8304348]]]},"properties":{"kind":"building","name":"","highway":"","source_url":"https://www.openstreetmap.org/way/843465251"}},{"type":"Feature","geometry":{"type":"Polygon","coordinates":[[[106.4256705,29.8313278],[106.4262072,29.8317305],[106.4262764,29.8316611],[106.4263714,29.8317323],[106.4265509,29.8315521],[106.4262189,29.8313032],[106.4260783,29.8314444],[106.4257785,29.8312195],[106.4256705,29.8313278]]]},"properties":{"kind":"building","name":"","highway":"","source_url":"https://www.openstreetmap.org/way/843465252"}},{"type":"Feature","geometry":{"type":"Polygon","coordinates":[[[106.4255733,29.8307497],[106.4255709,29.8305836],[106.4259796,29.8305877],[106.4259772,29.8306788],[106.4259399,29.8306768],[106.4259399,29.8307497],[106.4255733,29.8307497]]]},"properties":{"kind":"building","name":"","highway":"","source_url":"https://www.openstreetmap.org/way/843465253"}},{"type":"Feature","geometry":{"type":"Polygon","coordinates":[[[106.4252748,29.8291984],[106.4252753,29.8292846],[106.425272,29.8293461],[106.4252545,29.8293961],[106.4252277,29.829431],[106.4251647,29.8294706],[106.4250413,29.8295206],[106.424981,29.829538],[106.4249541,29.829538],[106.4249541,29.8295101],[106.4249139,29.829509],[106.4249179,29.8294391],[106.42489,29.8294316],[106.4248656,29.8294136],[106.4248455,29.8293868],[106.4248375,29.8293612],[106.4248388,29.8292809],[106.4248428,29.8292518],[106.4248656,29.8292239],[106.4248911,29.8292111],[106.424938,29.8291983],[106.4251741,29.8292006],[106.4252748,29.8291984]]]},"properties":{"kind":"building","name":"10教学楼","highway":"","source_url":"https://www.openstreetmap.org/way/843465255"}},{"type":"Feature","geometry":{"type":"LineString","coordinates":[[106.4244729,29.8289951],[106.4244762,29.8291451],[106.4244655,29.8292587],[106.4244548,29.8292809],[106.4244195,29.8293539],[106.4243972,29.829386],[106.4243833,29.8294059],[106.4243275,29.8294859],[106.4242319,29.8295934],[106.4241399,29.8296579],[106.4240196,29.8297009],[106.4239318,29.8296981],[106.4238179,29.8296946],[106.4235362,29.8296823]]},"properties":{"kind":"road","name":"","highway":"service","source_url":"https://www.openstreetmap.org/way/843465262"}},{"type":"Feature","geometry":{"type":"LineString","coordinates":[[106.4243833,29.8294059],[106.4245317,29.8294892],[106.4245994,29.8296209],[106.4246531,29.8296756],[106.4246951,29.8296857]]},"properties":{"kind":"road","name":"","highway":"steps","source_url":"https://www.openstreetmap.org/way/843465263"}},{"type":"Feature","geometry":{"type":"LineString","coordinates":[[106.4246951,29.8296857],[106.4246811,29.8297262],[106.4246437,29.8297364]]},"properties":{"kind":"road","name":"","highway":"footway","source_url":"https://www.openstreetmap.org/way/843465264"}},{"type":"Feature","geometry":{"type":"LineString","coordinates":[[106.4246437,29.8297364],[106.42459,29.8297384],[106.424541,29.8297647],[106.424471,29.829866]]},"properties":{"kind":"road","name":"","highway":"steps","source_url":"https://www.openstreetmap.org/way/843465265"}},{"type":"Feature","geometry":{"type":"LineString","coordinates":[[106.424471,29.829866],[106.4244126,29.8299592]]},"properties":{"kind":"road","name":"","highway":"footway","source_url":"https://www.openstreetmap.org/way/843465266"}},{"type":"Feature","geometry":{"type":"LineString","coordinates":[[106.4244126,29.8299592],[106.4243094,29.8300939]]},"properties":{"kind":"road","name":"","highway":"steps","source_url":"https://www.openstreetmap.org/way/843465267"}},{"type":"Feature","geometry":{"type":"Polygon","coordinates":[[[106.4240577,29.8304089],[106.424478,29.8304251],[106.4244873,29.8302691],[106.424304,29.830262],[106.4240869,29.8302537],[106.424067,29.8302529],[106.4240577,29.8304089]]]},"properties":{"kind":"building","name":"桃园六舍","highway":"","source_url":"https://www.openstreetmap.org/way/843465268"}},{"type":"Feature","geometry":{"type":"Polygon","coordinates":[[[106.4236526,29.8303694],[106.4239526,29.8303784],[106.4239536,29.8303529],[106.4240284,29.8303552],[106.4240334,29.8302294],[106.4239822,29.8302279],[106.4239813,29.8302513],[106.4239555,29.8302506],[106.4239562,29.8302336],[106.4236897,29.8302256],[106.4236887,29.830251],[106.4236573,29.8302501],[106.4236526,29.8303694]]]},"properties":{"kind":"building","name":"桃园五舍","highway":"","source_url":"https://www.openstreetmap.org/way/843465269"}},{"type":"Feature","geometry":{"type":"Polygon","coordinates":[[[106.424315,29.8300689],[106.4235081,29.830047],[106.4235122,29.8299335],[106.4235917,29.8299357],[106.4235927,29.8299082],[106.4239208,29.8299173],[106.4242432,29.8299257],[106.4242421,29.8299572],[106.424319,29.8299593],[106.424315,29.8300689]]]},"properties":{"kind":"building","name":"桃园四舍","highway":"","source_url":"https://www.openstreetmap.org/way/843465270"}},{"type":"Feature","geometry":{"type":"Polygon","coordinates":[[[106.4226026,29.8304457],[106.4234825,29.8304548],[106.4234853,29.830247],[106.4233039,29.8302452],[106.4233034,29.8302812],[106.423172,29.8302798],[106.4231728,29.8302223],[106.4230093,29.8302206],[106.4230085,29.8302746],[106.4228577,29.830273],[106.422858,29.8302505],[106.4227695,29.8302495],[106.4227691,29.8302775],[106.4227132,29.8302769],[106.4227136,29.830252],[106.4226052,29.8302509],[106.4226026,29.8304457]]]},"properties":{"kind":"building","name":"桃园学生食堂","highway":"","source_url":"https://www.openstreetmap.org/way/843465271"}},{"type":"Feature","geometry":{"type":"Polygon","coordinates":[[[106.4226941,29.8300973],[106.422698,29.8299605],[106.4227277,29.8299611],[106.4227272,29.8299798],[106.4227679,29.8299807],[106.4227688,29.8299491],[106.4231454,29.8299572],[106.4231442,29.8299988],[106.4231837,29.8299996],[106.4231843,29.8299793],[106.4232086,29.8299798],[106.4232048,29.8301127],[106.4231763,29.8301121],[106.423177,29.8300892],[106.4231396,29.8300883],[106.4231389,29.8301101],[106.4227645,29.8301019],[106.4227652,29.8300777],[106.42273,29.830077],[106.4227294,29.830098],[106.4226941,29.8300973]]]},"properties":{"kind":"building","name":"桃园三舍","highway":"","source_url":"https://www.openstreetmap.org/way/843465272"}},{"type":"Feature","geometry":{"type":"Polygon","coordinates":[[[106.4228563,29.8298266],[106.4228621,29.829691],[106.4228881,29.8296918],[106.4228873,29.8297107],[106.4229331,29.8297122],[106.4229344,29.8296811],[106.4233798,29.8296957],[106.4233785,29.8297253],[106.423475,29.8297284],[106.423471,29.8298192],[106.4234434,29.8298183],[106.4234421,29.8298489],[106.4234103,29.8298478],[106.4234112,29.8298258],[106.4233709,29.8298245],[106.4233699,29.8298469],[106.4229251,29.8298325],[106.4229261,29.8298081],[106.4228936,29.829807],[106.4228927,29.8298278],[106.4228563,29.8298266]]]},"properties":{"kind":"building","name":"桃园二舍","highway":"","source_url":"https://www.openstreetmap.org/way/843465273"}},{"type":"Feature","geometry":{"type":"Polygon","coordinates":[[[106.4229018,29.829552],[106.4229081,29.8294171],[106.4229327,29.829418],[106.4229318,29.829437],[106.4229794,29.8294387],[106.4229808,29.8294076],[106.4234226,29.8294233],[106.4234212,29.8294529],[106.423495,29.8294555],[106.4234893,29.8295762],[106.4234537,29.829575],[106.4234547,29.8295528],[106.4234178,29.8295515],[106.4234168,29.8295739],[106.4229703,29.8295582],[106.4229714,29.8295337],[106.4229389,29.8295326],[106.422938,29.8295533],[106.4229018,29.829552]]]},"properties":{"kind":"building","name":"桃园一舍","highway":"","source_url":"https://www.openstreetmap.org/way/843465274"}},{"type":"Feature","geometry":{"type":"Polygon","coordinates":[[[106.4236644,29.8294338],[106.4242119,29.8294955],[106.4242291,29.8293802],[106.4239589,29.8293497],[106.4239849,29.8291762],[106.4242425,29.8292052],[106.424237,29.8292415],[106.42437,29.8292565],[106.4243992,29.8290612],[106.4242689,29.8290466],[106.4242636,29.8290822],[106.4235654,29.8290037],[106.4235699,29.8289741],[106.4234325,29.8289587],[106.4234033,29.8291545],[106.4235416,29.82917],[106.4235456,29.8291435],[106.4238129,29.8291736],[106.4237906,29.8293224],[106.4236829,29.8293103],[106.4236644,29.8294338]]]},"properties":{"kind":"building","name":"西南大学马克思主义学院","highway":"","source_url":"https://www.openstreetmap.org/way/843465275"}},{"type":"Feature","geometry":{"type":"LineString","coordinates":[[106.4233135,29.8289122],[106.4229796,29.8291568]]},"properties":{"kind":"road","name":"","highway":"steps","source_url":"https://www.openstreetmap.org/way/843465276"}},{"type":"Feature","geometry":{"type":"LineString","coordinates":[[106.4229796,29.8291568],[106.4229715,29.8293708],[106.4235455,29.8293918],[106.4235362,29.8296823],[106.4228803,29.8296606],[106.4228428,29.8296594],[106.4228347,29.8299316],[106.4233363,29.8299363],[106.4236743,29.8297943],[106.4238137,29.8297431],[106.4238179,29.8296946]]},"properties":{"kind":"road","name":"","highway":"footway","source_url":"https://www.openstreetmap.org/way/843465277"}},{"type":"Feature","geometry":{"type":"LineString","coordinates":[[106.4239208,29.8299173],[106.4239293,29.8297476],[106.4239318,29.8296981]]},"properties":{"kind":"road","name":"","highway":"footway","source_url":"https://www.openstreetmap.org/way/843465278"}},{"type":"Feature","geometry":{"type":"LineString","coordinates":[[106.4238137,29.8297431],[106.4239293,29.8297476]]},"properties":{"kind":"road","name":"","highway":"footway","source_url":"https://www.openstreetmap.org/way/843465279"}},{"type":"Feature","geometry":{"type":"LineString","coordinates":[[106.4228803,29.8296606],[106.4228952,29.8293679],[106.4229715,29.8293708]]},"properties":{"kind":"road","name":"","highway":"footway","source_url":"https://www.openstreetmap.org/way/843465280"}},{"type":"Feature","geometry":{"type":"LineString","coordinates":[[106.4233363,29.8299363],[106.423339,29.8300084],[106.4234302,29.8300061],[106.4234259,29.8300691],[106.4234221,29.8301247],[106.4235938,29.8301271],[106.4236126,29.8302108],[106.4240605,29.8302178],[106.424063,29.8302413],[106.4243065,29.8302486],[106.4243094,29.8300939],[106.4234259,29.8300691]]},"properties":{"kind":"road","name":"","highway":"footway","source_url":"https://www.openstreetmap.org/way/843465281"}},{"type":"Feature","geometry":{"type":"LineString","coordinates":[[106.4236126,29.8302108],[106.4236098,29.8305044]]},"properties":{"kind":"road","name":"","highway":"footway","source_url":"https://www.openstreetmap.org/way/843465282"}},{"type":"Feature","geometry":{"type":"LineString","coordinates":[[106.4231247,29.8301943],[106.4234206,29.8301988],[106.4234221,29.8301247]]},"properties":{"kind":"road","name":"","highway":"footway","source_url":"https://www.openstreetmap.org/way/843465283"}},{"type":"Feature","geometry":{"type":"Polygon","coordinates":[[[106.4222869,29.829403],[106.4220002,29.8292514],[106.4220135,29.8292337],[106.4217299,29.8290891],[106.4217157,29.8291085],[106.4216526,29.8290732],[106.4217075,29.8289957],[106.4217451,29.8290151],[106.4217827,29.8289551],[106.4217441,29.8289348],[106.4217685,29.8288934],[106.4218536,29.8288937],[106.422232,29.8288951],[106.4223133,29.828941],[106.4222503,29.829038],[106.4223214,29.8290732],[106.4223702,29.8289974],[106.422423,29.8290221],[106.4224068,29.8290468],[106.4225105,29.8291032],[106.4225287,29.8290768],[106.4225755,29.8290997],[106.4224393,29.8292954],[106.4223478,29.8292408],[106.4223011,29.829305],[106.422337,29.8293247],[106.4222869,29.829403]]]},"properties":{"kind":"building","name":"橘园学生食堂","highway":"","source_url":"https://www.openstreetmap.org/way/843465284"}},{"type":"Feature","geometry":{"type":"Polygon","coordinates":[[[106.421552,29.8288611],[106.4209726,29.8285656],[106.4208922,29.8286796],[106.4214742,29.8289775],[106.421552,29.8288611]]]},"properties":{"kind":"building","name":"橘园五舍","highway":"","source_url":"https://www.openstreetmap.org/way/843465285"}},{"type":"Feature","geometry":{"type":"Polygon","coordinates":[[[106.4217344,29.8285831],[106.421155,29.8282876],[106.4210746,29.8284016],[106.4216566,29.8286994],[106.4217344,29.8285831]]]},"properties":{"kind":"building","name":"橘园四舍","highway":"","source_url":"https://www.openstreetmap.org/way/843465286"}},{"type":"Feature","geometry":{"type":"Polygon","coordinates":[[[106.4219221,29.8283085],[106.4213428,29.828013],[106.4212623,29.828127],[106.4218444,29.8284248],[106.4219221,29.8283085]]]},"properties":{"kind":"building","name":"橘园三舍","highway":"","source_url":"https://www.openstreetmap.org/way/843465287"}},{"type":"Feature","geometry":{"type":"Polygon","coordinates":[[[106.4208619,29.8284808],[106.4202529,29.8281658],[106.4201723,29.8282831],[106.4207812,29.8285983],[106.4208619,29.8284808]]]},"properties":{"kind":"building","name":"橘园八舍","highway":"","source_url":"https://www.openstreetmap.org/way/843465288"}},{"type":"Feature","geometry":{"type":"Polygon","coordinates":[[[106.4210278,29.828227],[106.4204188,29.827912],[106.4203381,29.8280293],[106.4209471,29.8283444],[106.4210278,29.828227]]]},"properties":{"kind":"building","name":"橘园九舍","highway":"","source_url":"https://www.openstreetmap.org/way/843465289"}},{"type":"Feature","geometry":{"type":"Polygon","coordinates":[[[106.4212021,29.827978],[106.4205931,29.827663],[106.4205125,29.8277803],[106.4211214,29.8280954],[106.4212021,29.827978]]]},"properties":{"kind":"building","name":"橘园十舍","highway":"","source_url":"https://www.openstreetmap.org/way/843465290"}},{"type":"Feature","geometry":{"type":"Polygon","coordinates":[[[106.4196184,29.8282581],[106.419038,29.8279607],[106.4189976,29.82802],[106.4190647,29.8280545],[106.4190183,29.8281227],[106.4195316,29.8283856],[106.4196184,29.8282581]]]},"properties":{"kind":"building","name":"橘园十三舍","highway":"","source_url":"https://www.openstreetmap.org/way/843465291"}},{"type":"Feature","geometry":{"type":"Polygon","coordinates":[[[106.4202668,29.8285531],[106.4197808,29.8282989],[106.4196971,29.8284192],[106.4201831,29.8286735],[106.4202668,29.8285531]]]},"properties":{"kind":"building","name":"","highway":"","source_url":"https://www.openstreetmap.org/way/843465292"}},{"type":"Feature","geometry":{"type":"Polygon","coordinates":[[[106.4213226,29.8290911],[106.4207822,29.828814],[106.4208023,29.8287846],[106.420757,29.8287614],[106.4207166,29.8288208],[106.4206777,29.8288008],[106.4207153,29.8287456],[106.42047,29.8286199],[106.4203958,29.8287287],[106.4207506,29.8289105],[106.4207265,29.8289459],[106.4212358,29.8292069],[106.4212692,29.8291578],[106.4213275,29.8291877],[106.4213642,29.829134],[106.4213117,29.8291071],[106.4213226,29.8290911]]]},"properties":{"kind":"building","name":"橘园六舍","highway":"","source_url":"https://www.openstreetmap.org/way/843465293"}},{"type":"Feature","geometry":{"type":"Polygon","coordinates":[[[106.4211412,29.8276821],[106.4209239,29.8275239],[106.4208531,29.827597],[106.4207417,29.8275158],[106.4207856,29.8274704],[106.4208477,29.8275156],[106.4209236,29.8274371],[106.4209723,29.8274725],[106.4210209,29.8274223],[106.421086,29.8274697],[106.4211101,29.8274448],[106.421263,29.8275562],[106.4211412,29.8276821]]]},"properties":{"kind":"building","name":"","highway":"","source_url":"https://www.openstreetmap.org/way/843465294"}},{"type":"Feature","geometry":{"type":"Polygon","coordinates":[[[106.4216757,29.8279485],[106.4215057,29.827895],[106.4215165,29.8278691],[106.4214427,29.8278459],[106.4214323,29.8278706],[106.4213276,29.8278376],[106.4213683,29.8277401],[106.4213223,29.8277256],[106.4213451,29.8276711],[106.4217398,29.8277954],[106.4216757,29.8279485]]]},"properties":{"kind":"building","name":"志成大厦","highway":"","source_url":"https://www.openstreetmap.org/way/843465295"}},{"type":"Feature","geometry":{"type":"Polygon","coordinates":[[[106.4213785,29.8276556],[106.4217661,29.8277893],[106.4218152,29.8277629],[106.4218362,29.8277163],[106.4218525,29.8276758],[106.4218432,29.8276454],[106.4218152,29.827611],[106.4214883,29.8274874],[106.4214299,29.8274955],[106.4213808,29.827528],[106.4213622,29.8275685],[106.4213528,29.827609],[106.4213785,29.8276556]]]},"properties":{"kind":"green","name":"","highway":"","source_url":"https://www.openstreetmap.org/way/843465296"}},{"type":"Feature","geometry":{"type":"Polygon","coordinates":[[[106.4211777,29.827286],[106.4215732,29.8274163],[106.4216389,29.8272664],[106.4212434,29.827136],[106.4211777,29.827286]]]},"properties":{"kind":"building","name":"","highway":"","source_url":"https://www.openstreetmap.org/way/843465297"}},{"type":"Feature","geometry":{"type":"Polygon","coordinates":[[[106.4216262,29.8273501],[106.4218825,29.827426],[106.42191,29.8273561],[106.4216537,29.8272802],[106.4216262,29.8273501]]]},"properties":{"kind":"building","name":"","highway":"","source_url":"https://www.openstreetmap.org/way/843465298"}},{"type":"Feature","geometry":{"type":"Polygon","coordinates":[[[106.4216991,29.8271561],[106.4221229,29.8273464],[106.4222081,29.8272037],[106.4217843,29.8270133],[106.4216991,29.8271561]]]},"properties":{"kind":"building","name":"杏园C栋","highway":"","source_url":"https://www.openstreetmap.org/way/843465299"}},{"type":"Feature","geometry":{"type":"Polygon","coordinates":[[[106.4212916,29.8270653],[106.4215749,29.8271506],[106.421605,29.8270752],[106.4213218,29.8269899],[106.4212916,29.8270653]]]},"properties":{"kind":"building","name":"","highway":"","source_url":"https://www.openstreetmap.org/way/843465300"}},{"type":"Feature","geometry":{"type":"Polygon","coordinates":[[[106.4209534,29.8273316],[106.4209534,29.8269022],[106.4211191,29.8269022],[106.4211191,29.8273316],[106.4209534,29.8273316]]]},"properties":{"kind":"building","name":"","highway":"","source_url":"https://www.openstreetmap.org/way/843465301"}},{"type":"Feature","geometry":{"type":"LineString","coordinates":[[106.4208373,29.8270817],[106.4212009,29.827087],[106.4217009,29.8272351],[106.4219815,29.8273497],[106.4218778,29.8276725],[106.4217599,29.8279229],[106.421691,29.8280896],[106.4220361,29.828282],[106.4225013,29.8283221],[106.4225198,29.8283824],[106.4225757,29.8285647]]},"properties":{"kind":"road","name":"","highway":"footway","source_url":"https://www.openstreetmap.org/way/843465302"}},{"type":"Feature","geometry":{"type":"Polygon","coordinates":[[[106.4226597,29.8279142],[106.4227319,29.8277411],[106.4222649,29.8275945],[106.4222866,29.8275424],[106.4219878,29.8274486],[106.421861,29.8277525],[106.4221841,29.827854],[106.422217,29.8277751],[106.4226597,29.8279142]]]},"properties":{"kind":"building","name":"橘园一舍","highway":"","source_url":"https://www.openstreetmap.org/way/843465303"}},{"type":"Feature","geometry":{"type":"Polygon","coordinates":[[[106.4225193,29.8282611],[106.421749,29.8280204],[106.4218134,29.8278653],[106.4225837,29.8281062],[106.4225193,29.8282611]]]},"properties":{"kind":"building","name":"橘园二舍","highway":"","source_url":"https://www.openstreetmap.org/way/843465304"}},{"type":"Feature","geometry":{"type":"Polygon","coordinates":[[[106.4218413,29.8269031],[106.422493,29.8271956],[106.422575,29.827058],[106.4219232,29.8267657],[106.4218413,29.8269031]]]},"properties":{"kind":"building","name":"杏园D栋","highway":"","source_url":"https://www.openstreetmap.org/way/843465305"}},{"type":"Feature","geometry":{"type":"Polygon","coordinates":[[[106.4219912,29.8266574],[106.422643,29.8269499],[106.422725,29.8268123],[106.4220732,29.82652],[106.4219912,29.8266574]]]},"properties":{"kind":"building","name":"杏园E栋","highway":"","source_url":"https://www.openstreetmap.org/way/843465306"}},{"type":"Feature","geometry":{"type":"Polygon","coordinates":[[[106.4226221,29.8271709],[106.4227103,29.8270208],[106.4229331,29.8271193],[106.4228449,29.8272694],[106.4226221,29.8271709]]]},"properties":{"kind":"building","name":"杏园B栋","highway":"","source_url":"https://www.openstreetmap.org/way/843465307"}},{"type":"Feature","geometry":{"type":"Polygon","coordinates":[[[106.4225201,29.8274386],[106.4226026,29.8273018],[106.4228939,29.827434],[106.4228114,29.8275708],[106.4225201,29.8274386]]]},"properties":{"kind":"building","name":"杏园A栋","highway":"","source_url":"https://www.openstreetmap.org/way/843465308"}},{"type":"Feature","geometry":{"type":"Polygon","coordinates":[[[106.4210883,29.8266482],[106.4217011,29.8269197],[106.4217704,29.826802],[106.4211575,29.8265305],[106.4210883,29.8266482]]]},"properties":{"kind":"building","name":"杏园F栋","highway":"","source_url":"https://www.openstreetmap.org/way/843465309"}},{"type":"Feature","geometry":{"type":"Polygon","coordinates":[[[106.4223881,29.8258204],[106.4225329,29.8259358],[106.4225609,29.8259115],[106.4228925,29.8261607],[106.4229649,29.8260877],[106.422659,29.8258588],[106.422729,29.8257758],[106.4226613,29.8257312],[106.4225913,29.8257089],[106.4224535,29.8256988],[106.4224208,29.8257008],[106.4223835,29.8257332],[106.4223671,29.8257677],[106.4223718,29.825796],[106.4223881,29.8258204]]]},"properties":{"kind":"building","name":"","highway":"","source_url":"https://www.openstreetmap.org/way/843465310"}},{"type":"Feature","geometry":{"type":"Polygon","coordinates":[[[106.4229724,29.8260477],[106.4231524,29.8261349],[106.4232025,29.8260571],[106.4230225,29.82597],[106.4229724,29.8260477]]]},"properties":{"kind":"building","name":"","highway":"","source_url":"https://www.openstreetmap.org/way/843465311"}},{"type":"Feature","geometry":{"type":"Polygon","coordinates":[[[106.4184722,29.8234492],[106.4186968,29.8236219],[106.4185958,29.8237208],[106.4185451,29.8236818],[106.418408,29.8238159],[106.4182827,29.8237195],[106.4184279,29.8235774],[106.4183794,29.8235401],[106.4184722,29.8234492]]]},"properties":{"kind":"building","name":"西南大学网络与继续教育学院","highway":"","source_url":"https://www.openstreetmap.org/way/843465312"}},{"type":"Feature","geometry":{"type":"Polygon","coordinates":[[[106.4174024,29.8234005],[106.4174962,29.8233307],[106.4175687,29.8232911],[106.4176625,29.8232539],[106.4177886,29.8232213],[106.4179468,29.823205],[106.4180863,29.8232213],[106.4182231,29.8232655],[106.4182768,29.8232865],[106.418258,29.823319],[106.4183063,29.8233353],[106.4181748,29.8235005],[106.4182231,29.8235331],[106.4181105,29.8236402],[106.4180461,29.8236053],[106.4180059,29.823589],[106.417971,29.8235797],[106.4179039,29.8235797],[106.4178932,29.8233516],[106.4177323,29.8233865],[106.4176572,29.8234121],[106.4176116,29.8234354],[106.4175257,29.8235052],[106.4174024,29.8234005]]]},"properties":{"kind":"building","name":"西南大学心理学部","highway":"","source_url":"https://www.openstreetmap.org/way/843465313"}},{"type":"Feature","geometry":{"type":"Polygon","coordinates":[[[106.4171837,29.8236018],[106.4175449,29.8238304],[106.4171158,29.8243407],[106.4170751,29.824315],[106.4170295,29.8242196],[106.4170598,29.8241746],[106.4169427,29.8241152],[106.4169947,29.8240381],[106.4169973,29.8239403],[106.4170161,29.8239101],[106.4171087,29.8238],[106.4170654,29.8237726],[106.4171255,29.8237011],[106.4171728,29.823731],[106.4172104,29.8236863],[106.4171466,29.823646],[106.4171837,29.8236018]]]},"properties":{"kind":"building","name":"西南大学外国语学院","highway":"","source_url":"https://www.openstreetmap.org/way/843465314"}},{"type":"Feature","geometry":{"type":"Polygon","coordinates":[[[106.4164901,29.8246726],[106.4167074,29.8245889],[106.4168469,29.8240793],[106.416643,29.8239815],[106.4163882,29.8238303],[106.4162031,29.8236325],[106.4161378,29.823587],[106.4161028,29.8236195],[106.4161471,29.8237552],[106.4162172,29.8238625],[106.4163222,29.8239537],[106.4164368,29.8240178],[106.4164722,29.8245735],[106.4164901,29.8246726]]]},"properties":{"kind":"green","name":"","highway":"","source_url":"https://www.openstreetmap.org/way/843465315"}},{"type":"Feature","geometry":{"type":"LineString","coordinates":[[106.4206504,29.8273658],[106.4205959,29.8274593],[106.4205315,29.8275384],[106.4204224,29.8277195]]},"properties":{"kind":"road","name":"","highway":"steps","source_url":"https://www.openstreetmap.org/way/843773075"}},{"type":"Feature","geometry":{"type":"Polygon","coordinates":[[[106.4123965,29.8130317],[106.4120506,29.8130005],[106.4118069,29.8129672],[106.4116071,29.8129774],[106.4112624,29.8130197],[106.4112868,29.8124181],[106.4122818,29.8126225],[106.4124087,29.8128034],[106.4123965,29.8130317]]]},"properties":{"kind":"green","name":"","highway":"","source_url":"https://www.openstreetmap.org/way/844471188"}},{"type":"Feature","geometry":{"type":"LineString","coordinates":[[106.4131822,29.8133323],[106.4131964,29.8132768],[106.4132168,29.8131968],[106.4132405,29.8131039],[106.4132677,29.8129972],[106.4133479,29.8126828],[106.413541,29.8120428]]},"properties":{"kind":"road","name":"","highway":"service","source_url":"https://www.openstreetmap.org/way/844471189"}},{"type":"Feature","geometry":{"type":"LineString","coordinates":[[106.4139454,29.8136325],[106.4142859,29.8131507],[106.4144649,29.8129025],[106.4147009,29.8125774],[106.4148423,29.8123761],[106.4149994,29.8121756]]},"properties":{"kind":"road","name":"","highway":"service","source_url":"https://www.openstreetmap.org/way/844471192"}},{"type":"Feature","geometry":{"type":"LineString","coordinates":[[106.4169766,29.8148683],[106.4170423,29.8147852],[106.4171222,29.814684],[106.4171506,29.8146241],[106.416988,29.8138692],[106.4169514,29.8138128],[106.4166953,29.8137105],[106.4166831,29.8136681],[106.4164148,29.8125993],[106.4162156,29.8121267],[106.4160692,29.8118868],[106.4159554,29.8117704],[106.4158537,29.8117034]]},"properties":{"kind":"road","name":"","highway":"service","source_url":"https://www.openstreetmap.org/way/844471193"}},{"type":"Feature","geometry":{"type":"Polygon","coordinates":[[[106.4136612,29.813062],[106.4133227,29.8129837],[106.4133422,29.8129202],[106.4133732,29.8129274],[106.4133816,29.8129002],[106.4134803,29.812923],[106.4134721,29.8129496],[106.4135415,29.8129657],[106.4135488,29.8129423],[106.4136591,29.8129679],[106.413652,29.812991],[106.413681,29.8129977],[106.4136612,29.813062]]]},"properties":{"kind":"building","name":"","highway":"","source_url":"https://www.openstreetmap.org/way/844471196"}},{"type":"Feature","geometry":{"type":"Polygon","coordinates":[[[106.4138076,29.8132977],[106.4138177,29.8132197],[106.4138336,29.8130971],[106.4141432,29.8131273],[106.4141171,29.813328],[106.4138076,29.8132977]]]},"properties":{"kind":"green","name":"","highway":"","source_url":"https://www.openstreetmap.org/way/844471216"}},{"type":"Feature","geometry":{"type":"Polygon","coordinates":[[[106.4138023,29.8135054],[106.4138881,29.8133231],[106.414004,29.8133642],[106.4139183,29.8135465],[106.4138023,29.8135054]]]},"properties":{"kind":"building","name":"","highway":"","source_url":"https://www.openstreetmap.org/way/844471217"}},{"type":"Feature","geometry":{"type":"LineString","coordinates":[[106.4132405,29.8131039],[106.4138177,29.8132197]]},"properties":{"kind":"road","name":"","highway":"service","source_url":"https://www.openstreetmap.org/way/844471218"}},{"type":"Feature","geometry":{"type":"Polygon","coordinates":[[[106.4150279,29.8134694],[106.4150013,29.813308],[106.415294,29.8132717],[106.4153206,29.8134331],[106.4150279,29.8134694]]]},"properties":{"kind":"building","name":"","highway":"","source_url":"https://www.openstreetmap.org/way/844471232"}},{"type":"Feature","geometry":{"type":"Polygon","coordinates":[[[106.4154138,29.8134157],[106.415395,29.8132567],[106.4156808,29.8132312],[106.4156996,29.8133902],[106.4154138,29.8134157]]]},"properties":{"kind":"building","name":"","highway":"","source_url":"https://www.openstreetmap.org/way/844471233"}},{"type":"Feature","geometry":{"type":"Polygon","coordinates":[[[106.4157744,29.8133808],[106.4157574,29.8132356],[106.4159333,29.8132201],[106.4159503,29.8133653],[106.4157744,29.8133808]]]},"properties":{"kind":"building","name":"","highway":"","source_url":"https://www.openstreetmap.org/way/844471234"}},{"type":"Feature","geometry":{"type":"Polygon","coordinates":[[[106.4164178,29.8132791],[106.4163029,29.8129896],[106.4163742,29.8129683],[106.4164891,29.8132578],[106.4164178,29.8132791]]]},"properties":{"kind":"building","name":"","highway":"","source_url":"https://www.openstreetmap.org/way/844471238"}},{"type":"Feature","geometry":{"type":"Polygon","coordinates":[[[106.4165881,29.813012],[106.4165809,29.8129214],[106.4169834,29.8128974],[106.4169906,29.812988],[106.4165881,29.813012]]]},"properties":{"kind":"building","name":"","highway":"","source_url":"https://www.openstreetmap.org/way/844471245"}},{"type":"Feature","geometry":{"type":"Polygon","coordinates":[[[106.416623,29.8132424],[106.4166158,29.8131518],[106.4170183,29.8131278],[106.4170255,29.8132184],[106.416623,29.8132424]]]},"properties":{"kind":"building","name":"","highway":"","source_url":"https://www.openstreetmap.org/way/844471246"}},{"type":"Feature","geometry":{"type":"Polygon","coordinates":[[[106.4166958,29.813484],[106.4166891,29.8133946],[106.4170594,29.8133737],[106.4170661,29.8134631],[106.4166958,29.813484]]]},"properties":{"kind":"building","name":"","highway":"","source_url":"https://www.openstreetmap.org/way/844471247"}},{"type":"Feature","geometry":{"type":"Polygon","coordinates":[[[106.4170157,29.8145896],[106.4170305,29.8146757],[106.4168586,29.8146979],[106.4168446,29.8146165],[106.4168903,29.8146106],[106.4168958,29.814643],[106.4169725,29.8146331],[106.4169661,29.814596],[106.4170157,29.8145896]]]},"properties":{"kind":"building","name":"","highway":"","source_url":"https://www.openstreetmap.org/way/844471248"}},{"type":"Feature","geometry":{"type":"Polygon","coordinates":[[[106.4169665,29.8144013],[106.4169812,29.8144875],[106.4168094,29.8145096],[106.4167954,29.8144283],[106.4168411,29.8144224],[106.4168466,29.8144548],[106.4169233,29.8144449],[106.4169169,29.8144077],[106.4169665,29.8144013]]]},"properties":{"kind":"building","name":"","highway":"","source_url":"https://www.openstreetmap.org/way/844471249"}},{"type":"Feature","geometry":{"type":"Polygon","coordinates":[[[106.4169357,29.8142302],[106.4169504,29.8143164],[106.4167785,29.8143385],[106.4167646,29.8142572],[106.4168103,29.8142513],[106.4168158,29.8142837],[106.4168925,29.8142738],[106.4168861,29.8142366],[106.4169357,29.8142302]]]},"properties":{"kind":"building","name":"","highway":"","source_url":"https://www.openstreetmap.org/way/844471250"}},{"type":"Feature","geometry":{"type":"Polygon","coordinates":[[[106.4168925,29.8140404],[106.4169073,29.8141266],[106.4167354,29.8141487],[106.4167215,29.8140674],[106.4167671,29.8140615],[106.4167727,29.8140939],[106.4168493,29.814084],[106.416843,29.8140468],[106.4168925,29.8140404]]]},"properties":{"kind":"building","name":"","highway":"","source_url":"https://www.openstreetmap.org/way/844471251"}},{"type":"Feature","geometry":{"type":"Polygon","coordinates":[[[106.4168556,29.8138667],[106.4168703,29.8139528],[106.4166984,29.813975],[106.4166845,29.8138936],[106.4167301,29.8138877],[106.4167357,29.8139201],[106.4168124,29.8139102],[106.416806,29.8138731],[106.4168556,29.8138667]]]},"properties":{"kind":"building","name":"","highway":"","source_url":"https://www.openstreetmap.org/way/844471252"}},{"type":"Feature","geometry":{"type":"Polygon","coordinates":[[[106.417492,29.8146933],[106.4175076,29.8147766],[106.4173354,29.8148009],[106.4173209,29.8147234],[106.4173641,29.8147173],[106.4173701,29.8147491],[106.4174462,29.8147384],[106.4174391,29.8147008],[106.417492,29.8146933]]]},"properties":{"kind":"building","name":"","highway":"","source_url":"https://www.openstreetmap.org/way/844471253"}},{"type":"Feature","geometry":{"type":"Polygon","coordinates":[[[106.4174533,29.8145182],[106.417469,29.8146014],[106.4172968,29.8146257],[106.4172823,29.8145482],[106.4173255,29.8145421],[106.4173315,29.814574],[106.4174076,29.8145632],[106.4174005,29.8145256],[106.4174533,29.8145182]]]},"properties":{"kind":"building","name":"","highway":"","source_url":"https://www.openstreetmap.org/way/844471254"}},{"type":"Feature","geometry":{"type":"Polygon","coordinates":[[[106.4174086,29.8143277],[106.4174242,29.8144109],[106.4172521,29.8144353],[106.4172375,29.8143578],[106.4172808,29.8143516],[106.4172868,29.8143835],[106.4173628,29.8143728],[106.4173558,29.8143352],[106.4174086,29.8143277]]]},"properties":{"kind":"building","name":"","highway":"","source_url":"https://www.openstreetmap.org/way/844471255"}},{"type":"Feature","geometry":{"type":"Polygon","coordinates":[[[106.4173741,29.8141531],[106.4173897,29.8142363],[106.4172175,29.8142607],[106.417203,29.8141832],[106.4172462,29.814177],[106.4172522,29.8142089],[106.4173283,29.8141982],[106.4173212,29.8141606],[106.4173741,29.8141531]]]},"properties":{"kind":"building","name":"","highway":"","source_url":"https://www.openstreetmap.org/way/844471256"}},{"type":"Feature","geometry":{"type":"Polygon","coordinates":[[[106.4173314,29.8139644],[106.417347,29.8140476],[106.4171748,29.8140719],[106.4171603,29.8139944],[106.4172036,29.8139883],[106.4172095,29.8140202],[106.4172856,29.8140094],[106.4172785,29.8139718],[106.4173314,29.8139644]]]},"properties":{"kind":"building","name":"","highway":"","source_url":"https://www.openstreetmap.org/way/844471257"}},{"type":"Feature","geometry":{"type":"Polygon","coordinates":[[[106.4172907,29.8137933],[106.4173063,29.8138765],[106.4171342,29.8139009],[106.4171196,29.8138234],[106.4171629,29.8138172],[106.4171689,29.8138491],[106.4172449,29.8138384],[106.4172379,29.8138008],[106.4172907,29.8137933]]]},"properties":{"kind":"building","name":"","highway":"","source_url":"https://www.openstreetmap.org/way/844471258"}},{"type":"Feature","geometry":{"type":"Polygon","coordinates":[[[106.4172562,29.8136011],[106.4172718,29.8136843],[106.4170996,29.8137086],[106.4170851,29.8136311],[106.4171283,29.813625],[106.4171343,29.8136569],[106.4172104,29.8136461],[106.4172033,29.8136085],[106.4172562,29.8136011]]]},"properties":{"kind":"building","name":"","highway":"","source_url":"https://www.openstreetmap.org/way/844471259"}},{"type":"Feature","geometry":{"type":"LineString","coordinates":[[106.4166953,29.8137105],[106.4165421,29.8136852],[106.4164767,29.8136325],[106.416444,29.8135636],[106.4162899,29.8131058],[106.4162572,29.8130612],[106.4162012,29.813045],[106.4157575,29.8130166],[106.4156922,29.8130045],[106.4156501,29.8129801],[106.4156315,29.8129356],[106.4155848,29.8127168],[106.4155707,29.8126762],[106.4155287,29.8126236],[106.415468,29.8126033],[106.4153419,29.8126033],[106.4152905,29.8125952],[106.4152018,29.8125709],[106.4151504,29.8125628],[106.4147009,29.8125774]]},"properties":{"kind":"road","name":"","highway":"service","source_url":"https://www.openstreetmap.org/way/844471260"}},{"type":"Feature","geometry":{"type":"Polygon","coordinates":[[[106.4158651,29.8137651],[106.4158651,29.813751],[106.4159961,29.8137515],[106.415996,29.8137677],[106.4162104,29.8137684],[106.4162108,29.813667],[106.416195,29.8136718],[106.4161809,29.8136557],[106.415999,29.8136548],[106.4159989,29.8136776],[106.4159089,29.8136772],[106.4159089,29.8136614],[106.4157395,29.8136606],[106.4157394,29.8136765],[106.4156947,29.8136763],[106.4156943,29.8137644],[106.4158651,29.8137651]]]},"properties":{"kind":"building","name":"","highway":"","source_url":"https://www.openstreetmap.org/way/844471261"}},{"type":"Feature","geometry":{"type":"Polygon","coordinates":[[[106.4156694,29.8141513],[106.4157323,29.8140177],[106.4152862,29.8138596],[106.4152233,29.8139932],[106.4156694,29.8141513]]]},"properties":{"kind":"building","name":"","highway":"","source_url":"https://www.openstreetmap.org/way/844471262"}},{"type":"Feature","geometry":{"type":"Polygon","coordinates":[[[106.41558,29.8137873],[106.4152332,29.8137823],[106.4152357,29.8136567],[106.4155824,29.8136617],[106.41558,29.8137873]]]},"properties":{"kind":"building","name":"","highway":"","source_url":"https://www.openstreetmap.org/way/844471263"}},{"type":"Feature","geometry":{"type":"Polygon","coordinates":[[[106.415765,29.8142172],[106.4158175,29.8141104],[106.4162802,29.8142816],[106.4162277,29.8143883],[106.415765,29.8142172]]]},"properties":{"kind":"building","name":"","highway":"","source_url":"https://www.openstreetmap.org/way/844471264"}},{"type":"Feature","geometry":{"type":"Polygon","coordinates":[[[106.4142367,29.8136375],[106.4148513,29.8138643],[106.4149024,29.8137601],[106.4142878,29.8135332],[106.4142367,29.8136375]]]},"properties":{"kind":"building","name":"","highway":"","source_url":"https://www.openstreetmap.org/way/844471265"}},{"type":"Feature","geometry":{"type":"Polygon","coordinates":[[[106.4161904,29.8140012],[106.4161883,29.813917],[106.4165981,29.8139095],[106.4166001,29.8139936],[106.4161904,29.8140012]]]},"properties":{"kind":"building","name":"","highway":"","source_url":"https://www.openstreetmap.org/way/844471266"}},{"type":"Feature","geometry":{"type":"Polygon","coordinates":[[[106.4164114,29.8144533],[106.4163992,29.8142689],[106.4166148,29.8142581],[106.4166271,29.8144425],[106.4164114,29.8144533]]]},"properties":{"kind":"building","name":"","highway":"","source_url":"https://www.openstreetmap.org/way/844471267"}},{"type":"Feature","geometry":{"type":"Polygon","coordinates":[[[106.417601,29.8145479],[106.4175754,29.8144294],[106.417951,29.8143683],[106.4180329,29.8147475],[106.417747,29.814794],[106.4177631,29.8148684],[106.4176929,29.8148798],[106.4176598,29.8147266],[106.4179373,29.8146815],[106.4178981,29.8144997],[106.417601,29.8145479]]]},"properties":{"kind":"building","name":"楠园十三舍","highway":"","source_url":"https://www.openstreetmap.org/way/844471271"}},{"type":"Feature","geometry":{"type":"Polygon","coordinates":[[[106.4181645,29.8149612],[106.4180873,29.8148296],[106.4182846,29.8147424],[106.4182709,29.814719],[106.41833,29.8146929],[106.4184209,29.8148478],[106.4181645,29.8149612]]]},"properties":{"kind":"building","name":"","highway":"","source_url":"https://www.openstreetmap.org/way/844471272"}},{"type":"Feature","geometry":{"type":"Polygon","coordinates":[[[106.4182102,29.8146616],[106.4180194,29.8143647],[106.4181439,29.8143045],[106.4183347,29.8146014],[106.4182102,29.8146616]]]},"properties":{"kind":"building","name":"","highway":"","source_url":"https://www.openstreetmap.org/way/844471273"}},{"type":"Feature","geometry":{"type":"Polygon","coordinates":[[[106.4179836,29.8155595],[106.4176961,29.8150736],[106.4177956,29.8150293],[106.418084,29.8155169],[106.418049,29.8155696],[106.4179836,29.8155595]]]},"properties":{"kind":"building","name":"","highway":"","source_url":"https://www.openstreetmap.org/way/844471274"}},{"type":"Feature","geometry":{"type":"Polygon","coordinates":[[[106.4183738,29.8161781],[106.4181016,29.8156899],[106.4181807,29.8156567],[106.4184601,29.8161578],[106.4184391,29.8161882],[106.4183738,29.8161781]]]},"properties":{"kind":"building","name":"","highway":"","source_url":"https://www.openstreetmap.org/way/844471275"}},{"type":"Feature","geometry":{"type":"Polygon","coordinates":[[[106.4185767,29.8161582],[106.4185188,29.8160569],[106.4187101,29.8159747],[106.4187679,29.8160761],[106.4185767,29.8161582]]]},"properties":{"kind":"building","name":"","highway":"","source_url":"https://www.openstreetmap.org/way/844471276"}},{"type":"Feature","geometry":{"type":"Polygon","coordinates":[[[106.4184204,29.8158837],[106.4183626,29.8157824],[106.4185538,29.8157002],[106.4186116,29.8158016],[106.4184204,29.8158837]]]},"properties":{"kind":"building","name":"","highway":"","source_url":"https://www.openstreetmap.org/way/844471277"}},{"type":"Feature","geometry":{"type":"Polygon","coordinates":[[[106.4182109,29.8155228],[106.4181531,29.8154215],[106.4183443,29.8153394],[106.4184021,29.8154407],[106.4182109,29.8155228]]]},"properties":{"kind":"building","name":"","highway":"","source_url":"https://www.openstreetmap.org/way/844471278"}},{"type":"Feature","geometry":{"type":"Polygon","coordinates":[[[106.4180568,29.8152595],[106.417999,29.8151582],[106.4181903,29.815076],[106.4182481,29.8151774],[106.4180568,29.8152595]]]},"properties":{"kind":"building","name":"","highway":"","source_url":"https://www.openstreetmap.org/way/844471279"}},{"type":"Feature","geometry":{"type":"Polygon","coordinates":[[[106.418403,29.815192],[106.4183537,29.8151096],[106.4186714,29.8149666],[106.4187207,29.8150491],[106.418403,29.815192]]]},"properties":{"kind":"building","name":"","highway":"","source_url":"https://www.openstreetmap.org/way/844471280"}},{"type":"Feature","geometry":{"type":"Polygon","coordinates":[[[106.4185188,29.815401],[106.4184695,29.8153186],[106.4187872,29.8151756],[106.4188365,29.8152581],[106.4185188,29.815401]]]},"properties":{"kind":"building","name":"","highway":"","source_url":"https://www.openstreetmap.org/way/844471281"}},{"type":"Feature","geometry":{"type":"Polygon","coordinates":[[[106.4186132,29.8156445],[106.4185665,29.8155623],[106.4189214,29.8154104],[106.4189681,29.8154926],[106.4186132,29.8156445]]]},"properties":{"kind":"building","name":"","highway":"","source_url":"https://www.openstreetmap.org/way/844471282"}},{"type":"Feature","geometry":{"type":"Polygon","coordinates":[[[106.4187335,29.8158436],[106.4186936,29.8157734],[106.4188417,29.8157099],[106.4188658,29.8157524],[106.419005,29.8156927],[106.4190457,29.8157641],[106.4188996,29.8158267],[106.4188747,29.815783],[106.4187335,29.8158436]]]},"properties":{"kind":"building","name":"","highway":"","source_url":"https://www.openstreetmap.org/way/844471283"}},{"type":"Feature","geometry":{"type":"Polygon","coordinates":[[[106.4188265,29.816024],[106.4187866,29.8159539],[106.4189347,29.8158904],[106.4189588,29.8159328],[106.419098,29.8158731],[106.4191387,29.8159445],[106.4189926,29.8160072],[106.4189678,29.8159635],[106.4188265,29.816024]]]},"properties":{"kind":"building","name":"","highway":"","source_url":"https://www.openstreetmap.org/way/844471284"}},{"type":"Feature","geometry":{"type":"Polygon","coordinates":[[[106.4194575,29.8164736],[106.4192396,29.8160662],[106.4193538,29.8160203],[106.4195716,29.8164277],[106.4194575,29.8164736]]]},"properties":{"kind":"building","name":"","highway":"","source_url":"https://www.openstreetmap.org/way/844471285"}},{"type":"Feature","geometry":{"type":"Polygon","coordinates":[[[106.4191984,29.8166024],[106.419005,29.8162574],[106.4191209,29.8162085],[106.4193143,29.8165535],[106.4191984,29.8166024]]]},"properties":{"kind":"building","name":"","highway":"","source_url":"https://www.openstreetmap.org/way/844471286"}},{"type":"Feature","geometry":{"type":"Polygon","coordinates":[[[106.4187098,29.816519],[106.4186519,29.8164177],[106.4188432,29.8163356],[106.418901,29.8164369],[106.4187098,29.816519]]]},"properties":{"kind":"building","name":"","highway":"","source_url":"https://www.openstreetmap.org/way/844471287"}},{"type":"Feature","geometry":{"type":"Polygon","coordinates":[[[106.4189334,29.8167188],[106.4188379,29.8165437],[106.4189581,29.8164943],[106.4190537,29.8166694],[106.4189334,29.8167188]]]},"properties":{"kind":"building","name":"","highway":"","source_url":"https://www.openstreetmap.org/way/844471288"}},{"type":"Feature","geometry":{"type":"LineString","coordinates":[[106.4189166,29.8253895],[106.419206,29.8251648]]},"properties":{"kind":"road","name":"","highway":"footway","source_url":"https://www.openstreetmap.org/way/844474387"}},{"type":"Feature","geometry":{"type":"LineString","coordinates":[[106.4199798,29.8273379],[106.4198242,29.8273337],[106.4197449,29.8272648],[106.4196374,29.8273539],[106.4195832,29.8273166]]},"properties":{"kind":"road","name":"","highway":"steps","source_url":"https://www.openstreetmap.org/way/844474388"}},{"type":"Feature","geometry":{"type":"LineString","coordinates":[[106.4248584,29.827306],[106.4244227,29.8270679],[106.4243032,29.8270171],[106.4242351,29.8269881],[106.4241041,29.8269819],[106.423913,29.8269911],[106.4237785,29.8270188],[106.4233715,29.8271447],[106.4231769,29.8272398],[106.4230459,29.8273442],[106.4229043,29.8274824],[106.4228406,29.8275899],[106.4228153,29.8276533],[106.4227451,29.8278293],[106.4226849,29.8279859]]},"properties":{"kind":"road","name":"","highway":"service","source_url":"https://www.openstreetmap.org/way/846878930"}},{"type":"Feature","geometry":{"type":"Polygon","coordinates":[[[106.420321,29.8276902],[106.4197405,29.8273927],[106.4197001,29.8274521],[106.4197673,29.8274866],[106.4197209,29.8275548],[106.4202341,29.8278177],[106.420321,29.8276902]]]},"properties":{"kind":"building","name":"橘园十一舍","highway":"","source_url":"https://www.openstreetmap.org/way/846878931"}},{"type":"Feature","geometry":{"type":"Polygon","coordinates":[[[106.4200661,29.8280617],[106.4194857,29.8277642],[106.4194453,29.8278236],[106.4195125,29.8278581],[106.4194661,29.8279263],[106.4199793,29.8281892],[106.4200661,29.8280617]]]},"properties":{"kind":"building","name":"橘园十二舍","highway":"","source_url":"https://www.openstreetmap.org/way/846878932"}},{"type":"Feature","geometry":{"type":"Polygon","coordinates":[[[106.4194943,29.8277416],[106.4196082,29.8277995],[106.4197009,29.8276624],[106.4195869,29.8276045],[106.4194943,29.8277416]]]},"properties":{"kind":"building","name":"","highway":"","source_url":"https://www.openstreetmap.org/way/846878933"}},{"type":"Feature","geometry":{"type":"Polygon","coordinates":[[[106.4213432,29.8263934],[106.4218286,29.8265988],[106.4218736,29.8265189],[106.4213882,29.8263134],[106.4213432,29.8263934]]]},"properties":{"kind":"building","name":"北区博士后公寓","highway":"","source_url":"https://www.openstreetmap.org/way/846878934"}},{"type":"Feature","geometry":{"type":"Polygon","coordinates":[[[106.4228713,29.8237671],[106.4227497,29.8235304],[106.4228971,29.8234735],[106.4229558,29.8235878],[106.4228946,29.8236114],[106.4229575,29.8237338],[106.4228713,29.8237671]]]},"properties":{"kind":"building","name":"","highway":"","source_url":"https://www.openstreetmap.org/way/846878937"}},{"type":"Feature","geometry":{"type":"LineString","coordinates":[[106.4232426,29.823676],[106.4229743,29.8233609],[106.4229531,29.8230876],[106.4228399,29.8229586]]},"properties":{"kind":"road","name":"","highway":"footway","source_url":"https://www.openstreetmap.org/way/846878938"}},{"type":"Feature","geometry":{"type":"LineString","coordinates":[[106.4225709,29.8231337],[106.422551,29.8231074],[106.422322,29.8228036],[106.4225154,29.8226917],[106.4228882,29.8227127],[106.422915,29.8227592],[106.4229673,29.8228266],[106.4228399,29.8229586],[106.4225709,29.8231337]]},"properties":{"kind":"road","name":"","highway":"pedestrian","source_url":"https://www.openstreetmap.org/way/846878939"}},{"type":"Feature","geometry":{"type":"LineString","coordinates":[[106.422551,29.8231074],[106.4224293,29.8232043],[106.4221709,29.8232135],[106.4210066,29.8241991],[106.420773,29.8241991]]},"properties":{"kind":"road","name":"","highway":"footway","source_url":"https://www.openstreetmap.org/way/846878940"}},{"type":"Feature","geometry":{"type":"Polygon","coordinates":[[[106.4161817,29.8219489],[106.4162556,29.8219963],[106.4165324,29.8216714],[106.4164587,29.8216241],[106.4161817,29.8219489]]]},"properties":{"kind":"building","name":"","highway":"","source_url":"https://www.openstreetmap.org/way/846878941"}},{"type":"Feature","geometry":{"type":"Polygon","coordinates":[[[106.4166205,29.8216153],[106.4167029,29.8216472],[106.4168202,29.8214189],[106.4167378,29.821387],[106.4166205,29.8216153]]]},"properties":{"kind":"building","name":"","highway":"","source_url":"https://www.openstreetmap.org/way/846878942"}},{"type":"Feature","geometry":{"type":"Polygon","coordinates":[[[106.4175819,29.8222044],[106.4172078,29.8224459],[106.416919,29.8221092],[106.4172932,29.8218677],[106.4175819,29.8222044]]]},"properties":{"kind":"building","name":"淡水鱼类资源与生殖发育教育部重点实验室","highway":"","source_url":"https://www.openstreetmap.org/way/846878943"}},{"type":"Feature","geometry":{"type":"Polygon","coordinates":[[[106.4166686,29.8222134],[106.4170151,29.8219956],[106.4168169,29.8217583],[106.4164704,29.8219761],[106.4166686,29.8222134]]]},"properties":{"kind":"building","name":"","highway":"","source_url":"https://www.openstreetmap.org/way/846878944"}},{"type":"Feature","geometry":{"type":"LineString","coordinates":[[106.4168825,29.8198006],[106.4173412,29.8199535],[106.417638,29.8203027]]},"properties":{"kind":"road","name":"","highway":"footway","source_url":"https://www.openstreetmap.org/way/846878945"}},{"type":"Feature","geometry":{"type":"LineString","coordinates":[[106.4178666,29.8201822],[106.417638,29.8203027],[106.4175689,29.8203499],[106.4176249,29.8204201],[106.4174916,29.8205001],[106.417666,29.8207188],[106.4177389,29.820675],[106.41781,29.8207641],[106.4177613,29.8207934],[106.4178755,29.8209364],[106.4179011,29.820971],[106.4181537,29.8208083],[106.4180968,29.8207423],[106.4179842,29.8205451],[106.4179126,29.8202546],[106.4178666,29.8201822]]},"properties":{"kind":"road","name":"","highway":"pedestrian","source_url":"https://www.openstreetmap.org/way/846878946"}},{"type":"Feature","geometry":{"type":"LineString","coordinates":[[106.4181705,29.8208278],[106.4176949,29.8211123],[106.4176108,29.8211589],[106.4174988,29.8211853],[106.4173563,29.8212136],[106.4170207,29.8214335]]},"properties":{"kind":"road","name":"","highway":"footway","source_url":"https://www.openstreetmap.org/way/846878948"}},{"type":"Feature","geometry":{"type":"Polygon","coordinates":[[[106.4182903,29.8238893],[106.4181416,29.8237938],[106.4181819,29.8237466],[106.4183305,29.8238421],[106.4182903,29.8238893]]]},"properties":{"kind":"building","name":"MRI Laboratory","highway":"","source_url":"https://www.openstreetmap.org/way/846878949"}},{"type":"Feature","geometry":{"type":"LineString","coordinates":[[106.417153,29.8234862],[106.4176501,29.8238185],[106.4176094,29.8239348],[106.4175119,29.8240759],[106.4173411,29.8242664],[106.4172313,29.8243934],[106.4171663,29.8244216],[106.4171053,29.8244216],[106.4169433,29.8243755]]},"properties":{"kind":"road","name":"","highway":"path","source_url":"https://www.openstreetmap.org/way/846878950"}},{"type":"Feature","geometry":{"type":"LineString","coordinates":[[106.4174978,29.826063],[106.4176141,29.8261603],[106.4176862,29.8262195],[106.4178245,29.8263204],[106.4179223,29.8263872],[106.4180393,29.8264526],[106.4181915,29.8265398],[106.4183052,29.8265735],[106.4183473,29.8265411],[106.4184542,29.826591],[106.418626,29.8266486],[106.4188143,29.8266951],[106.4188999,29.8267319]]},"properties":{"kind":"road","name":"","highway":"footway","source_url":"https://www.openstreetmap.org/way/846878951"}},{"type":"Feature","geometry":{"type":"LineString","coordinates":[[106.4176141,29.8261603],[106.4179024,29.8258925]]},"properties":{"kind":"road","name":"","highway":"steps","source_url":"https://www.openstreetmap.org/way/846878952"}},{"type":"Feature","geometry":{"type":"LineString","coordinates":[[106.4179223,29.8263872],[106.4181936,29.826085]]},"properties":{"kind":"road","name":"","highway":"steps","source_url":"https://www.openstreetmap.org/way/846878953"}},{"type":"Feature","geometry":{"type":"LineString","coordinates":[[106.4183473,29.8265411],[106.4185342,29.8261951]]},"properties":{"kind":"road","name":"","highway":"steps","source_url":"https://www.openstreetmap.org/way/846878954"}},{"type":"Feature","geometry":{"type":"LineString","coordinates":[[106.4195682,29.8275631],[106.419776,29.827666],[106.4202078,29.8278772],[106.4202944,29.8279248]]},"properties":{"kind":"road","name":"","highway":"service","source_url":"https://www.openstreetmap.org/way/846878955"}},{"type":"Feature","geometry":{"type":"LineString","coordinates":[[106.4196684,29.8278315],[106.419776,29.827666],[106.4202078,29.8278772],[106.4201003,29.8280427],[106.4196684,29.8278315]]},"properties":{"kind":"road","name":"","highway":"pedestrian","source_url":"https://www.openstreetmap.org/way/846878956"}},{"type":"Feature","geometry":{"type":"LineString","coordinates":[[106.4211632,29.8281872],[106.4209814,29.8284464],[106.4208106,29.8286901]]},"properties":{"kind":"road","name":"","highway":"steps","source_url":"https://www.openstreetmap.org/way/846878957"}},{"type":"Feature","geometry":{"type":"LineString","coordinates":[[106.4203105,29.8281083],[106.4209814,29.8284464],[106.4216412,29.8287684],[106.4217262,29.8287776],[106.4218005,29.8288083],[106.4218536,29.8288937]]},"properties":{"kind":"road","name":"","highway":"footway","source_url":"https://www.openstreetmap.org/way/846878958"}},{"type":"Feature","geometry":{"type":"LineString","coordinates":[[106.4219078,29.8284949],[106.4217262,29.8287776]]},"properties":{"kind":"road","name":"","highway":"steps","source_url":"https://www.openstreetmap.org/way/846878959"}},{"type":"Feature","geometry":{"type":"Polygon","coordinates":[[[106.4256736,29.8304005],[106.4256747,29.8303274],[106.4262033,29.8303337],[106.4262021,29.8304067],[106.4256736,29.8304005]]]},"properties":{"kind":"building","name":"","highway":"","source_url":"https://www.openstreetmap.org/way/846878960"}},{"type":"Feature","geometry":{"type":"Polygon","coordinates":[[[106.4256826,29.8301308],[106.4256839,29.8300429],[106.4260803,29.8300473],[106.426081,29.8299988],[106.426264,29.8300009],[106.4262628,29.83008],[106.4260808,29.8300779],[106.42608,29.8301353],[106.4256826,29.8301308]]]},"properties":{"kind":"building","name":"","highway":"","source_url":"https://www.openstreetmap.org/way/846878961"}},{"type":"Feature","geometry":{"type":"Polygon","coordinates":[[[106.4253388,29.8303661],[106.4255842,29.8303706],[106.4255883,29.8302007],[106.4254616,29.8301984],[106.425343,29.8301962],[106.4253388,29.8303661]]]},"properties":{"kind":"building","name":"","highway":"","source_url":"https://www.openstreetmap.org/way/846878962"}},{"type":"Feature","geometry":{"type":"LineString","coordinates":[[106.4254616,29.8301984],[106.4254631,29.8300518]]},"properties":{"kind":"road","name":"","highway":"footway","source_url":"https://www.openstreetmap.org/way/846878963"}},{"type":"Feature","geometry":{"type":"Polygon","coordinates":[[[106.4249914,29.8305934],[106.4252339,29.8306008],[106.4252401,29.8304494],[106.4251244,29.8304459],[106.4249976,29.830442],[106.4249914,29.8305934]]]},"properties":{"kind":"building","name":"","highway":"","source_url":"https://www.openstreetmap.org/way/846878964"}},{"type":"Feature","geometry":{"type":"LineString","coordinates":[[106.4251244,29.8304459],[106.4251078,29.830298]]},"properties":{"kind":"road","name":"","highway":"footway","source_url":"https://www.openstreetmap.org/way/846878965"}},{"type":"Feature","geometry":{"type":"Polygon","coordinates":[[[106.4245937,29.8307869],[106.4245995,29.8306148],[106.4248152,29.8306203],[106.4248094,29.8307924],[106.4245937,29.8307869]]]},"properties":{"kind":"building","name":"","highway":"","source_url":"https://www.openstreetmap.org/way/846878966"}},{"type":"Feature","geometry":{"type":"Polygon","coordinates":[[[106.424426,29.8311324],[106.4244254,29.8310684],[106.424473,29.8310681],[106.4244723,29.8309949],[106.4245503,29.8309944],[106.4245507,29.8310335],[106.4246618,29.8310326],[106.4246625,29.8310974],[106.4245934,29.8310979],[106.4245939,29.8311495],[106.4245319,29.8311499],[106.4245317,29.8311316],[106.424426,29.8311324]]]},"properties":{"kind":"building","name":"","highway":"","source_url":"https://www.openstreetmap.org/way/846878967"}},{"type":"Feature","geometry":{"type":"Polygon","coordinates":[[[106.4242058,29.8313979],[106.4242083,29.831248],[106.4244,29.8312505],[106.4243974,29.8314004],[106.4242058,29.8313979]]]},"properties":{"kind":"building","name":"","highway":"","source_url":"https://www.openstreetmap.org/way/846878968"}},{"type":"Feature","geometry":{"type":"Polygon","coordinates":[[[106.4250535,29.8315757],[106.4250608,29.8313976],[106.4253085,29.8314052],[106.4253012,29.8315833],[106.4250535,29.8315757]]]},"properties":{"kind":"building","name":"","highway":"","source_url":"https://www.openstreetmap.org/way/846878969"}},{"type":"Feature","geometry":{"type":"Polygon","coordinates":[[[106.4247344,29.8314814],[106.424739,29.8313173],[106.4249347,29.8313215],[106.4249301,29.8314856],[106.4247344,29.8314814]]]},"properties":{"kind":"building","name":"","highway":"","source_url":"https://www.openstreetmap.org/way/846878970"}},{"type":"Feature","geometry":{"type":"Polygon","coordinates":[[[106.4240072,29.8316846],[106.4240278,29.8315307],[106.4242205,29.83155],[106.4241999,29.831704],[106.4240072,29.8316846]]]},"properties":{"kind":"building","name":"","highway":"","source_url":"https://www.openstreetmap.org/way/846878971"}},{"type":"Feature","geometry":{"type":"Polygon","coordinates":[[[106.4237725,29.8319432],[106.4238041,29.831787],[106.4239981,29.8318165],[106.4239665,29.8319728],[106.4237725,29.8319432]]]},"properties":{"kind":"building","name":"","highway":"","source_url":"https://www.openstreetmap.org/way/846878972"}},{"type":"Feature","geometry":{"type":"Polygon","coordinates":[[[106.4243247,29.8319724],[106.4244824,29.8319724],[106.4244824,29.8320093],[106.4246546,29.8320093],[106.4246546,29.8320441],[106.4248182,29.8320442],[106.4248181,29.8321259],[106.4246409,29.8321259],[106.4246409,29.8320814],[106.4244775,29.8320815],[106.4244775,29.8320277],[106.4243247,29.8320277],[106.4243247,29.8319724]]]},"properties":{"kind":"building","name":"","highway":"","source_url":"https://www.openstreetmap.org/way/846878973"}},{"type":"Feature","geometry":{"type":"Polygon","coordinates":[[[106.4243244,29.8322374],[106.4244822,29.8322374],[106.4244822,29.8322744],[106.4246543,29.8322744],[106.4246543,29.8323092],[106.4248179,29.8323092],[106.4248179,29.832391],[106.4246406,29.8323909],[106.4246406,29.8323465],[106.4244773,29.8323465],[106.4244772,29.8322927],[106.4243245,29.8322927],[106.4243244,29.8322374]]]},"properties":{"kind":"building","name":"","highway":"","source_url":"https://www.openstreetmap.org/way/846878974"}},{"type":"Feature","geometry":{"type":"Polygon","coordinates":[[[106.4250305,29.8325323],[106.4250319,29.8324416],[106.4253295,29.832445],[106.4253281,29.8325358],[106.4250305,29.8325323]]]},"properties":{"kind":"building","name":"","highway":"","source_url":"https://www.openstreetmap.org/way/846878975"}},{"type":"Feature","geometry":{"type":"Polygon","coordinates":[[[106.424906,29.8322701],[106.4249033,29.832188],[106.4251389,29.8321822],[106.4251416,29.8322643],[106.424906,29.8322701]]]},"properties":{"kind":"building","name":"","highway":"","source_url":"https://www.openstreetmap.org/way/846878976"}},{"type":"Feature","geometry":{"type":"Polygon","coordinates":[[[106.4252238,29.8322634],[106.4252241,29.8321873],[106.4255037,29.8321882],[106.4255034,29.8322642],[106.4252238,29.8322634]]]},"properties":{"kind":"building","name":"","highway":"","source_url":"https://www.openstreetmap.org/way/846878977"}},{"type":"Feature","geometry":{"type":"Polygon","coordinates":[[[106.4256392,29.8321579],[106.425641,29.8319562],[106.4254548,29.8319549],[106.425457,29.8317098],[106.4256578,29.8317112],[106.4256564,29.8318661],[106.4259571,29.8318681],[106.4259545,29.83216],[106.4256392,29.8321579]]]},"properties":{"kind":"building","name":"","highway":"","source_url":"https://www.openstreetmap.org/way/846878978"}},{"type":"Feature","geometry":{"type":"Polygon","coordinates":[[[106.4255653,29.8325867],[106.425567,29.832424],[106.4257617,29.8324256],[106.4257599,29.8325883],[106.4255653,29.8325867]]]},"properties":{"kind":"building","name":"","highway":"","source_url":"https://www.openstreetmap.org/way/846878979"}},{"type":"Feature","geometry":{"type":"Polygon","coordinates":[[[106.4258643,29.8325284],[106.4258661,29.8323656],[106.4260607,29.8323672],[106.426059,29.8325299],[106.4258643,29.8325284]]]},"properties":{"kind":"building","name":"","highway":"","source_url":"https://www.openstreetmap.org/way/846878980"}},{"type":"Feature","geometry":{"type":"Polygon","coordinates":[[[106.4262021,29.8319913],[106.426602,29.8319925],[106.4266024,29.831905],[106.4262025,29.8319037],[106.4262021,29.8319913]]]},"properties":{"kind":"building","name":"","highway":"","source_url":"https://www.openstreetmap.org/way/846878981"}},{"type":"Feature","geometry":{"type":"Polygon","coordinates":[[[106.4261872,29.8322084],[106.4263225,29.8322076],[106.4263229,29.8322522],[106.4264671,29.8322514],[106.4264668,29.8322117],[106.4265883,29.832211],[106.4265878,29.8321379],[106.4264593,29.8321386],[106.4264596,29.8321709],[106.4263209,29.8321717],[106.4263206,29.8321275],[106.4261866,29.8321283],[106.4261872,29.8322084]]]},"properties":{"kind":"building","name":"","highway":"","source_url":"https://www.openstreetmap.org/way/846878982"}},{"type":"Feature","geometry":{"type":"Polygon","coordinates":[[[106.4261936,29.8324499],[106.4263284,29.8324496],[106.4263285,29.8324943],[106.4264695,29.832494],[106.4264693,29.8324544],[106.4265913,29.8324541],[106.4265911,29.8323821],[106.426463,29.8323824],[106.4264586,29.8323945],[106.4263206,29.8323948],[106.4263205,29.8323806],[106.4261934,29.8323808],[106.4261936,29.8324499]]]},"properties":{"kind":"building","name":"","highway":"","source_url":"https://www.openstreetmap.org/way/846878983"}},{"type":"Feature","geometry":{"type":"Polygon","coordinates":[[[106.4268993,29.8324486],[106.4269011,29.832323],[106.427319,29.8323276],[106.4273172,29.8324531],[106.4268993,29.8324486]]]},"properties":{"kind":"building","name":"","highway":"","source_url":"https://www.openstreetmap.org/way/846878984"}},{"type":"Feature","geometry":{"type":"Polygon","coordinates":[[[106.4269005,29.8321823],[106.4269023,29.8320567],[106.4273202,29.8320612],[106.4273184,29.8321868],[106.4269005,29.8321823]]]},"properties":{"kind":"building","name":"","highway":"","source_url":"https://www.openstreetmap.org/way/846878985"}},{"type":"Feature","geometry":{"type":"Polygon","coordinates":[[[106.4274105,29.8324367],[106.4274127,29.8322422],[106.4276601,29.8322444],[106.4276579,29.8324388],[106.4274105,29.8324367]]]},"properties":{"kind":"building","name":"","highway":"","source_url":"https://www.openstreetmap.org/way/846878986"}},{"type":"Feature","geometry":{"type":"Polygon","coordinates":[[[106.4273893,29.8320622],[106.4273791,29.8318667],[106.4276208,29.8318572],[106.4276309,29.8320527],[106.4273893,29.8320622]]]},"properties":{"kind":"building","name":"","highway":"","source_url":"https://www.openstreetmap.org/way/846878987"}},{"type":"Feature","geometry":{"type":"Polygon","coordinates":[[[106.4266744,29.8324513],[106.426676,29.8322898],[106.4267694,29.8322473],[106.4267674,29.8324521],[106.4266744,29.8324513]]]},"properties":{"kind":"building","name":"","highway":"","source_url":"https://www.openstreetmap.org/way/846878988"}},{"type":"Feature","geometry":{"type":"Polygon","coordinates":[[[106.4262228,29.8310074],[106.4262412,29.8309335],[106.4263671,29.8309571],[106.4263488,29.831031],[106.4262228,29.8310074]]]},"properties":{"kind":"building","name":"","highway":"","source_url":"https://www.openstreetmap.org/way/846878989"}},{"type":"Feature","geometry":{"type":"Polygon","coordinates":[[[106.4262534,29.8311497],[106.4262719,29.8310789],[106.4264859,29.8311209],[106.4264705,29.8311797],[106.4266274,29.8312105],[106.4266115,29.8312715],[106.4267169,29.8312922],[106.4267037,29.8313428],[106.4268608,29.8313736],[106.4268471,29.831426],[106.4269614,29.8314485],[106.4269289,29.8315728],[106.4266351,29.831515],[106.4266615,29.831414],[106.4266137,29.8314045],[106.4266257,29.8313584],[106.4264791,29.8313296],[106.4264882,29.8312948],[106.4264268,29.8312828],[106.4264427,29.8312219],[106.4264112,29.8312157],[106.4264199,29.8311824],[106.4262534,29.8311497]]]},"properties":{"kind":"building","name":"","highway":"","source_url":"https://www.openstreetmap.org/way/846878990"}},{"type":"Feature","geometry":{"type":"LineString","coordinates":[[106.4142105,29.8181211],[106.4142621,29.8180316]]},"properties":{"kind":"road","name":"","highway":"footway","source_url":"https://www.openstreetmap.org/way/850678202"}},{"type":"Feature","geometry":{"type":"LineString","coordinates":[[106.4113414,29.8137751],[106.4107943,29.8138403],[106.4107621,29.8137472]]},"properties":{"kind":"road","name":"","highway":"service","source_url":"https://www.openstreetmap.org/way/850678203"}},{"type":"Feature","geometry":{"type":"LineString","coordinates":[[106.4123221,29.8140994],[106.4122368,29.8139809],[106.4121596,29.8139113],[106.4120438,29.8138438],[106.4119422,29.8138607],[106.4118045,29.8138612]]},"properties":{"kind":"road","name":"","highway":"service","source_url":"https://www.openstreetmap.org/way/850678204"}},{"type":"Feature","geometry":{"type":"LineString","coordinates":[[106.4113446,29.8135655],[106.4113414,29.8137751]]},"properties":{"kind":"road","name":"","highway":"service","source_url":"https://www.openstreetmap.org/way/850678205"}},{"type":"Feature","geometry":{"type":"LineString","coordinates":[[106.4113446,29.8135655],[106.4116879,29.8134887],[106.4119592,29.813618]]},"properties":{"kind":"road","name":"","highway":"footway","source_url":"https://www.openstreetmap.org/way/850678206"}},{"type":"Feature","geometry":{"type":"LineString","coordinates":[[106.4113414,29.8137751],[106.4113647,29.8139848]]},"properties":{"kind":"road","name":"","highway":"service","source_url":"https://www.openstreetmap.org/way/850678207"}},{"type":"Feature","geometry":{"type":"LineString","coordinates":[[106.4123221,29.8140994],[106.4122218,29.8141204]]},"properties":{"kind":"road","name":"","highway":"residential","source_url":"https://www.openstreetmap.org/way/850678208"}},{"type":"Feature","geometry":{"type":"LineString","coordinates":[[106.4113753,29.8192912],[106.4113712,29.8192968],[106.4113352,29.8193438],[106.4112741,29.8194759],[106.4112246,29.8195826],[106.4111338,29.8196882],[106.410825,29.8197234],[106.4104451,29.8197587],[106.410175,29.8197806],[106.4097622,29.8198127]]},"properties":{"kind":"road","name":"","highway":"service","source_url":"https://www.openstreetmap.org/way/874022681"}},{"type":"Feature","geometry":{"type":"LineString","coordinates":[[106.4181513,29.8283387],[106.418406,29.8286327],[106.4186423,29.8288412],[106.4188576,29.8290517],[106.4192231,29.8291317],[106.4197547,29.829231],[106.4199171,29.8293719],[106.4200168,29.8295161],[106.4200611,29.8296025]]},"properties":{"kind":"road","name":"","highway":"cycleway","source_url":"https://www.openstreetmap.org/way/874025884"}},{"type":"Feature","geometry":{"type":"LineString","coordinates":[[106.4205253,29.8298464],[106.4205854,29.829878],[106.4208215,29.8299853],[106.4209986,29.8300202],[106.4212534,29.8300318],[106.4215699,29.8299853],[106.4218006,29.8300039],[106.4219052,29.8301016],[106.4219534,29.8302831],[106.4219078,29.8304553],[106.4218515,29.8306507],[106.421881,29.8309462],[106.4219347,29.8310114]]},"properties":{"kind":"road","name":"","highway":"footway","source_url":"https://www.openstreetmap.org/way/874025885"}},{"type":"Feature","geometry":{"type":"LineString","coordinates":[[106.4205253,29.8298464],[106.4203938,29.8299988],[106.4202383,29.830179]]},"properties":{"kind":"road","name":"","highway":"cycleway","source_url":"https://www.openstreetmap.org/way/874025886"}},{"type":"Feature","geometry":{"type":"LineString","coordinates":[[106.4202383,29.830179],[106.4202826,29.8306434],[106.4204414,29.8308324],[106.420637,29.8310406]]},"properties":{"kind":"road","name":"","highway":"steps","source_url":"https://www.openstreetmap.org/way/874025887"}},{"type":"Feature","geometry":{"type":"LineString","coordinates":[[106.420637,29.8310406],[106.4213828,29.8316939],[106.4218,29.8320911],[106.4219034,29.8323505],[106.4218996,29.8326244]]},"properties":{"kind":"road","name":"","highway":"residential","source_url":"https://www.openstreetmap.org/way/874025888"}},{"type":"Feature","geometry":{"type":"LineString","coordinates":[[106.4219287,29.8327526],[106.4218996,29.8326244]]},"properties":{"kind":"road","name":"","highway":"residential","source_url":"https://www.openstreetmap.org/way/874025889"}},{"type":"Feature","geometry":{"type":"LineString","coordinates":[[106.4218996,29.8326244],[106.4217799,29.8326818]]},"properties":{"kind":"road","name":"","highway":"residential","source_url":"https://www.openstreetmap.org/way/874025890"}},{"type":"Feature","geometry":{"type":"LineString","coordinates":[[106.4181513,29.8283387],[106.4179486,29.8281127],[106.4179503,29.827906],[106.4181087,29.8276992],[106.4181999,29.8275866],[106.4181179,29.8275036],[106.4179203,29.8274888],[106.4177058,29.8274695],[106.4173403,29.8271524],[106.4166869,29.8266592],[106.4162586,29.8263421],[106.4161257,29.8261467],[106.4158783,29.8259353],[106.4155498,29.8257752],[106.4154242,29.8256919]]},"properties":{"kind":"road","name":"","highway":"cycleway","source_url":"https://www.openstreetmap.org/way/874025891"}},{"type":"Feature","geometry":{"type":"LineString","coordinates":[[106.4154242,29.8256919],[106.4156469,29.8253961]]},"properties":{"kind":"road","name":"","highway":"cycleway","source_url":"https://www.openstreetmap.org/way/874025892"}},{"type":"Feature","geometry":{"type":"LineString","coordinates":[[106.4170308,29.8245702],[106.4166537,29.8248728]]},"properties":{"kind":"road","name":"","highway":"footway","source_url":"https://www.openstreetmap.org/way/874025893"}},{"type":"Feature","geometry":{"type":"LineString","coordinates":[[106.4166537,29.8248728],[106.4162152,29.8252151]]},"properties":{"kind":"road","name":"","highway":"steps","source_url":"https://www.openstreetmap.org/way/874025894"}},{"type":"Feature","geometry":{"type":"LineString","coordinates":[[106.4167901,29.8257159],[106.4162152,29.8252151]]},"properties":{"kind":"road","name":"","highway":"service","source_url":"https://www.openstreetmap.org/way/874025895"}},{"type":"Feature","geometry":{"type":"LineString","coordinates":[[106.4162152,29.8252151],[106.416108,29.8251898],[106.4159619,29.8251708]]},"properties":{"kind":"road","name":"","highway":"service","source_url":"https://www.openstreetmap.org/way/874025896"}},{"type":"Feature","geometry":{"type":"LineString","coordinates":[[106.4162152,29.8252151],[106.4161275,29.8252532],[106.4159668,29.8252342],[106.4158914,29.8252258],[106.4158718,29.8252236],[106.4158425,29.8252358],[106.4158233,29.8252587]]},"properties":{"kind":"road","name":"","highway":"footway","source_url":"https://www.openstreetmap.org/way/874025897"}},{"type":"Feature","geometry":{"type":"LineString","coordinates":[[106.4134683,29.8239768],[106.4132688,29.8239521],[106.4131248,29.8238849],[106.4129181,29.8237664],[106.4127261,29.8235774],[106.4124935,29.8233724],[106.4123348,29.8232763],[106.4120837,29.8231386],[106.411877,29.8230361],[106.4116259,29.8229016],[106.4115078,29.8228311],[106.4114303,29.8227126],[106.4114118,29.8225589],[106.4114413,29.8224179],[106.4115078,29.8222898],[106.4116185,29.8220656],[106.4116296,29.8219054],[106.411637,29.8217933],[106.4116038,29.8216588],[106.4115133,29.8214568],[106.41134,29.8213565],[106.4111501,29.821328],[106.4110957,29.8213171]]},"properties":{"kind":"road","name":"","highway":"footway","source_url":"https://www.openstreetmap.org/way/874025898"}},{"type":"Feature","geometry":{"type":"LineString","coordinates":[[106.4158233,29.8252587],[106.4157098,29.8251969],[106.4155196,29.8248353],[106.4153673,29.8245618],[106.4152428,29.8243492],[106.4149733,29.8240076],[106.4148455,29.8238272],[106.4146715,29.8236664],[106.4143826,29.8235946],[106.4140401,29.8235784],[106.41378,29.8235916],[106.4135351,29.8235623]]},"properties":{"kind":"road","name":"","highway":"cycleway","source_url":"https://www.openstreetmap.org/way/874025899"}},{"type":"Feature","geometry":{"type":"LineString","coordinates":[[106.4135351,29.8235623],[106.4134683,29.8239768]]},"properties":{"kind":"road","name":"","highway":"footway","source_url":"https://www.openstreetmap.org/way/874025900"}},{"type":"Feature","geometry":{"type":"LineString","coordinates":[[106.4158233,29.8252587],[106.41575,29.8252743],[106.4156469,29.8253961]]},"properties":{"kind":"road","name":"","highway":"cycleway","source_url":"https://www.openstreetmap.org/way/874025901"}},{"type":"Feature","geometry":{"type":"LineString","coordinates":[[106.4177058,29.8274695],[106.417701,29.8276024],[106.4176133,29.8276911],[106.4174818,29.8276742],[106.4172236,29.8275517],[106.4163272,29.8270276],[106.4157475,29.8268078],[106.4149047,29.8263895],[106.4144907,29.8261021],[106.4144184,29.8260736]]},"properties":{"kind":"road","name":"","highway":"cycleway","source_url":"https://www.openstreetmap.org/way/874025902"}},{"type":"Feature","geometry":{"type":"LineString","coordinates":[[106.4110957,29.8213171],[106.4109893,29.8212958]]},"properties":{"kind":"road","name":"","highway":"footway","source_url":"https://www.openstreetmap.org/way/874026609"}},{"type":"Feature","geometry":{"type":"Polygon","coordinates":[[[106.4349914,29.8308417],[106.434615,29.8303898],[106.4349173,29.8301919],[106.435294,29.8306496],[106.4349914,29.8308417]]]},"properties":{"kind":"building","name":"","highway":"","source_url":"https://www.openstreetmap.org/way/901715777"}},{"type":"Feature","geometry":{"type":"Polygon","coordinates":[[[106.4328202,29.8316242],[106.4313181,29.829963],[106.4315126,29.8298383],[106.4313725,29.829655],[106.4308367,29.8295716],[106.4308008,29.8303695],[106.4310491,29.8305154],[106.431384,29.8311971],[106.4321231,29.8313936],[106.432536,29.8314205],[106.4327628,29.831648],[106.4328202,29.8316242]]]},"properties":{"kind":"green","name":"石岩村社区公园","highway":"","source_url":"https://www.openstreetmap.org/way/901715779"}},{"type":"Feature","geometry":{"type":"LineString","coordinates":[[106.4254435,29.8263138],[106.4252255,29.8264732]]},"properties":{"kind":"road","name":"","highway":"steps","source_url":"https://www.openstreetmap.org/way/919983429"}},{"type":"Feature","geometry":{"type":"LineString","coordinates":[[106.4268362,29.8268164],[106.4266902,29.826925]]},"properties":{"kind":"road","name":"","highway":"steps","source_url":"https://www.openstreetmap.org/way/919983430"}},{"type":"Feature","geometry":{"type":"LineString","coordinates":[[106.4303059,29.8301736],[106.4306048,29.8301771]]},"properties":{"kind":"road","name":"彩虹桥","highway":"footway","source_url":"https://www.openstreetmap.org/way/919983431"}},{"type":"Feature","geometry":{"type":"LineString","coordinates":[[106.4303059,29.8301736],[106.4302926,29.8300852]]},"properties":{"kind":"road","name":"","highway":"steps","source_url":"https://www.openstreetmap.org/way/919983432"}},{"type":"Feature","geometry":{"type":"LineString","coordinates":[[106.4303059,29.8301736],[106.430308,29.8302482],[106.4303712,29.8302482]]},"properties":{"kind":"road","name":"","highway":"steps","source_url":"https://www.openstreetmap.org/way/919983433"}},{"type":"Feature","geometry":{"type":"LineString","coordinates":[[106.4306086,29.8300909],[106.4306048,29.8301771]]},"properties":{"kind":"road","name":"","highway":"steps","source_url":"https://www.openstreetmap.org/way/919983434"}},{"type":"Feature","geometry":{"type":"LineString","coordinates":[[106.4306048,29.8301771],[106.4306005,29.8302578]]},"properties":{"kind":"road","name":"","highway":"steps","source_url":"https://www.openstreetmap.org/way/919983435"}},{"type":"Feature","geometry":{"type":"LineString","coordinates":[[106.4308721,29.8292225],[106.4307538,29.8292393],[106.4307632,29.8293406],[106.4306159,29.8293825]]},"properties":{"kind":"road","name":"","highway":"steps","source_url":"https://www.openstreetmap.org/way/919983436"}},{"type":"Feature","geometry":{"type":"Polygon","coordinates":[[[106.4179021,29.8160476],[106.418034,29.8159971],[106.4178985,29.8157311],[106.4177666,29.8157817],[106.4179021,29.8160476]]]},"properties":{"kind":"building","name":"","highway":"","source_url":"https://www.openstreetmap.org/way/922378313"}},{"type":"Feature","geometry":{"type":"Polygon","coordinates":[[[106.4177649,29.815774],[106.4178925,29.8157241],[106.4177889,29.8155248],[106.4176613,29.8155747],[106.4177649,29.815774]]]},"properties":{"kind":"building","name":"","highway":"","source_url":"https://www.openstreetmap.org/way/922378314"}},{"type":"Feature","geometry":{"type":"Polygon","coordinates":[[[106.4176492,29.8155588],[106.4177509,29.8155127],[106.4176271,29.815307],[106.4175254,29.815353],[106.4176492,29.8155588]]]},"properties":{"kind":"building","name":"","highway":"","source_url":"https://www.openstreetmap.org/way/922378315"}},{"type":"Feature","geometry":{"type":"Polygon","coordinates":[[[106.4175213,29.8153422],[106.4176053,29.8153079],[106.417555,29.8152153],[106.4174711,29.8152496],[106.4175213,29.8153422]]]},"properties":{"kind":"building","name":"","highway":"","source_url":"https://www.openstreetmap.org/way/922378316"}},{"type":"Feature","geometry":{"type":"Polygon","coordinates":[[[106.4174635,29.8151983],[106.4175343,29.8151663],[106.417435,29.8150006],[106.4173641,29.8150325],[106.4174635,29.8151983]]]},"properties":{"kind":"building","name":"","highway":"","source_url":"https://www.openstreetmap.org/way/922378317"}},{"type":"Feature","geometry":{"type":"Polygon","coordinates":[[[106.4181936,29.8164329],[106.4179953,29.8160195],[106.4181108,29.8159777],[106.4183092,29.8163912],[106.4181936,29.8164329]]]},"properties":{"kind":"building","name":"","highway":"","source_url":"https://www.openstreetmap.org/way/922378318"}},{"type":"Feature","geometry":{"type":"Polygon","coordinates":[[[106.418627,29.817141],[106.4183084,29.8165491],[106.4185365,29.8164566],[106.4188552,29.8170485],[106.418627,29.817141]]]},"properties":{"kind":"building","name":"","highway":"","source_url":"https://www.openstreetmap.org/way/922378320"}},{"type":"Feature","geometry":{"type":"Polygon","coordinates":[[[106.4189304,29.8170738],[106.4188514,29.8169246],[106.4193187,29.8167383],[106.4193977,29.8168875],[106.4189304,29.8170738]]]},"properties":{"kind":"building","name":"","highway":"","source_url":"https://www.openstreetmap.org/way/922378321"}},{"type":"Feature","geometry":{"type":"Polygon","coordinates":[[[106.4190692,29.8174135],[106.4189367,29.8171783],[106.4194368,29.8169662],[106.4195694,29.8172014],[106.4190692,29.8174135]]]},"properties":{"kind":"building","name":"","highway":"","source_url":"https://www.openstreetmap.org/way/922378322"}},{"type":"Feature","geometry":{"type":"Polygon","coordinates":[[[106.4193528,29.8179718],[106.4191739,29.8176307],[106.4196926,29.8174259],[106.4198083,29.8176464],[106.419423,29.8177986],[106.4194862,29.8179191],[106.4193528,29.8179718]]]},"properties":{"kind":"building","name":"","highway":"","source_url":"https://www.openstreetmap.org/way/922378323"}},{"type":"Feature","geometry":{"type":"Polygon","coordinates":[[[106.420209,29.8181376],[106.4197972,29.8173472],[106.4201378,29.8172136],[106.4204792,29.8178689],[106.4203217,29.8179306],[106.4203921,29.8180658],[106.420209,29.8181376]]]},"properties":{"kind":"building","name":"","highway":"","source_url":"https://www.openstreetmap.org/way/922378324"}},{"type":"Feature","geometry":{"type":"Polygon","coordinates":[[[106.4196622,29.8171435],[106.4193943,29.8166887],[106.4197392,29.8165358],[106.4200071,29.8169905],[106.4196622,29.8171435]]]},"properties":{"kind":"building","name":"","highway":"","source_url":"https://www.openstreetmap.org/way/922378325"}},{"type":"Feature","geometry":{"type":"Polygon","coordinates":[[[106.4189542,29.8177328],[106.4189347,29.8176882],[106.4189973,29.8176676],[106.4190168,29.8177122],[106.4189542,29.8177328]]]},"properties":{"kind":"building","name":"","highway":"","source_url":"https://www.openstreetmap.org/way/922378326"}},{"type":"Feature","geometry":{"type":"Polygon","coordinates":[[[106.4196943,29.8185305],[106.4193689,29.8182451],[106.4194589,29.8181678],[106.4196403,29.8183269],[106.4197105,29.8182667],[106.4198545,29.818393],[106.4196943,29.8185305]]]},"properties":{"kind":"building","name":"","highway":"","source_url":"https://www.openstreetmap.org/way/922378327"}},{"type":"Feature","geometry":{"type":"Polygon","coordinates":[[[106.4198506,29.8183811],[106.4200548,29.8182825],[106.4199668,29.8181452],[106.4197626,29.8182438],[106.4198506,29.8183811]]]},"properties":{"kind":"building","name":"","highway":"","source_url":"https://www.openstreetmap.org/way/922378328"}},{"type":"Feature","geometry":{"type":"Polygon","coordinates":[[[106.4195877,29.8182681],[106.419471,29.8181543],[106.4195635,29.8180829],[106.4196802,29.8181967],[106.4195877,29.8182681]]]},"properties":{"kind":"building","name":"","highway":"","source_url":"https://www.openstreetmap.org/way/922378329"}},{"type":"Feature","geometry":{"type":"Polygon","coordinates":[[[106.4196084,29.8180533],[106.4195428,29.8179666],[106.419664,29.8178976],[106.4197296,29.8179843],[106.4196084,29.8180533]]]},"properties":{"kind":"building","name":"","highway":"","source_url":"https://www.openstreetmap.org/way/922378330"}},{"type":"Feature","geometry":{"type":"Polygon","coordinates":[[[106.419797,29.8181891],[106.4197304,29.8180813],[106.4198768,29.8180132],[106.4199434,29.8181211],[106.419797,29.8181891]]]},"properties":{"kind":"building","name":"","highway":"","source_url":"https://www.openstreetmap.org/way/922378331"}},{"type":"Feature","geometry":{"type":"Polygon","coordinates":[[[106.4203921,29.8191996],[106.4205922,29.8190343],[106.420135,29.8186177],[106.419935,29.8187829],[106.4203921,29.8191996]]]},"properties":{"kind":"building","name":"","highway":"","source_url":"https://www.openstreetmap.org/way/922378332"}},{"type":"Feature","geometry":{"type":"Polygon","coordinates":[[[106.4204268,29.819241],[106.4206041,29.8190889],[106.4208349,29.8192915],[106.4206576,29.8194435],[106.4204268,29.819241]]]},"properties":{"kind":"building","name":"","highway":"","source_url":"https://www.openstreetmap.org/way/922378333"}},{"type":"Feature","geometry":{"type":"Polygon","coordinates":[[[106.4203345,29.8187724],[106.4202501,29.8186401],[106.4202136,29.8186576],[106.4201619,29.8185766],[106.4206444,29.8183448],[106.4206862,29.8184103],[106.4204539,29.8185219],[106.4205483,29.8186698],[106.4203345,29.8187724]]]},"properties":{"kind":"building","name":"","highway":"","source_url":"https://www.openstreetmap.org/way/922378334"}},{"type":"Feature","geometry":{"type":"Polygon","coordinates":[[[106.4208483,29.8189566],[106.4207805,29.8188722],[106.4208735,29.8188159],[106.4207485,29.8186604],[106.4206441,29.8187236],[106.4205842,29.8186491],[106.4207999,29.8185185],[106.4210528,29.8188328],[106.4208483,29.8189566]]]},"properties":{"kind":"building","name":"天生桥小学","highway":"","source_url":"https://www.openstreetmap.org/way/922378335"}},{"type":"Feature","geometry":{"type":"Polygon","coordinates":[[[106.4209497,29.8197017],[106.4207187,29.819492],[106.421057,29.8192115],[106.421288,29.8194212],[106.4209497,29.8197017]]]},"properties":{"kind":"building","name":"","highway":"","source_url":"https://www.openstreetmap.org/way/922378337"}},{"type":"Feature","geometry":{"type":"Polygon","coordinates":[[[106.4213631,29.8200571],[106.42099,29.8197332],[106.4212113,29.8195414],[106.4214019,29.8197069],[106.4213132,29.8197838],[106.4214956,29.8199421],[106.4213631,29.8200571]]]},"properties":{"kind":"building","name":"","highway":"","source_url":"https://www.openstreetmap.org/way/922378338"}},{"type":"Feature","geometry":{"type":"Polygon","coordinates":[[[106.4222711,29.8210078],[106.4217919,29.8204414],[106.4219644,29.8203315],[106.4224437,29.8208979],[106.4222711,29.8210078]]]},"properties":{"kind":"building","name":"","highway":"","source_url":"https://www.openstreetmap.org/way/922378339"}},{"type":"Feature","geometry":{"type":"Polygon","coordinates":[[[106.4228157,29.8217369],[106.4227016,29.8215608],[106.4230595,29.8213862],[106.4231736,29.8215622],[106.4228157,29.8217369]]]},"properties":{"kind":"building","name":"","highway":"","source_url":"https://www.openstreetmap.org/way/922378340"}},{"type":"Feature","geometry":{"type":"Polygon","coordinates":[[[106.423107,29.8214293],[106.4229191,29.8211287],[106.4232182,29.8209879],[106.4233448,29.8211903],[106.4233906,29.8211687],[106.4235524,29.8214276],[106.4232921,29.82155],[106.4231917,29.8213894],[106.423107,29.8214293]]]},"properties":{"kind":"building","name":"","highway":"","source_url":"https://www.openstreetmap.org/way/922378341"}},{"type":"Feature","geometry":{"type":"Polygon","coordinates":[[[106.4224371,29.8212958],[106.4222928,29.8210824],[106.4224315,29.8210118],[106.4228082,29.8210603],[106.4227834,29.8212049],[106.4225168,29.8211705],[106.4225595,29.8212335],[106.4224371,29.8212958]]]},"properties":{"kind":"building","name":"","highway":"","source_url":"https://www.openstreetmap.org/way/922378342"}},{"type":"Feature","geometry":{"type":"Polygon","coordinates":[[[106.4230953,29.8222414],[106.4228917,29.8219545],[106.4230895,29.8218489],[106.423293,29.8221358],[106.4230953,29.8222414]]]},"properties":{"kind":"building","name":"","highway":"","source_url":"https://www.openstreetmap.org/way/922378343"}},{"type":"Feature","geometry":{"type":"Polygon","coordinates":[[[106.423449,29.8222606],[106.4238736,29.8222354],[106.4238621,29.822089],[106.4234374,29.8221143],[106.423449,29.8222606]]]},"properties":{"kind":"building","name":"","highway":"","source_url":"https://www.openstreetmap.org/way/922378344"}},{"type":"Feature","geometry":{"type":"Polygon","coordinates":[[[106.4232198,29.8218556],[106.4236445,29.8218304],[106.4236329,29.821684],[106.4232083,29.8217092],[106.4232198,29.8218556]]]},"properties":{"kind":"building","name":"","highway":"","source_url":"https://www.openstreetmap.org/way/922378345"}},{"type":"Feature","geometry":{"type":"Polygon","coordinates":[[[106.4236921,29.822486],[106.4240769,29.8224732],[106.4240713,29.8223457],[106.4236865,29.8223584],[106.4236921,29.822486]]]},"properties":{"kind":"building","name":"","highway":"","source_url":"https://www.openstreetmap.org/way/922378346"}},{"type":"Feature","geometry":{"type":"Polygon","coordinates":[[[106.4237579,29.8229519],[106.4239901,29.8229961],[106.4240436,29.8227849],[106.4238437,29.8227468],[106.4238699,29.822643],[106.4237025,29.8226111],[106.423728,29.8225099],[106.4235187,29.8224701],[106.4234702,29.8226618],[106.4236493,29.8226959],[106.4236287,29.822777],[106.4237942,29.8228086],[106.4237579,29.8229519]]]},"properties":{"kind":"building","name":"","highway":"","source_url":"https://www.openstreetmap.org/way/922378347"}},{"type":"Feature","geometry":{"type":"Polygon","coordinates":[[[106.4240335,29.8226733],[106.4245041,29.8226889],[106.4245084,29.8225893],[106.4240379,29.8225736],[106.4240335,29.8226733]]]},"properties":{"kind":"building","name":"","highway":"","source_url":"https://www.openstreetmap.org/way/922378348"}},{"type":"Feature","geometry":{"type":"Polygon","coordinates":[[[106.424205,29.8232646],[106.4242323,29.8231448],[106.4244744,29.8231864],[106.4244471,29.8233062],[106.424205,29.8232646]]]},"properties":{"kind":"building","name":"","highway":"","source_url":"https://www.openstreetmap.org/way/922378349"}},{"type":"Feature","geometry":{"type":"Polygon","coordinates":[[[106.4244718,29.8230861],[106.4247283,29.8231419],[106.4247727,29.8229882],[106.4245162,29.8229324],[106.4244718,29.8230861]]]},"properties":{"kind":"building","name":"","highway":"","source_url":"https://www.openstreetmap.org/way/922378350"}},{"type":"Feature","geometry":{"type":"Polygon","coordinates":[[[106.4294051,29.8277841],[106.4296497,29.8279471],[106.42975,29.8278339],[106.4295053,29.8276709],[106.4294051,29.8277841]]]},"properties":{"kind":"building","name":"","highway":"","source_url":"https://www.openstreetmap.org/way/922378351"}},{"type":"Feature","geometry":{"type":"Polygon","coordinates":[[[106.4289114,29.8299054],[106.4291846,29.8299478],[106.429201,29.8298682],[106.4289279,29.8298257],[106.4289114,29.8299054]]]},"properties":{"kind":"building","name":"","highway":"","source_url":"https://www.openstreetmap.org/way/922378354"}},{"type":"Feature","geometry":{"type":"Polygon","coordinates":[[[106.4295366,29.83045],[106.4295464,29.8302629],[106.4298013,29.8302729],[106.4297915,29.83046],[106.4295366,29.83045]]]},"properties":{"kind":"building","name":"","highway":"","source_url":"https://www.openstreetmap.org/way/922378359"}},{"type":"Feature","geometry":{"type":"Polygon","coordinates":[[[106.4295497,29.8302115],[106.4295595,29.8300243],[106.4298144,29.8300344],[106.4298046,29.8302215],[106.4295497,29.8302115]]]},"properties":{"kind":"building","name":"","highway":"","source_url":"https://www.openstreetmap.org/way/922378360"}},{"type":"Feature","geometry":{"type":"Polygon","coordinates":[[[106.4296534,29.8299998],[106.4296632,29.8298127],[106.429918,29.8298228],[106.4299082,29.8300099],[106.4296534,29.8299998]]]},"properties":{"kind":"building","name":"","highway":"","source_url":"https://www.openstreetmap.org/way/922378361"}},{"type":"Feature","geometry":{"type":"Polygon","coordinates":[[[106.4296453,29.8297389],[106.429655,29.8295517],[106.4299099,29.8295618],[106.4299001,29.8297489],[106.4296453,29.8297389]]]},"properties":{"kind":"building","name":"","highway":"","source_url":"https://www.openstreetmap.org/way/922378362"}},{"type":"Feature","geometry":{"type":"Polygon","coordinates":[[[106.4299076,29.8303434],[106.4299088,29.830138],[106.4302543,29.8301396],[106.4302531,29.830345],[106.4299076,29.8303434]]]},"properties":{"kind":"building","name":"","highway":"","source_url":"https://www.openstreetmap.org/way/922378363"}},{"type":"Feature","geometry":{"type":"Polygon","coordinates":[[[106.4299827,29.8300614],[106.4299832,29.8298922],[106.430167,29.8298926],[106.4301665,29.8300618],[106.4299827,29.8300614]]]},"properties":{"kind":"building","name":"","highway":"","source_url":"https://www.openstreetmap.org/way/922378364"}},{"type":"Feature","geometry":{"type":"Polygon","coordinates":[[[106.4281625,29.832129],[106.4278099,29.8318349],[106.4279089,29.8317456],[106.4282615,29.8320396],[106.4281625,29.832129]]]},"properties":{"kind":"building","name":"","highway":"","source_url":"https://www.openstreetmap.org/way/922378368"}},{"type":"Feature","geometry":{"type":"Polygon","coordinates":[[[106.4272377,29.8311673],[106.4274105,29.831118],[106.427291,29.8308032],[106.4271183,29.8308525],[106.4272377,29.8311673]]]},"properties":{"kind":"building","name":"","highway":"","source_url":"https://www.openstreetmap.org/way/922378369"}},{"type":"Feature","geometry":{"type":"Polygon","coordinates":[[[106.4277822,29.8309183],[106.427566,29.8307022],[106.4276655,29.8306273],[106.4278817,29.8308434],[106.4277822,29.8309183]]]},"properties":{"kind":"building","name":"","highway":"","source_url":"https://www.openstreetmap.org/way/922378370"}},{"type":"Feature","geometry":{"type":"Polygon","coordinates":[[[106.4275221,29.8306608],[106.427306,29.8304447],[106.4274054,29.8303699],[106.4276216,29.8305859],[106.4275221,29.8306608]]]},"properties":{"kind":"building","name":"","highway":"","source_url":"https://www.openstreetmap.org/way/922378371"}},{"type":"Feature","geometry":{"type":"Polygon","coordinates":[[[106.4272532,29.8304029],[106.427037,29.8301868],[106.4271364,29.8301119],[106.4273526,29.830328],[106.4272532,29.8304029]]]},"properties":{"kind":"building","name":"","highway":"","source_url":"https://www.openstreetmap.org/way/922378372"}},{"type":"Feature","geometry":{"type":"Polygon","coordinates":[[[106.4279212,29.830811],[106.427705,29.8305949],[106.4278044,29.8305201],[106.4280206,29.8307361],[106.4279212,29.830811]]]},"properties":{"kind":"building","name":"","highway":"","source_url":"https://www.openstreetmap.org/way/922378373"}},{"type":"Feature","geometry":{"type":"Polygon","coordinates":[[[106.4276611,29.8305535],[106.4274449,29.8303375],[106.4275443,29.8302626],[106.4277605,29.8304786],[106.4276611,29.8305535]]]},"properties":{"kind":"building","name":"","highway":"","source_url":"https://www.openstreetmap.org/way/922378374"}},{"type":"Feature","geometry":{"type":"Polygon","coordinates":[[[106.4273921,29.8302956],[106.4271759,29.8300796],[106.4272753,29.8300047],[106.4274916,29.8302207],[106.4273921,29.8302956]]]},"properties":{"kind":"building","name":"","highway":"","source_url":"https://www.openstreetmap.org/way/922378375"}},{"type":"Feature","geometry":{"type":"Polygon","coordinates":[[[106.4254643,29.8313459],[106.4257379,29.8309025],[106.4252369,29.83067],[106.4249635,29.8311135],[106.4254643,29.8313459]]]},"properties":{"kind":"building","name":"","highway":"","source_url":"https://www.openstreetmap.org/way/922378376"}},{"type":"Feature","geometry":{"type":"Polygon","coordinates":[[[106.4126086,29.8162082],[106.4125723,29.8161021],[106.4125437,29.8161094],[106.4125159,29.8160283],[106.4129413,29.8159184],[106.4133196,29.8158207],[106.4133258,29.8158389],[106.4134087,29.815814],[106.4134194,29.8158652],[106.4133873,29.8158722],[106.4134017,29.8159192],[106.4134181,29.8159723],[106.4134597,29.8159653],[106.4134691,29.8160072],[106.4134248,29.8160211],[106.4134557,29.8160421],[106.4134744,29.8160642],[106.4134637,29.8161072],[106.4134168,29.816141],[106.4133323,29.8161677],[106.413233,29.8161701],[106.4131767,29.8161328],[106.4131555,29.8161383],[106.413169,29.8161775],[106.4130866,29.8161988],[106.4130473,29.8160849],[106.4130777,29.8160849],[106.4130668,29.8160528],[106.4128875,29.8160987],[106.4128816,29.8160814],[106.4126865,29.8161314],[106.4127043,29.8161836],[106.4126086,29.8162082]]]},"properties":{"kind":"building","name":"32教学楼","highway":"","source_url":"https://www.openstreetmap.org/way/925243974"}},{"type":"Feature","geometry":{"type":"Polygon","coordinates":[[[106.4163346,29.8156832],[106.4163162,29.8156279],[106.4162593,29.8156421],[106.4161983,29.8154577],[106.4159555,29.8155182],[106.4159396,29.8154692],[106.4158384,29.8154919],[106.4158527,29.8155383],[106.4157069,29.8155733],[106.4156894,29.8155183],[106.4156172,29.8155356],[106.4155104,29.8152003],[106.4158137,29.8151276],[106.4158199,29.815147],[106.4159724,29.8151104],[106.4159841,29.8151471],[106.4161681,29.815103],[106.4162144,29.8152485],[106.416003,29.8152992],[106.4159827,29.8152353],[106.4158205,29.8152742],[106.41581,29.8152411],[106.4155927,29.8152932],[106.4156457,29.8154595],[106.4158146,29.8154189],[106.4158312,29.8154675],[106.4159323,29.8154448],[106.4159195,29.8154096],[106.4161643,29.8153486],[106.4161787,29.8153921],[106.416321,29.8153566],[106.4163476,29.8152676],[106.4162981,29.8151991],[106.4164095,29.815102],[106.4164732,29.815157],[106.4165599,29.815114],[106.4166123,29.8152665],[106.4165369,29.815286],[106.4165051,29.815352],[106.4165934,29.8156186],[106.4163346,29.8156832]]]},"properties":{"kind":"building","name":"西南大学培训学院","highway":"","source_url":"https://www.openstreetmap.org/way/925243980"}},{"type":"Feature","geometry":{"type":"Polygon","coordinates":[[[106.4233553,29.8238695],[106.4232264,29.8237857],[106.4234755,29.8234976],[106.4235145,29.8234669],[106.4236242,29.8234331],[106.423672,29.8234392],[106.4237251,29.8234607],[106.4237587,29.8234868],[106.42381,29.8235928],[106.4238485,29.8235932],[106.4238466,29.823665],[106.4240271,29.8236662],[106.4240259,29.8237968],[106.4240388,29.8238009],[106.4240516,29.823813],[106.4240458,29.8240085],[106.4240166,29.8241361],[106.4235496,29.8240845],[106.4235566,29.8239639],[106.4239839,29.8240267],[106.4239932,29.8238748],[106.423852,29.8238768],[106.4238531,29.8238333],[106.4237095,29.8238353],[106.423715,29.8236649],[106.4237162,29.8235928],[106.423695,29.8235375],[106.4236419,29.8234991],[106.4235693,29.8235221],[106.4235499,29.8235482],[106.4235287,29.8235862],[106.4235587,29.823605],[106.423564,29.8236281],[106.4233553,29.8238695]]]},"properties":{"kind":"building","name":"","highway":"","source_url":"https://www.openstreetmap.org/way/925243983"}},{"type":"Feature","geometry":{"type":"Polygon","coordinates":[[[106.4208613,29.8241705],[106.4208616,29.8241426],[106.4208827,29.8241427],[106.420883,29.8241044],[106.4206611,29.824106],[106.4206609,29.8240458],[106.4206706,29.8240458],[106.4206704,29.8239956],[106.4207047,29.8239955],[106.4207046,29.8239845],[106.4210217,29.8239834],[106.4210217,29.8239981],[106.4210554,29.823998],[106.4210558,29.8241047],[106.4209045,29.8241046],[106.4209042,29.824144],[106.4209743,29.8241445],[106.420974,29.8241712],[106.4208613,29.8241705]]]},"properties":{"kind":"building","name":"","highway":"","source_url":"https://www.openstreetmap.org/way/925243984"}},{"type":"Feature","geometry":{"type":"LineString","coordinates":[[106.4088695,29.8392953],[106.4091101,29.8391314],[106.4092422,29.8389348],[106.4092228,29.8388243],[106.4093298,29.8386998],[106.4095147,29.8385929],[106.4096133,29.8385181],[106.4096195,29.8383658],[106.4094901,29.8382455],[106.4094562,29.8380798],[106.4095948,29.8379355],[106.4097797,29.8377537],[106.4101032,29.8377537],[106.4104421,29.8378446],[106.4105777,29.8378179],[106.4107256,29.837727],[106.410858,29.8375934],[106.410969,29.8375105],[106.4112801,29.8373956],[106.4114496,29.8373876],[106.4117023,29.8374918],[106.4119518,29.8376201],[106.4121089,29.8375961],[106.4123832,29.8374651],[106.4125064,29.8373288],[106.4123801,29.8370909],[106.4123493,29.8369252],[106.4124078,29.8367889],[106.4126481,29.8366687],[106.4128176,29.8366473],[106.4130548,29.8367194],[106.4132708,29.8367438]]},"properties":{"kind":"road","name":"","highway":"footway","source_url":"https://www.openstreetmap.org/way/925869675"}},{"type":"Feature","geometry":{"type":"Polygon","coordinates":[[[106.4136376,29.8364451],[106.4136048,29.836282],[106.413725,29.8362638],[106.4137411,29.836344],[106.4139761,29.8363085],[106.4139927,29.8363914],[106.4136376,29.8364451]]]},"properties":{"kind":"building","name":"缙云山缆车下站","highway":"","source_url":"https://www.openstreetmap.org/way/925869676"}},{"type":"Feature","geometry":{"type":"LineString","coordinates":[[106.4133437,29.8368137],[106.413271,29.8369367],[106.413294,29.8370349],[106.4135152,29.8372636],[106.413655,29.837388],[106.4138072,29.8374463],[106.4138906,29.8375043]]},"properties":{"kind":"road","name":"","highway":"unclassified","source_url":"https://www.openstreetmap.org/way/925869678"}},{"type":"Feature","geometry":{"type":"LineString","coordinates":[[106.4195796,29.815874],[106.4200682,29.8157098]]},"properties":{"kind":"road","name":"","highway":"service","source_url":"https://www.openstreetmap.org/way/926153906"}},{"type":"Feature","geometry":{"type":"LineString","coordinates":[[106.4200682,29.8157098],[106.4202345,29.81601]]},"properties":{"kind":"road","name":"","highway":"service","source_url":"https://www.openstreetmap.org/way/926153909"}},{"type":"Feature","geometry":{"type":"LineString","coordinates":[[106.4200682,29.8157098],[106.419926,29.8154515],[106.4198858,29.8154072],[106.4198348,29.8153747],[106.4197731,29.8153561],[106.4196792,29.8153537],[106.4195961,29.8153607],[106.4195532,29.8153491],[106.4194861,29.8153118],[106.4194593,29.8152583],[106.4194057,29.8151047],[106.4193547,29.8148813],[106.4193471,29.8148329],[106.4193064,29.8145718],[106.4193077,29.81433],[106.4193091,29.8140761],[106.4193164,29.8138505],[106.4193252,29.8135781],[106.4193574,29.8132453],[106.4193735,29.8131801],[106.4194137,29.8131359],[106.41947,29.8130963],[106.4195612,29.8130917],[106.4201057,29.813101],[106.4201379,29.8131336],[106.4201325,29.813222],[106.4200038,29.8138411],[106.4200001,29.8138581],[106.4199797,29.8139528],[106.4199797,29.8142716]]},"properties":{"kind":"road","name":"","highway":"service","source_url":"https://www.openstreetmap.org/way/926153910"}},{"type":"Feature","geometry":{"type":"LineString","coordinates":[[106.4200001,29.8138581],[106.4193164,29.8138505]]},"properties":{"kind":"road","name":"","highway":"service","source_url":"https://www.openstreetmap.org/way/926153911"}},{"type":"Feature","geometry":{"type":"Polygon","coordinates":[[[106.4194416,29.8133513],[106.4194435,29.8131594],[106.4198498,29.8131624],[106.4198479,29.8133543],[106.4194416,29.8133513]]]},"properties":{"kind":"building","name":"","highway":"","source_url":"https://www.openstreetmap.org/way/926153912"}},{"type":"Feature","geometry":{"type":"Polygon","coordinates":[[[106.4194336,29.8137679],[106.4194355,29.813576],[106.4198418,29.813579],[106.4198399,29.8137709],[106.4194336,29.8137679]]]},"properties":{"kind":"building","name":"","highway":"","source_url":"https://www.openstreetmap.org/way/926153913"}},{"type":"Feature","geometry":{"type":"Polygon","coordinates":[[[106.4194823,29.8146787],[106.4194842,29.8144868],[106.4198904,29.8144898],[106.4198886,29.8146817],[106.4194823,29.8146787]]]},"properties":{"kind":"building","name":"","highway":"","source_url":"https://www.openstreetmap.org/way/926153914"}},{"type":"Feature","geometry":{"type":"LineString","coordinates":[[106.4193077,29.81433],[106.4196401,29.8143332]]},"properties":{"kind":"road","name":"","highway":"service","source_url":"https://www.openstreetmap.org/way/926153915"}},{"type":"Feature","geometry":{"type":"Polygon","coordinates":[[[106.4193952,29.8142336],[106.4193971,29.8140418],[106.4198033,29.8140448],[106.4198015,29.8142367],[106.4193952,29.8142336]]]},"properties":{"kind":"building","name":"","highway":"","source_url":"https://www.openstreetmap.org/way/926153916"}},{"type":"Feature","geometry":{"type":"Polygon","coordinates":[[[106.4195105,29.8151412],[106.4195124,29.8149494],[106.4199187,29.8149524],[106.4199168,29.8151443],[106.4195105,29.8151412]]]},"properties":{"kind":"building","name":"","highway":"","source_url":"https://www.openstreetmap.org/way/926153917"}},{"type":"Feature","geometry":{"type":"Polygon","coordinates":[[[106.4197626,29.8157089],[106.419592,29.8154632],[106.4197468,29.8153823],[106.4199174,29.815628],[106.4197626,29.8157089]]]},"properties":{"kind":"building","name":"","highway":"","source_url":"https://www.openstreetmap.org/way/926153918"}},{"type":"Feature","geometry":{"type":"Polygon","coordinates":[[[106.4199355,29.8162288],[106.4197936,29.8159164],[106.4200355,29.8158336],[106.4201774,29.8161461],[106.4199355,29.8162288]]]},"properties":{"kind":"building","name":"","highway":"","source_url":"https://www.openstreetmap.org/way/926153919"}},{"type":"Feature","geometry":{"type":"Polygon","coordinates":[[[106.4200819,29.8156236],[106.4199339,29.8153453],[106.420116,29.8152724],[106.4202639,29.8155508],[106.4200819,29.8156236]]]},"properties":{"kind":"green","name":"","highway":"","source_url":"https://www.openstreetmap.org/way/926153920"}},{"type":"Feature","geometry":{"type":"LineString","coordinates":[[106.4223857,29.8089433],[106.422224,29.8089317],[106.4219823,29.8089502],[106.4216873,29.8090613],[106.4213496,29.809308],[106.421083,29.8095609],[106.4208137,29.8098439],[106.4206258,29.8101146],[106.4204375,29.8104896],[106.4203191,29.8108778],[106.4202753,29.8112786],[106.4202922,29.8118012],[106.4202937,29.8118475],[106.420278,29.8119114],[106.4202384,29.8120732],[106.4201539,29.8122423],[106.419967,29.8124415],[106.4193117,29.8129805],[106.4189123,29.8134578]]},"properties":{"kind":"road","name":"","highway":"residential","source_url":"https://www.openstreetmap.org/way/926153923"}},{"type":"Feature","geometry":{"type":"LineString","coordinates":[[106.4243996,29.8098148],[106.4246264,29.8098235],[106.4249429,29.8098387],[106.4250849,29.8098572],[106.4251477,29.8098654],[106.4252556,29.8099526],[106.4253975,29.8102052],[106.4256,29.8103385],[106.4256362,29.8104536],[106.425738,29.8107008],[106.4257947,29.8109672],[106.4258186,29.8111955],[106.4258824,29.811405],[106.425991,29.8115146],[106.4259791,29.8116858],[106.4259614,29.8118301],[106.4259012,29.8119622],[106.4257774,29.8120758],[106.4256464,29.8122999],[106.425519,29.8126009],[106.4255119,29.8127514],[106.4256287,29.8129632],[106.4257738,29.8130861],[106.4259897,29.8132642],[106.4260357,29.8133655],[106.4260534,29.8134976],[106.4260287,29.8136972],[106.425834,29.8140073],[106.4254447,29.8143328],[106.4249988,29.8146737],[106.4246944,29.8149715],[106.4245953,29.8151803],[106.424567,29.81534],[106.4246625,29.8155427],[106.424882,29.8158805],[106.4242201,29.8158897]]},"properties":{"kind":"road","name":"","highway":"service","source_url":"https://www.openstreetmap.org/way/926153969"}},{"type":"Feature","geometry":{"type":"LineString","coordinates":[[106.424882,29.8158805],[106.4249123,29.8161202],[106.4249342,29.8162933]]},"properties":{"kind":"road","name":"","highway":"residential","source_url":"https://www.openstreetmap.org/way/926153970"}},{"type":"Feature","geometry":{"type":"LineString","coordinates":[[106.4249123,29.8161202],[106.4255935,29.8160527],[106.4258462,29.815919],[106.4261543,29.815641],[106.4263576,29.8153897],[106.4264562,29.8152561],[106.4268013,29.8151064],[106.4272758,29.8149246],[106.4276763,29.8148711],[106.4282494,29.8149086],[106.428804,29.8149834],[106.4302583,29.8152507],[106.4312133,29.8154784]]},"properties":{"kind":"road","name":"","highway":"residential","source_url":"https://www.openstreetmap.org/way/926153971"}},{"type":"Feature","geometry":{"type":"LineString","coordinates":[[106.4312967,29.8154362],[106.4312133,29.8154784]]},"properties":{"kind":"road","name":"","highway":"residential","source_url":"https://www.openstreetmap.org/way/926153972"}},{"type":"Feature","geometry":{"type":"LineString","coordinates":[[106.4312133,29.8154784],[106.4312443,29.8155144],[106.4312791,29.8155547]]},"properties":{"kind":"road","name":"","highway":"residential","source_url":"https://www.openstreetmap.org/way/926153973"}},{"type":"Feature","geometry":{"type":"Polygon","coordinates":[[[106.4193545,29.8146579],[106.4193512,29.8145105],[106.4194504,29.8145088],[106.4194538,29.8146562],[106.4193545,29.8146579]]]},"properties":{"kind":"green","name":"","highway":"","source_url":"https://www.openstreetmap.org/way/926269753"}},{"type":"Feature","geometry":{"type":"LineString","coordinates":[[106.4193471,29.8148329],[106.4197162,29.8148132]]},"properties":{"kind":"road","name":"","highway":"service","source_url":"https://www.openstreetmap.org/way/926269755"}},{"type":"Feature","geometry":{"type":"LineString","coordinates":[[106.4138927,29.8171897],[106.4140618,29.8171497],[106.4142475,29.8171059],[106.4142106,29.8169905],[106.4144285,29.8169381],[106.4145276,29.8172481],[106.4145675,29.817373],[106.4146458,29.8173542],[106.4147243,29.8173353],[106.4146842,29.81721],[106.4145868,29.8169053],[106.4148341,29.8168458],[106.4149028,29.8170606],[106.4149846,29.817041],[106.4148111,29.8164979],[106.4147339,29.8165165],[106.4148209,29.8167892],[106.4145726,29.8168505],[106.4144231,29.8163693],[106.4143984,29.8162898],[106.4143299,29.8163066],[106.414233,29.8163302],[106.4142573,29.8164061],[106.4144043,29.8168667],[106.4141784,29.8169209],[106.4141436,29.8168121],[106.4139716,29.8168547],[106.4137963,29.8168953],[106.4138927,29.8171897]]},"properties":{"kind":"road","name":"","highway":"pedestrian","source_url":"https://www.openstreetmap.org/way/926971471"}},{"type":"Feature","geometry":{"type":"LineString","coordinates":[[106.4156569,29.8167158],[106.4155468,29.8167378],[106.4154401,29.8167645],[106.4153608,29.8164985],[106.4154583,29.8164766],[106.4155775,29.8164499],[106.4156569,29.8167158]]},"properties":{"kind":"road","name":"","highway":"pedestrian","source_url":"https://www.openstreetmap.org/way/926971476"}},{"type":"Feature","geometry":{"type":"LineString","coordinates":[[106.4154583,29.8164766],[106.4153861,29.8162612],[106.4153479,29.8161967],[106.415263,29.8161709],[106.4151908,29.8161765],[106.4144231,29.8163693]]},"properties":{"kind":"road","name":"","highway":"footway","source_url":"https://www.openstreetmap.org/way/926971477"}},{"type":"Feature","geometry":{"type":"LineString","coordinates":[[106.4142573,29.8164061],[106.4140318,29.8164656],[106.4139193,29.8165872],[106.4139129,29.8166866],[106.4139716,29.8168547]]},"properties":{"kind":"road","name":"","highway":"footway","source_url":"https://www.openstreetmap.org/way/926971478"}},{"type":"Feature","geometry":{"type":"LineString","coordinates":[[106.4140618,29.8171497],[106.4141019,29.8172649],[106.4141825,29.8173294],[106.414363,29.817287],[106.4145276,29.8172481]]},"properties":{"kind":"road","name":"","highway":"footway","source_url":"https://www.openstreetmap.org/way/926971479"}},{"type":"Feature","geometry":{"type":"LineString","coordinates":[[106.4146842,29.81721],[106.4150869,29.8171095],[106.4155262,29.8169997],[106.4155857,29.8169666],[106.4155878,29.8169205],[106.4155468,29.8167378]]},"properties":{"kind":"road","name":"","highway":"footway","source_url":"https://www.openstreetmap.org/way/926971480"}},{"type":"Feature","geometry":{"type":"LineString","coordinates":[[106.4147845,29.8161929],[106.4146587,29.8158553],[106.4145607,29.8155637],[106.4144991,29.8153742]]},"properties":{"kind":"road","name":"","highway":"service","source_url":"https://www.openstreetmap.org/way/926971481"}},{"type":"Feature","geometry":{"type":"LineString","coordinates":[[106.4131935,29.8188739],[106.4132849,29.8187819],[106.4133082,29.8187405]]},"properties":{"kind":"road","name":"","highway":"service","source_url":"https://www.openstreetmap.org/way/930479132"}},{"type":"Feature","geometry":{"type":"LineString","coordinates":[[106.4133082,29.8187405],[106.4133315,29.8186991],[106.4133299,29.8186096],[106.4132883,29.8185347],[106.4132082,29.8184559],[106.4131158,29.818377],[106.4130264,29.8183262],[106.4129294,29.8183276],[106.4128796,29.8183427],[106.4128108,29.8183637],[106.4127952,29.8183992],[106.4128143,29.818445]]},"properties":{"kind":"road","name":"","highway":"service","source_url":"https://www.openstreetmap.org/way/930479133"}},{"type":"Feature","geometry":{"type":"LineString","coordinates":[[106.4128143,29.818445],[106.4128277,29.818477]]},"properties":{"kind":"road","name":"","highway":"service","source_url":"https://www.openstreetmap.org/way/930479134"}},{"type":"Feature","geometry":{"type":"LineString","coordinates":[[106.4128277,29.818477],[106.412846,29.8185208],[106.4128831,29.818629],[106.4129662,29.8186906],[106.4130266,29.8187509]]},"properties":{"kind":"road","name":"","highway":"service","source_url":"https://www.openstreetmap.org/way/930479135"}},{"type":"Feature","geometry":{"type":"LineString","coordinates":[[106.4130266,29.8187509],[106.4130484,29.8187748]]},"properties":{"kind":"road","name":"","highway":"service","source_url":"https://www.openstreetmap.org/way/930479136"}},{"type":"Feature","geometry":{"type":"LineString","coordinates":[[106.4130484,29.8187748],[106.4131263,29.8188513],[106.4131935,29.8188739],[106.4132726,29.8189012],[106.4133236,29.8189203],[106.4133564,29.8189325],[106.4134202,29.818953],[106.4134554,29.8190006]]},"properties":{"kind":"road","name":"","highway":"service","source_url":"https://www.openstreetmap.org/way/930479137"}},{"type":"Feature","geometry":{"type":"LineString","coordinates":[[106.4134554,29.8190006],[106.413469,29.8190217]]},"properties":{"kind":"road","name":"","highway":"service","source_url":"https://www.openstreetmap.org/way/930479138"}},{"type":"Feature","geometry":{"type":"LineString","coordinates":[[106.413469,29.8190217],[106.4135783,29.8191576],[106.4136444,29.8192345],[106.4136798,29.819281]]},"properties":{"kind":"road","name":"","highway":"service","source_url":"https://www.openstreetmap.org/way/930479139"}},{"type":"Feature","geometry":{"type":"LineString","coordinates":[[106.4136798,29.819281],[106.4136973,29.819304]]},"properties":{"kind":"road","name":"","highway":"service","source_url":"https://www.openstreetmap.org/way/930479140"}},{"type":"Feature","geometry":{"type":"Polygon","coordinates":[[[106.4156883,29.8231875],[106.4160632,29.8231857],[106.4160625,29.8230744],[106.4156876,29.8230762],[106.4156883,29.8231875]]]},"properties":{"kind":"building","name":"","highway":"","source_url":"https://www.openstreetmap.org/way/930479141"}},{"type":"Feature","geometry":{"type":"Polygon","coordinates":[[[106.4160269,29.8229978],[106.4160697,29.8227011],[106.4162006,29.8227153],[106.4161578,29.823012],[106.4160269,29.8229978]]]},"properties":{"kind":"building","name":"","highway":"","source_url":"https://www.openstreetmap.org/way/930479142"}},{"type":"Feature","geometry":{"type":"Polygon","coordinates":[[[106.4161586,29.8232549],[106.4160729,29.8232437],[106.4161057,29.8230548],[106.4161915,29.823066],[106.4161586,29.8232549]]]},"properties":{"kind":"building","name":"","highway":"","source_url":"https://www.openstreetmap.org/way/930479143"}},{"type":"Feature","geometry":{"type":"Polygon","coordinates":[[[106.4160924,29.8233803],[106.416094,29.8233114],[106.416153,29.8233124],[106.4161514,29.8233813],[106.4160924,29.8233803]]]},"properties":{"kind":"building","name":"","highway":"","source_url":"https://www.openstreetmap.org/way/930479144"}},{"type":"Feature","geometry":{"type":"Polygon","coordinates":[[[106.4274622,29.81275],[106.427911,29.8127471],[106.4279026,29.8136195],[106.4274629,29.8136171],[106.4274647,29.8129676],[106.4274622,29.81275]]]},"properties":{"kind":"building","name":"","highway":"","source_url":"https://www.openstreetmap.org/way/930541919"}},{"type":"Feature","geometry":{"type":"Polygon","coordinates":[[[106.4266805,29.8132727],[106.4266738,29.813059],[106.427363,29.8130429],[106.4273696,29.8132566],[106.4266805,29.8132727]]]},"properties":{"kind":"building","name":"","highway":"","source_url":"https://www.openstreetmap.org/way/930541920"}},{"type":"Feature","geometry":{"type":"Polygon","coordinates":[[[106.4287285,29.8137249],[106.4293552,29.8138809],[106.4294238,29.8136733],[106.4287971,29.8135174],[106.4287285,29.8137249]]]},"properties":{"kind":"building","name":"","highway":"","source_url":"https://www.openstreetmap.org/way/930541929"}},{"type":"Feature","geometry":{"type":"Polygon","coordinates":[[[106.4285414,29.8130974],[106.4291618,29.8132637],[106.4292138,29.8131176],[106.4285935,29.8129511],[106.4285414,29.8130974]]]},"properties":{"kind":"building","name":"","highway":"","source_url":"https://www.openstreetmap.org/way/930541930"}},{"type":"Feature","geometry":{"type":"Polygon","coordinates":[[[106.4284007,29.812812],[106.4291039,29.813006],[106.4291559,29.812858],[106.4284528,29.8126657],[106.4284007,29.812812]]]},"properties":{"kind":"building","name":"","highway":"","source_url":"https://www.openstreetmap.org/way/930541931"}},{"type":"Feature","geometry":{"type":"Polygon","coordinates":[[[106.4301665,29.8128382],[106.4303052,29.8130447],[106.4304277,29.8129827],[106.4302891,29.8127762],[106.4301665,29.8128382]]]},"properties":{"kind":"building","name":"","highway":"","source_url":"https://www.openstreetmap.org/way/930541945"}},{"type":"Feature","geometry":{"type":"Polygon","coordinates":[[[106.4297153,29.812955],[106.4297473,29.8128705],[106.4299429,29.8129262],[106.4299109,29.8130107],[106.4297153,29.812955]]]},"properties":{"kind":"building","name":"","highway":"","source_url":"https://www.openstreetmap.org/way/930541948"}},{"type":"Feature","geometry":{"type":"Polygon","coordinates":[[[106.4297726,29.8131391],[106.4298046,29.8130546],[106.4300003,29.8131104],[106.4299683,29.8131949],[106.4297726,29.8131391]]]},"properties":{"kind":"building","name":"","highway":"","source_url":"https://www.openstreetmap.org/way/930541949"}},{"type":"Feature","geometry":{"type":"Polygon","coordinates":[[[106.4297217,29.8132939],[106.4297536,29.8132094],[106.4299493,29.8132651],[106.4299173,29.8133496],[106.4297217,29.8132939]]]},"properties":{"kind":"building","name":"","highway":"","source_url":"https://www.openstreetmap.org/way/930541950"}},{"type":"Feature","geometry":{"type":"Polygon","coordinates":[[[106.4302866,29.8130788],[106.4305873,29.8129699],[106.4306727,29.8131475],[106.430372,29.8132564],[106.4302866,29.8130788]]]},"properties":{"kind":"building","name":"","highway":"","source_url":"https://www.openstreetmap.org/way/930541952"}},{"type":"Feature","geometry":{"type":"Polygon","coordinates":[[[106.4299596,29.8136316],[106.4302701,29.8134395],[106.4303748,29.8135669],[106.4300643,29.813759],[106.4299596,29.8136316]]]},"properties":{"kind":"building","name":"","highway":"","source_url":"https://www.openstreetmap.org/way/930541953"}},{"type":"Feature","geometry":{"type":"Polygon","coordinates":[[[106.4301203,29.8138417],[106.4304308,29.8136496],[106.4305354,29.813777],[106.430225,29.8139691],[106.4301203,29.8138417]]]},"properties":{"kind":"building","name":"","highway":"","source_url":"https://www.openstreetmap.org/way/930541954"}},{"type":"Feature","geometry":{"type":"Polygon","coordinates":[[[106.4302866,29.8140421],[106.4305971,29.81385],[106.4307018,29.8139774],[106.4303913,29.8141695],[106.4302866,29.8140421]]]},"properties":{"kind":"building","name":"","highway":"","source_url":"https://www.openstreetmap.org/way/930541955"}},{"type":"Feature","geometry":{"type":"Polygon","coordinates":[[[106.4300075,29.8138688],[106.4301842,29.814093],[106.4300399,29.8141786],[106.4298632,29.8139543],[106.4300075,29.8138688]]]},"properties":{"kind":"building","name":"","highway":"","source_url":"https://www.openstreetmap.org/way/930541956"}},{"type":"Feature","geometry":{"type":"Polygon","coordinates":[[[106.4297459,29.8139596],[106.4300063,29.8137842],[106.4298941,29.8136589],[106.4296338,29.8138344],[106.4297459,29.8139596]]]},"properties":{"kind":"building","name":"","highway":"","source_url":"https://www.openstreetmap.org/way/930541957"}},{"type":"Feature","geometry":{"type":"Polygon","coordinates":[[[106.4306421,29.8137045],[106.4305074,29.8133688],[106.4307438,29.8132974],[106.4308785,29.813633],[106.4306421,29.8137045]]]},"properties":{"kind":"building","name":"","highway":"","source_url":"https://www.openstreetmap.org/way/930541958"}},{"type":"Feature","geometry":{"type":"Polygon","coordinates":[[[106.4307869,29.8140619],[106.4306522,29.8137263],[106.4308886,29.8136549],[106.4310233,29.8139905],[106.4307869,29.8140619]]]},"properties":{"kind":"building","name":"","highway":"","source_url":"https://www.openstreetmap.org/way/930541959"}},{"type":"Feature","geometry":{"type":"Polygon","coordinates":[[[106.4310415,29.8143645],[106.4309105,29.8140382],[106.4310206,29.814005],[106.4311517,29.8143312],[106.4310415,29.8143645]]]},"properties":{"kind":"building","name":"","highway":"","source_url":"https://www.openstreetmap.org/way/930541960"}},{"type":"Feature","geometry":{"type":"Polygon","coordinates":[[[106.4306077,29.8141864],[106.4308125,29.8140824],[106.4308888,29.8141954],[106.430684,29.8142994],[106.4306077,29.8141864]]]},"properties":{"kind":"building","name":"","highway":"","source_url":"https://www.openstreetmap.org/way/930541961"}},{"type":"Feature","geometry":{"type":"Polygon","coordinates":[[[106.4282644,29.8136053],[106.4280877,29.8133584],[106.428363,29.8132102],[106.4285396,29.8134571],[106.4282644,29.8136053]]]},"properties":{"kind":"building","name":"","highway":"","source_url":"https://www.openstreetmap.org/way/930541962"}},{"type":"Feature","geometry":{"type":"Polygon","coordinates":[[[106.4284503,29.8140752],[106.4282737,29.8138283],[106.4285489,29.8136801],[106.4287255,29.813927],[106.4284503,29.8140752]]]},"properties":{"kind":"building","name":"","highway":"","source_url":"https://www.openstreetmap.org/way/930541963"}},{"type":"Feature","geometry":{"type":"Polygon","coordinates":[[[106.4278518,29.8141841],[106.4276752,29.8139372],[106.4279505,29.813789],[106.4281271,29.8140359],[106.4278518,29.8141841]]]},"properties":{"kind":"building","name":"","highway":"","source_url":"https://www.openstreetmap.org/way/930541964"}},{"type":"Feature","geometry":{"type":"Polygon","coordinates":[[[106.4287881,29.8144604],[106.4286115,29.8142136],[106.4288867,29.8140653],[106.4290633,29.8143122],[106.4287881,29.8144604]]]},"properties":{"kind":"building","name":"","highway":"","source_url":"https://www.openstreetmap.org/way/930541965"}},{"type":"Feature","geometry":{"type":"Polygon","coordinates":[[[106.4305918,29.8150006],[106.4308307,29.8149054],[106.4309307,29.8150747],[106.4311258,29.8151106],[106.4311014,29.8152947],[106.4307478,29.8152566],[106.4305918,29.8150006]]]},"properties":{"kind":"building","name":"","highway":"","source_url":"https://www.openstreetmap.org/way/930541967"}},{"type":"Feature","geometry":{"type":"Polygon","coordinates":[[[106.4303254,29.8147544],[106.4297339,29.814669],[106.4297097,29.8147784],[106.4296857,29.8148987],[106.4302786,29.8149843],[106.4303059,29.8148559],[106.4303254,29.8147544]]]},"properties":{"kind":"building","name":"","highway":"","source_url":"https://www.openstreetmap.org/way/930541968"}},{"type":"Feature","geometry":{"type":"Polygon","coordinates":[[[106.4297097,29.8147784],[106.4296857,29.8148987],[106.4296652,29.815001],[106.4294819,29.8149734],[106.4295263,29.8147508],[106.4297097,29.8147784]]]},"properties":{"kind":"building","name":"","highway":"","source_url":"https://www.openstreetmap.org/way/930541969"}},{"type":"Feature","geometry":{"type":"Polygon","coordinates":[[[106.4302786,29.8149843],[106.4302575,29.8150831],[106.4304328,29.8151112],[106.4304811,29.814884],[106.4303059,29.8148559],[106.4302786,29.8149843]]]},"properties":{"kind":"building","name":"","highway":"","source_url":"https://www.openstreetmap.org/way/930541970"}},{"type":"Feature","geometry":{"type":"Polygon","coordinates":[[[106.42904,29.8148463],[106.4290885,29.8146158],[106.4293092,29.8146509],[106.4292606,29.8148813],[106.42904,29.8148463]]]},"properties":{"kind":"building","name":"","highway":"","source_url":"https://www.openstreetmap.org/way/930541971"}},{"type":"Feature","geometry":{"type":"Polygon","coordinates":[[[106.4275431,29.8147772],[106.4280347,29.8148149],[106.4280485,29.8146797],[106.4275569,29.814642],[106.4275431,29.8147772]]]},"properties":{"kind":"building","name":"","highway":"","source_url":"https://www.openstreetmap.org/way/930541972"}},{"type":"Feature","geometry":{"type":"Polygon","coordinates":[[[106.4274537,29.8143938],[106.4279343,29.8145025],[106.427987,29.8143273],[106.4275063,29.8142186],[106.4274537,29.8143938]]]},"properties":{"kind":"building","name":"","highway":"","source_url":"https://www.openstreetmap.org/way/930541973"}},{"type":"Feature","geometry":{"type":"Polygon","coordinates":[[[106.424337,29.8156983],[106.4243246,29.8154359],[106.4244869,29.8154301],[106.4244993,29.8156925],[106.424337,29.8156983]]]},"properties":{"kind":"building","name":"","highway":"","source_url":"https://www.openstreetmap.org/way/930549159"}},{"type":"Feature","geometry":{"type":"Polygon","coordinates":[[[106.424338,29.815372],[106.4243107,29.8148767],[106.4244752,29.8148699],[106.4245024,29.8153652],[106.424338,29.815372]]]},"properties":{"kind":"building","name":"","highway":"","source_url":"https://www.openstreetmap.org/way/930549160"}},{"type":"Feature","geometry":{"type":"Polygon","coordinates":[[[106.4236061,29.8157259],[106.4236067,29.8155872],[106.4241422,29.8155889],[106.4241416,29.8157275],[106.4236061,29.8157259]]]},"properties":{"kind":"building","name":"","highway":"","source_url":"https://www.openstreetmap.org/way/930549161"}},{"type":"Feature","geometry":{"type":"Polygon","coordinates":[[[106.4235853,29.8153396],[106.4235862,29.815201],[106.4241217,29.8152034],[106.4241209,29.815342],[106.4235853,29.8153396]]]},"properties":{"kind":"building","name":"","highway":"","source_url":"https://www.openstreetmap.org/way/930549162"}},{"type":"Feature","geometry":{"type":"Polygon","coordinates":[[[106.4235835,29.8150302],[106.4235795,29.8148917],[106.424115,29.81488],[106.424119,29.8150186],[106.4235835,29.8150302]]]},"properties":{"kind":"building","name":"","highway":"","source_url":"https://www.openstreetmap.org/way/930549163"}},{"type":"Feature","geometry":{"type":"Polygon","coordinates":[[[106.4228938,29.8150559],[106.4228881,29.8149174],[106.4234234,29.8149009],[106.4234291,29.8150393],[106.4228938,29.8150559]]]},"properties":{"kind":"building","name":"","highway":"","source_url":"https://www.openstreetmap.org/way/930549164"}},{"type":"Feature","geometry":{"type":"Polygon","coordinates":[[[106.4228588,29.8153898],[106.4228542,29.8152512],[106.4233897,29.8152379],[106.4233942,29.8153764],[106.4228588,29.8153898]]]},"properties":{"kind":"building","name":"","highway":"","source_url":"https://www.openstreetmap.org/way/930549165"}},{"type":"Feature","geometry":{"type":"Polygon","coordinates":[[[106.4228776,29.8147141],[106.4228732,29.8145754],[106.4234085,29.8145626],[106.4234129,29.8147011],[106.4228776,29.8147141]]]},"properties":{"kind":"building","name":"","highway":"","source_url":"https://www.openstreetmap.org/way/930549166"}},{"type":"Feature","geometry":{"type":"Polygon","coordinates":[[[106.4235721,29.8146734],[106.4235655,29.8145348],[106.4241007,29.8145158],[106.4241072,29.8146543],[106.4235721,29.8146734]]]},"properties":{"kind":"building","name":"","highway":"","source_url":"https://www.openstreetmap.org/way/930549167"}},{"type":"Feature","geometry":{"type":"Polygon","coordinates":[[[106.4242725,29.8146419],[106.4242697,29.8145034],[106.4248052,29.8144951],[106.4248081,29.8146336],[106.4242725,29.8146419]]]},"properties":{"kind":"building","name":"","highway":"","source_url":"https://www.openstreetmap.org/way/930549168"}},{"type":"Feature","geometry":{"type":"Polygon","coordinates":[[[106.4225478,29.815104],[106.4225239,29.8146086],[106.4226884,29.8146026],[106.4227122,29.815098],[106.4225478,29.815104]]]},"properties":{"kind":"building","name":"","highway":"","source_url":"https://www.openstreetmap.org/way/930549169"}},{"type":"Feature","geometry":{"type":"Polygon","coordinates":[[[106.4226969,29.8143858],[106.4226904,29.8142472],[106.4232255,29.8142284],[106.423232,29.8143667],[106.4226969,29.8143858]]]},"properties":{"kind":"building","name":"","highway":"","source_url":"https://www.openstreetmap.org/way/930549170"}},{"type":"Feature","geometry":{"type":"Polygon","coordinates":[[[106.4233449,29.8143657],[106.423339,29.8142271],[106.4238742,29.8142102],[106.4238801,29.8143487],[106.4233449,29.8143657]]]},"properties":{"kind":"building","name":"","highway":"","source_url":"https://www.openstreetmap.org/way/930549171"}},{"type":"Feature","geometry":{"type":"Polygon","coordinates":[[[106.4240837,29.8143312],[106.4240763,29.8141927],[106.4246112,29.8141712],[106.4246187,29.8143097],[106.4240837,29.8143312]]]},"properties":{"kind":"building","name":"","highway":"","source_url":"https://www.openstreetmap.org/way/930549172"}},{"type":"Feature","geometry":{"type":"Polygon","coordinates":[[[106.4247085,29.8142983],[106.4247007,29.8141597],[106.4252358,29.8141371],[106.4252436,29.8142756],[106.4247085,29.8142983]]]},"properties":{"kind":"building","name":"","highway":"","source_url":"https://www.openstreetmap.org/way/930549173"}},{"type":"Feature","geometry":{"type":"Polygon","coordinates":[[[106.4250629,29.8140174],[106.4250356,29.8135221],[106.4252001,29.8135153],[106.4252273,29.8140106],[106.4250629,29.8140174]]]},"properties":{"kind":"building","name":"","highway":"","source_url":"https://www.openstreetmap.org/way/930549174"}},{"type":"Feature","geometry":{"type":"Polygon","coordinates":[[[106.4243549,29.8139783],[106.4243486,29.8138397],[106.4248838,29.8138216],[106.42489,29.81396],[106.4243549,29.8139783]]]},"properties":{"kind":"building","name":"","highway":"","source_url":"https://www.openstreetmap.org/way/930549175"}},{"type":"Feature","geometry":{"type":"Polygon","coordinates":[[[106.4240332,29.8140077],[106.424006,29.8135124],[106.4241705,29.8135056],[106.4241976,29.8140009],[106.4240332,29.8140077]]]},"properties":{"kind":"building","name":"","highway":"","source_url":"https://www.openstreetmap.org/way/930549176"}},{"type":"Feature","geometry":{"type":"Polygon","coordinates":[[[106.4236576,29.814022],[106.4236394,29.8135264],[106.423804,29.8135219],[106.423822,29.8140175],[106.4236576,29.814022]]]},"properties":{"kind":"building","name":"","highway":"","source_url":"https://www.openstreetmap.org/way/930549177"}},{"type":"Feature","geometry":{"type":"Polygon","coordinates":[[[106.4229702,29.8139784],[106.422969,29.8138397],[106.4235046,29.8138363],[106.4235058,29.8139749],[106.4229702,29.8139784]]]},"properties":{"kind":"building","name":"","highway":"","source_url":"https://www.openstreetmap.org/way/930549178"}},{"type":"Feature","geometry":{"type":"Polygon","coordinates":[[[106.422956,29.8136759],[106.4229587,29.8135372],[106.4234942,29.8135452],[106.4234915,29.8136837],[106.422956,29.8136759]]]},"properties":{"kind":"building","name":"","highway":"","source_url":"https://www.openstreetmap.org/way/930549179"}},{"type":"Feature","geometry":{"type":"Polygon","coordinates":[[[106.4231449,29.8133453],[106.423143,29.8132067],[106.4236785,29.813201],[106.4236804,29.8133396],[106.4231449,29.8133453]]]},"properties":{"kind":"building","name":"","highway":"","source_url":"https://www.openstreetmap.org/way/930549180"}},{"type":"Feature","geometry":{"type":"Polygon","coordinates":[[[106.4239485,29.8133591],[106.4239213,29.8128638],[106.4240858,29.812857],[106.4241129,29.8133523],[106.4239485,29.8133591]]]},"properties":{"kind":"building","name":"","highway":"","source_url":"https://www.openstreetmap.org/way/930549182"}},{"type":"Feature","geometry":{"type":"Polygon","coordinates":[[[106.4228353,29.8134568],[106.4228081,29.8129615],[106.4229726,29.8129547],[106.4229997,29.81345],[106.4228353,29.8134568]]]},"properties":{"kind":"building","name":"","highway":"","source_url":"https://www.openstreetmap.org/way/930549183"}},{"type":"Feature","geometry":{"type":"Polygon","coordinates":[[[106.4224456,29.8145188],[106.4224188,29.8142536],[106.4225714,29.814242],[106.4225983,29.8145072],[106.4224456,29.8145188]]]},"properties":{"kind":"building","name":"","highway":"","source_url":"https://www.openstreetmap.org/way/930549184"}},{"type":"Feature","geometry":{"type":"Polygon","coordinates":[[[106.4224713,29.8141301],[106.4227218,29.813681],[106.4228447,29.8137326],[106.4225944,29.8141818],[106.4224713,29.8141301]]]},"properties":{"kind":"building","name":"","highway":"","source_url":"https://www.openstreetmap.org/way/930549185"}},{"type":"Feature","geometry":{"type":"Polygon","coordinates":[[[106.4245993,29.8136192],[106.4245895,29.8134598],[106.4248915,29.8134459],[106.4249012,29.8136053],[106.4245993,29.8136192]]]},"properties":{"kind":"building","name":"","highway":"","source_url":"https://www.openstreetmap.org/way/930549186"}},{"type":"Feature","geometry":{"type":"Polygon","coordinates":[[[106.4241922,29.8175752],[106.4241922,29.817331],[106.4249209,29.8173309],[106.4249209,29.8175753],[106.4241922,29.8175752]]]},"properties":{"kind":"building","name":"","highway":"","source_url":"https://www.openstreetmap.org/way/930549196"}},{"type":"Feature","geometry":{"type":"Polygon","coordinates":[[[106.4242421,29.8172581],[106.4242468,29.8167335],[106.424887,29.8167378],[106.4248823,29.8172624],[106.4242421,29.8172581]]]},"properties":{"kind":"building","name":"","highway":"","source_url":"https://www.openstreetmap.org/way/930549197"}},{"type":"Feature","geometry":{"type":"Polygon","coordinates":[[[106.4242972,29.8166353],[106.424298,29.8162282],[106.4248528,29.8162289],[106.4248521,29.8166361],[106.4242972,29.8166353]]]},"properties":{"kind":"building","name":"","highway":"","source_url":"https://www.openstreetmap.org/way/930549198"}},{"type":"Feature","geometry":{"type":"Polygon","coordinates":[[[106.4250526,29.8172554],[106.4250784,29.816157],[106.4257829,29.8161695],[106.4257569,29.8172679],[106.4250526,29.8172554]]]},"properties":{"kind":"building","name":"","highway":"","source_url":"https://www.openstreetmap.org/way/930549199"}},{"type":"Feature","geometry":{"type":"Polygon","coordinates":[[[106.42506,29.8174894],[106.4250585,29.8173373],[106.4256327,29.817333],[106.4256342,29.8174851],[106.42506,29.8174894]]]},"properties":{"kind":"building","name":"","highway":"","source_url":"https://www.openstreetmap.org/way/930549200"}},{"type":"Feature","geometry":{"type":"Polygon","coordinates":[[[106.4250527,29.8175696],[106.4255696,29.8175664],[106.4255739,29.8180861],[106.4252581,29.8180881],[106.4252573,29.8179994],[106.4250563,29.8180006],[106.4250527,29.8175696]]]},"properties":{"kind":"building","name":"","highway":"","source_url":"https://www.openstreetmap.org/way/930549201"}},{"type":"Feature","geometry":{"type":"Polygon","coordinates":[[[106.4256978,29.8178739],[106.4257042,29.8174342],[106.4259184,29.8174365],[106.4259119,29.8178763],[106.4256978,29.8178739]]]},"properties":{"kind":"building","name":"","highway":"","source_url":"https://www.openstreetmap.org/way/930549202"}},{"type":"Feature","geometry":{"type":"Polygon","coordinates":[[[106.4256927,29.8181021],[106.4256941,29.8179259],[106.4259014,29.8179271],[106.4259,29.8181033],[106.4256927,29.8181021]]]},"properties":{"kind":"building","name":"","highway":"","source_url":"https://www.openstreetmap.org/way/930549203"}},{"type":"Feature","geometry":{"type":"Polygon","coordinates":[[[106.426037,29.8173272],[106.4259,29.8172284],[106.4260561,29.8170654],[106.4261931,29.8171642],[106.426037,29.8173272]]]},"properties":{"kind":"building","name":"","highway":"","source_url":"https://www.openstreetmap.org/way/930549204"}},{"type":"Feature","geometry":{"type":"Polygon","coordinates":[[[106.4260938,29.817462],[106.4260981,29.8172726],[106.4271412,29.8172905],[106.4271368,29.8174799],[106.4260938,29.817462]]]},"properties":{"kind":"building","name":"","highway":"","source_url":"https://www.openstreetmap.org/way/930549205"}},{"type":"Feature","geometry":{"type":"Polygon","coordinates":[[[106.4260927,29.8181028],[106.4261033,29.8175507],[106.4269341,29.8175741],[106.4269149,29.8181116],[106.4260927,29.8181028]]]},"properties":{"kind":"building","name":"","highway":"","source_url":"https://www.openstreetmap.org/way/930549206"}},{"type":"Feature","geometry":{"type":"Polygon","coordinates":[[[106.4260849,29.8183694],[106.4260886,29.8181983],[106.4267349,29.8182088],[106.4267312,29.81838],[106.4260849,29.8183694]]]},"properties":{"kind":"building","name":"","highway":"","source_url":"https://www.openstreetmap.org/way/930549207"}},{"type":"Feature","geometry":{"type":"Polygon","coordinates":[[[106.4260885,29.8185884],[106.4260934,29.8184238],[106.4265592,29.8184343],[106.4265543,29.8185988],[106.4260885,29.8185884]]]},"properties":{"kind":"building","name":"","highway":"","source_url":"https://www.openstreetmap.org/way/930549208"}},{"type":"Feature","geometry":{"type":"Polygon","coordinates":[[[106.4271001,29.8182557],[106.4271038,29.8180847],[106.4279475,29.8181228],[106.4279416,29.81828],[106.4277759,29.8182769],[106.4271001,29.8182557]]]},"properties":{"kind":"building","name":"","highway":"","source_url":"https://www.openstreetmap.org/way/930549209"}},{"type":"Feature","geometry":{"type":"Polygon","coordinates":[[[106.4277759,29.8182769],[106.4279416,29.81828],[106.4281389,29.8182838],[106.4281295,29.8186578],[106.4277665,29.8186509],[106.4277759,29.8182769]]]},"properties":{"kind":"building","name":"","highway":"","source_url":"https://www.openstreetmap.org/way/930549210"}},{"type":"Feature","geometry":{"type":"Polygon","coordinates":[[[106.4265944,29.8185874],[106.4265991,29.8184667],[106.4269036,29.8184756],[106.4268989,29.8185963],[106.4265944,29.8185874]]]},"properties":{"kind":"building","name":"","highway":"","source_url":"https://www.openstreetmap.org/way/930549211"}},{"type":"Feature","geometry":{"type":"Polygon","coordinates":[[[106.4274597,29.8175304],[106.4280182,29.8175926],[106.4280342,29.8174849],[106.4274757,29.8174226],[106.4274597,29.8175304]]]},"properties":{"kind":"building","name":"","highway":"","source_url":"https://www.openstreetmap.org/way/930549212"}},{"type":"Feature","geometry":{"type":"Polygon","coordinates":[[[106.4272194,29.8168174],[106.4281859,29.8168338],[106.428189,29.8166993],[106.4272224,29.8166831],[106.4272194,29.8168174]]]},"properties":{"kind":"building","name":"","highway":"","source_url":"https://www.openstreetmap.org/way/930549213"}},{"type":"Feature","geometry":{"type":"Polygon","coordinates":[[[106.4281557,29.8165674],[106.4272853,29.8165708],[106.4272832,29.8161677],[106.4281535,29.8161642],[106.4281557,29.8165674]]]},"properties":{"kind":"building","name":"","highway":"","source_url":"https://www.openstreetmap.org/way/930549214"}},{"type":"Feature","geometry":{"type":"Polygon","coordinates":[[[106.4266352,29.8162864],[106.4271251,29.8162786],[106.4271207,29.8160745],[106.4266308,29.8160824],[106.4266352,29.8162864]]]},"properties":{"kind":"building","name":"","highway":"","source_url":"https://www.openstreetmap.org/way/930549215"}},{"type":"Feature","geometry":{"type":"Polygon","coordinates":[[[106.427201,29.8172011],[106.4268635,29.8168991],[106.4270015,29.8168033],[106.4273284,29.8171054],[106.427201,29.8172011]]]},"properties":{"kind":"building","name":"","highway":"","source_url":"https://www.openstreetmap.org/way/930549216"}},{"type":"Feature","geometry":{"type":"Polygon","coordinates":[[[106.4282394,29.8174542],[106.4282562,29.8160909],[106.4283543,29.8160933],[106.4283319,29.8174591],[106.4282394,29.8174542]]]},"properties":{"kind":"building","name":"","highway":"","source_url":"https://www.openstreetmap.org/way/930549217"}},{"type":"Feature","geometry":{"type":"Polygon","coordinates":[[[106.4272837,29.8159886],[106.427282,29.815857],[106.4276843,29.8158631],[106.4276807,29.8159929],[106.4272837,29.8159886]]]},"properties":{"kind":"building","name":"","highway":"","source_url":"https://www.openstreetmap.org/way/930549218"}},{"type":"Feature","geometry":{"type":"Polygon","coordinates":[[[106.4272981,29.8157588],[106.4272963,29.8156271],[106.4276986,29.8156333],[106.427695,29.815763],[106.4272981,29.8157588]]]},"properties":{"kind":"building","name":"","highway":"","source_url":"https://www.openstreetmap.org/way/930549219"}},{"type":"Feature","geometry":{"type":"Polygon","coordinates":[[[106.4273009,29.8155109],[106.4272991,29.8153792],[106.4277014,29.8153854],[106.4276978,29.8155152],[106.4273009,29.8155109]]]},"properties":{"kind":"building","name":"","highway":"","source_url":"https://www.openstreetmap.org/way/930549220"}},{"type":"Feature","geometry":{"type":"Polygon","coordinates":[[[106.4278355,29.8156328],[106.427837,29.8154303],[106.428238,29.8154326],[106.4282365,29.815635],[106.4278355,29.8156328]]]},"properties":{"kind":"building","name":"","highway":"","source_url":"https://www.openstreetmap.org/way/930549221"}},{"type":"Feature","geometry":{"type":"Polygon","coordinates":[[[106.4277191,29.8160188],[106.4277206,29.8158163],[106.4281217,29.8158186],[106.4281202,29.816021],[106.4277191,29.8160188]]]},"properties":{"kind":"building","name":"","highway":"","source_url":"https://www.openstreetmap.org/way/930549222"}},{"type":"Feature","geometry":{"type":"Polygon","coordinates":[[[106.4268192,29.8153268],[106.4268208,29.8152037],[106.4270934,29.8152062],[106.4270919,29.8153294],[106.4268192,29.8153268]]]},"properties":{"kind":"building","name":"","highway":"","source_url":"https://www.openstreetmap.org/way/930549223"}},{"type":"Feature","geometry":{"type":"Polygon","coordinates":[[[106.4265326,29.8153952],[106.4265341,29.8152721],[106.4268068,29.8152746],[106.4268052,29.8153977],[106.4265326,29.8153952]]]},"properties":{"kind":"building","name":"","highway":"","source_url":"https://www.openstreetmap.org/way/930549224"}},{"type":"Feature","geometry":{"type":"Polygon","coordinates":[[[106.4262437,29.8158818],[106.4262452,29.8157587],[106.4266275,29.8157644],[106.4266285,29.8158886],[106.4262437,29.8158818]]]},"properties":{"kind":"building","name":"","highway":"","source_url":"https://www.openstreetmap.org/way/930549225"}},{"type":"Feature","geometry":{"type":"Polygon","coordinates":[[[106.4266528,29.8158881],[106.4266544,29.815765],[106.4270367,29.8157707],[106.4270377,29.8158949],[106.4266528,29.8158881]]]},"properties":{"kind":"building","name":"","highway":"","source_url":"https://www.openstreetmap.org/way/930549226"}},{"type":"Feature","geometry":{"type":"Polygon","coordinates":[[[106.4285167,29.8170705],[106.4285217,29.8169457],[106.4289789,29.8169594],[106.4289739,29.8170843],[106.4285167,29.8170705]]]},"properties":{"kind":"building","name":"","highway":"","source_url":"https://www.openstreetmap.org/way/930549227"}},{"type":"Feature","geometry":{"type":"Polygon","coordinates":[[[106.4285506,29.8168475],[106.4285556,29.8167227],[106.4290128,29.8167364],[106.4290078,29.8168612],[106.4285506,29.8168475]]]},"properties":{"kind":"building","name":"","highway":"","source_url":"https://www.openstreetmap.org/way/930549228"}},{"type":"Feature","geometry":{"type":"Polygon","coordinates":[[[106.4285604,29.8166774],[106.4285836,29.8162221],[106.4290464,29.8162455],[106.4290176,29.8166911],[106.4285604,29.8166774]]]},"properties":{"kind":"building","name":"","highway":"","source_url":"https://www.openstreetmap.org/way/930549229"}},{"type":"Feature","geometry":{"type":"Polygon","coordinates":[[[106.4290675,29.8164886],[106.4290859,29.8160377],[106.4292356,29.8160423],[106.4292173,29.8164931],[106.4290675,29.8164886]]]},"properties":{"kind":"building","name":"","highway":"","source_url":"https://www.openstreetmap.org/way/930549230"}},{"type":"Feature","geometry":{"type":"Polygon","coordinates":[[[106.4286012,29.8159404],[106.4286064,29.8158258],[106.4291482,29.8158443],[106.429143,29.8159587],[106.4286012,29.8159404]]]},"properties":{"kind":"building","name":"","highway":"","source_url":"https://www.openstreetmap.org/way/930549231"}},{"type":"Feature","geometry":{"type":"Polygon","coordinates":[[[106.4251097,29.8151765],[106.4256879,29.8151248],[106.4256659,29.8149394],[106.4250877,29.8149912],[106.4251097,29.8151765]]]},"properties":{"kind":"building","name":"","highway":"","source_url":"https://www.openstreetmap.org/way/930549232"}},{"type":"Feature","geometry":{"type":"Polygon","coordinates":[[[106.425194,29.8155928],[106.4257722,29.8155411],[106.4257502,29.8153558],[106.425172,29.8154075],[106.425194,29.8155928]]]},"properties":{"kind":"building","name":"","highway":"","source_url":"https://www.openstreetmap.org/way/930549233"}},{"type":"Feature","geometry":{"type":"Polygon","coordinates":[[[106.4249385,29.8153866],[106.4251563,29.8153718],[106.4251405,29.8151969],[106.4249227,29.8152118],[106.4249385,29.8153866]]]},"properties":{"kind":"building","name":"","highway":"","source_url":"https://www.openstreetmap.org/way/930549234"}},{"type":"Feature","geometry":{"type":"Polygon","coordinates":[[[106.4257999,29.8153277],[106.4260177,29.8153129],[106.4260019,29.815138],[106.425784,29.8151529],[106.4257999,29.8153277]]]},"properties":{"kind":"building","name":"","highway":"","source_url":"https://www.openstreetmap.org/way/930549235"}},{"type":"Feature","geometry":{"type":"Polygon","coordinates":[[[106.4257772,29.814656],[106.4261003,29.814638],[106.4260889,29.8144834],[106.4257658,29.8145014],[106.4257772,29.814656]]]},"properties":{"kind":"building","name":"","highway":"","source_url":"https://www.openstreetmap.org/way/930549236"}},{"type":"Feature","geometry":{"type":"Polygon","coordinates":[[[106.4259928,29.8149783],[106.4259903,29.8147832],[106.4262288,29.8147809],[106.4262295,29.8148372],[106.426449,29.8148351],[106.4264516,29.8150363],[106.4262145,29.8150386],[106.4262137,29.8149762],[106.4259928,29.8149783]]]},"properties":{"kind":"building","name":"","highway":"","source_url":"https://www.openstreetmap.org/way/930549237"}},{"type":"Feature","geometry":{"type":"Polygon","coordinates":[[[106.4257201,29.8150186],[106.425698,29.8148094],[106.4259317,29.8147909],[106.4259537,29.8150001],[106.4257201,29.8150186]]]},"properties":{"kind":"building","name":"","highway":"","source_url":"https://www.openstreetmap.org/way/930549238"}},{"type":"Feature","geometry":{"type":"Polygon","coordinates":[[[106.4256915,29.8148502],[106.425665,29.8145994],[106.4255425,29.8146092],[106.425569,29.81486],[106.4256915,29.8148502]]]},"properties":{"kind":"building","name":"","highway":"","source_url":"https://www.openstreetmap.org/way/930549239"}},{"type":"Feature","geometry":{"type":"Polygon","coordinates":[[[106.4282856,29.8185741],[106.428291,29.8182199],[106.428708,29.8182247],[106.4287026,29.8185789],[106.4282856,29.8185741]]]},"properties":{"kind":"building","name":"","highway":"","source_url":"https://www.openstreetmap.org/way/930549240"}},{"type":"Feature","geometry":{"type":"Polygon","coordinates":[[[106.4288226,29.8185694],[106.4288281,29.8182152],[106.4292451,29.81822],[106.4292396,29.8185742],[106.4288226,29.8185694]]]},"properties":{"kind":"building","name":"","highway":"","source_url":"https://www.openstreetmap.org/way/930549241"}},{"type":"Feature","geometry":{"type":"Polygon","coordinates":[[[106.4296367,29.8171232],[106.4300998,29.8170951],[106.43011,29.8172206],[106.4296469,29.8172488],[106.4296367,29.8171232]]]},"properties":{"kind":"building","name":"","highway":"","source_url":"https://www.openstreetmap.org/way/930549242"}},{"type":"Feature","geometry":{"type":"Polygon","coordinates":[[[106.4296604,29.8172967],[106.4302601,29.8172579],[106.4302726,29.8173793],[106.4296706,29.8174223],[106.4296604,29.8172967]]]},"properties":{"kind":"building","name":"","highway":"","source_url":"https://www.openstreetmap.org/way/930549243"}},{"type":"Feature","geometry":{"type":"Polygon","coordinates":[[[106.4298787,29.8174479],[106.4304783,29.8174092],[106.4304909,29.8175305],[106.4298888,29.8175736],[106.4298787,29.8174479]]]},"properties":{"kind":"building","name":"","highway":"","source_url":"https://www.openstreetmap.org/way/930549244"}},{"type":"Feature","geometry":{"type":"Polygon","coordinates":[[[106.4301416,29.8170731],[106.4305048,29.8170542],[106.4305135,29.8171797],[106.4301503,29.8171986],[106.4301416,29.8170731]]]},"properties":{"kind":"building","name":"","highway":"","source_url":"https://www.openstreetmap.org/way/930549245"}},{"type":"Feature","geometry":{"type":"Polygon","coordinates":[[[106.4314287,29.8167955],[106.4312644,29.8168568],[106.4310752,29.8164754],[106.4309223,29.8165325],[106.4308609,29.8164088],[106.4311784,29.8162903],[106.4314287,29.8167955]]]},"properties":{"kind":"building","name":"","highway":"","source_url":"https://www.openstreetmap.org/way/930549246"}},{"type":"Feature","geometry":{"type":"Polygon","coordinates":[[[106.431003,29.817156],[106.4311799,29.8170873],[106.4308939,29.8165332],[106.4307171,29.8166019],[106.431003,29.817156]]]},"properties":{"kind":"building","name":"","highway":"","source_url":"https://www.openstreetmap.org/way/930549247"}},{"type":"Feature","geometry":{"type":"Polygon","coordinates":[[[106.4309559,29.8162705],[106.4311635,29.8162009],[106.4309657,29.815757],[106.4307582,29.8158266],[106.4309559,29.8162705]]]},"properties":{"kind":"building","name":"","highway":"","source_url":"https://www.openstreetmap.org/way/930549248"}},{"type":"Feature","geometry":{"type":"Polygon","coordinates":[[[106.4308005,29.8174078],[106.43081,29.8172173],[106.4309549,29.8172228],[106.4309453,29.8174133],[106.4308005,29.8174078]]]},"properties":{"kind":"building","name":"","highway":"","source_url":"https://www.openstreetmap.org/way/930549249"}},{"type":"Feature","geometry":{"type":"Polygon","coordinates":[[[106.4305465,29.8174506],[106.430556,29.8172601],[106.4307009,29.8172656],[106.4306913,29.8174561],[106.4305465,29.8174506]]]},"properties":{"kind":"building","name":"","highway":"","source_url":"https://www.openstreetmap.org/way/930549250"}},{"type":"Feature","geometry":{"type":"Polygon","coordinates":[[[106.4305855,29.8171629],[106.430595,29.8169724],[106.4307399,29.8169779],[106.4307303,29.8171684],[106.4305855,29.8171629]]]},"properties":{"kind":"building","name":"","highway":"","source_url":"https://www.openstreetmap.org/way/930549251"}},{"type":"Feature","geometry":{"type":"Polygon","coordinates":[[[106.4303782,29.8168667],[106.4303877,29.8166762],[106.4305326,29.8166817],[106.4305231,29.8168722],[106.4303782,29.8168667]]]},"properties":{"kind":"building","name":"","highway":"","source_url":"https://www.openstreetmap.org/way/930549252"}},{"type":"Feature","geometry":{"type":"Polygon","coordinates":[[[106.4306562,29.8177003],[106.4306657,29.8175098],[106.4308106,29.8175152],[106.430801,29.8177057],[106.4306562,29.8177003]]]},"properties":{"kind":"building","name":"","highway":"","source_url":"https://www.openstreetmap.org/way/930549253"}},{"type":"Feature","geometry":{"type":"Polygon","coordinates":[[[106.4303466,29.8179601],[106.4306647,29.8178549],[106.4306165,29.817745],[106.4302983,29.8178501],[106.4303466,29.8179601]]]},"properties":{"kind":"building","name":"","highway":"","source_url":"https://www.openstreetmap.org/way/930549254"}},{"type":"Feature","geometry":{"type":"Polygon","coordinates":[[[106.430508,29.8159476],[106.4307834,29.8160132],[106.4306762,29.8163519],[106.4304008,29.8162862],[106.430508,29.8159476]]]},"properties":{"kind":"building","name":"","highway":"","source_url":"https://www.openstreetmap.org/way/930549255"}},{"type":"Feature","geometry":{"type":"Polygon","coordinates":[[[106.4302558,29.8153636],[106.4296825,29.8152637],[106.4295337,29.8153673],[106.429507,29.8155042],[106.429687,29.8155306],[106.4297044,29.8154414],[106.4297532,29.8154181],[106.4302242,29.8155001],[106.4302558,29.8153636]]]},"properties":{"kind":"building","name":"","highway":"","source_url":"https://www.openstreetmap.org/way/930549256"}},{"type":"Feature","geometry":{"type":"Polygon","coordinates":[[[106.4296874,29.8156916],[106.4297167,29.8155503],[106.4300828,29.8156074],[106.4300535,29.8157487],[106.4296874,29.8156916]]]},"properties":{"kind":"building","name":"","highway":"","source_url":"https://www.openstreetmap.org/way/930549257"}},{"type":"Feature","geometry":{"type":"Polygon","coordinates":[[[106.4296403,29.8160727],[106.4296067,29.8158702],[106.4298144,29.8158443],[106.4298479,29.8160468],[106.4296403,29.8160727]]]},"properties":{"kind":"building","name":"","highway":"","source_url":"https://www.openstreetmap.org/way/930549258"}},{"type":"Feature","geometry":{"type":"Polygon","coordinates":[[[106.430009,29.8159793],[106.4298489,29.8158307],[106.4299384,29.8157581],[106.4300985,29.8159068],[106.430009,29.8159793]]]},"properties":{"kind":"building","name":"","highway":"","source_url":"https://www.openstreetmap.org/way/930549259"}},{"type":"Feature","geometry":{"type":"Polygon","coordinates":[[[106.4299322,29.8161999],[106.4299454,29.8160233],[106.4301356,29.8160341],[106.4301223,29.8162106],[106.4299322,29.8161999]]]},"properties":{"kind":"building","name":"","highway":"","source_url":"https://www.openstreetmap.org/way/930549260"}},{"type":"Feature","geometry":{"type":"Polygon","coordinates":[[[106.4301085,29.8165674],[106.4301133,29.8163929],[106.4302668,29.8163962],[106.430262,29.8165706],[106.4301085,29.8165674]]]},"properties":{"kind":"building","name":"","highway":"","source_url":"https://www.openstreetmap.org/way/930549261"}},{"type":"Feature","geometry":{"type":"Polygon","coordinates":[[[106.4301319,29.8163112],[106.4301367,29.8161367],[106.4302902,29.8161399],[106.4302854,29.8163144],[106.4301319,29.8163112]]]},"properties":{"kind":"building","name":"","highway":"","source_url":"https://www.openstreetmap.org/way/930549262"}},{"type":"Feature","geometry":{"type":"Polygon","coordinates":[[[106.4296047,29.8168758],[106.4296387,29.8166819],[106.4299123,29.816718],[106.4298782,29.816912],[106.4296047,29.8168758]]]},"properties":{"kind":"building","name":"","highway":"","source_url":"https://www.openstreetmap.org/way/930549263"}},{"type":"Feature","geometry":{"type":"Polygon","coordinates":[[[106.4291017,29.8172121],[106.429103,29.816935],[106.4294751,29.8169364],[106.4294739,29.8172134],[106.4291017,29.8172121]]]},"properties":{"kind":"building","name":"","highway":"","source_url":"https://www.openstreetmap.org/way/930549264"}},{"type":"Feature","geometry":{"type":"Polygon","coordinates":[[[106.4298879,29.8180546],[106.4295587,29.8180378],[106.4295675,29.8179078],[106.4298967,29.8179245],[106.4298879,29.8180546]]]},"properties":{"kind":"building","name":"","highway":"","source_url":"https://www.openstreetmap.org/way/930549265"}},{"type":"Feature","geometry":{"type":"Polygon","coordinates":[[[106.4299564,29.8180421],[106.4299564,29.8179215],[106.430249,29.8179321],[106.430249,29.8180442],[106.4299564,29.8180421]]]},"properties":{"kind":"building","name":"","highway":"","source_url":"https://www.openstreetmap.org/way/930549266"}},{"type":"Feature","geometry":{"type":"Polygon","coordinates":[[[106.4295338,29.8176524],[106.4295164,29.8174637],[106.4297257,29.8174492],[106.4297431,29.8176378],[106.4295338,29.8176524]]]},"properties":{"kind":"building","name":"","highway":"","source_url":"https://www.openstreetmap.org/way/930549267"}},{"type":"Feature","geometry":{"type":"Polygon","coordinates":[[[106.4291779,29.8174879],[106.4291808,29.8173121],[106.4294144,29.8173149],[106.4294116,29.8174907],[106.4291779,29.8174879]]]},"properties":{"kind":"building","name":"","highway":"","source_url":"https://www.openstreetmap.org/way/930549268"}},{"type":"Feature","geometry":{"type":"Polygon","coordinates":[[[106.4300802,29.8183833],[106.4304185,29.8182931],[106.430369,29.8181532],[106.4300307,29.8182435],[106.4300802,29.8183833]]]},"properties":{"kind":"building","name":"","highway":"","source_url":"https://www.openstreetmap.org/way/930549269"}},{"type":"Feature","geometry":{"type":"Polygon","coordinates":[[[106.4304582,29.8182671],[106.4307965,29.818177],[106.4307469,29.8180371],[106.4304086,29.8181273],[106.4304582,29.8182671]]]},"properties":{"kind":"building","name":"","highway":"","source_url":"https://www.openstreetmap.org/way/930549270"}},{"type":"Feature","geometry":{"type":"Polygon","coordinates":[[[106.4308556,29.8181487],[106.4311939,29.8180585],[106.4311444,29.8179186],[106.4308061,29.8180088],[106.4308556,29.8181487]]]},"properties":{"kind":"building","name":"","highway":"","source_url":"https://www.openstreetmap.org/way/930549271"}},{"type":"Feature","geometry":{"type":"Polygon","coordinates":[[[106.4318873,29.8187296],[106.4316855,29.8183537],[106.4318704,29.818279],[106.4319915,29.8185045],[106.4321392,29.8184448],[106.4320721,29.8183198],[106.4321744,29.8182785],[106.4323222,29.8185539],[106.4318873,29.8187296]]]},"properties":{"kind":"building","name":"","highway":"","source_url":"https://www.openstreetmap.org/way/930549272"}},{"type":"Feature","geometry":{"type":"Polygon","coordinates":[[[106.4319256,29.818305],[106.4318142,29.8181168],[106.4320042,29.8180322],[106.4317557,29.8176125],[106.4319003,29.8175481],[106.43226,29.818156],[106.4319256,29.818305]]]},"properties":{"kind":"building","name":"","highway":"","source_url":"https://www.openstreetmap.org/way/930549273"}},{"type":"Feature","geometry":{"type":"Polygon","coordinates":[[[106.4317045,29.8175582],[106.4314082,29.8170523],[106.4315634,29.8169839],[106.4318597,29.8174897],[106.4317045,29.8175582]]]},"properties":{"kind":"building","name":"","highway":"","source_url":"https://www.openstreetmap.org/way/930549274"}},{"type":"Feature","geometry":{"type":"Polygon","coordinates":[[[106.431017,29.8176474],[106.4312961,29.8172011],[106.4315009,29.8172974],[106.4312219,29.8177438],[106.431017,29.8176474]]]},"properties":{"kind":"building","name":"","highway":"","source_url":"https://www.openstreetmap.org/way/930549275"}},{"type":"Feature","geometry":{"type":"Polygon","coordinates":[[[106.4296851,29.8185166],[106.4293558,29.8184998],[106.4293646,29.8183698],[106.4296939,29.8183865],[106.4296851,29.8185166]]]},"properties":{"kind":"building","name":"","highway":"","source_url":"https://www.openstreetmap.org/way/930549276"}},{"type":"Feature","geometry":{"type":"Polygon","coordinates":[[[106.4264288,29.8147024],[106.4264197,29.8145556],[106.4268772,29.8145344],[106.4268862,29.8146812],[106.4264288,29.8147024]]]},"properties":{"kind":"building","name":"","highway":"","source_url":"https://www.openstreetmap.org/way/930549277"}},{"type":"Feature","geometry":{"type":"Polygon","coordinates":[[[106.426398,29.8144019],[106.426389,29.8142551],[106.4268464,29.8142339],[106.4268555,29.8143808],[106.426398,29.8144019]]]},"properties":{"kind":"building","name":"","highway":"","source_url":"https://www.openstreetmap.org/way/930549278"}},{"type":"Feature","geometry":{"type":"Polygon","coordinates":[[[106.4262373,29.8141085],[106.4262282,29.8139617],[106.4266857,29.8139405],[106.4266947,29.8140874],[106.4262373,29.8141085]]]},"properties":{"kind":"building","name":"","highway":"","source_url":"https://www.openstreetmap.org/way/930549279"}},{"type":"Feature","geometry":{"type":"Polygon","coordinates":[[[106.4260043,29.8143585],[106.4259947,29.8142222],[106.4263562,29.8142031],[106.4263657,29.8143395],[106.4260043,29.8143585]]]},"properties":{"kind":"building","name":"","highway":"","source_url":"https://www.openstreetmap.org/way/930549280"}},{"type":"Feature","geometry":{"type":"Polygon","coordinates":[[[106.4270192,29.8142653],[106.4270228,29.8141122],[106.4272593,29.8141163],[106.4272557,29.8142694],[106.4270192,29.8142653]]]},"properties":{"kind":"building","name":"","highway":"","source_url":"https://www.openstreetmap.org/way/930549281"}},{"type":"Feature","geometry":{"type":"Polygon","coordinates":[[[106.4267886,29.8141006],[106.4267922,29.8139475],[106.4270287,29.8139516],[106.4270251,29.8141047],[106.4267886,29.8141006]]]},"properties":{"kind":"building","name":"","highway":"","source_url":"https://www.openstreetmap.org/way/930549282"}},{"type":"Feature","geometry":{"type":"Polygon","coordinates":[[[106.4266129,29.8138907],[106.4266187,29.8136959],[106.4268265,29.8137005],[106.4268208,29.8138953],[106.4266129,29.8138907]]]},"properties":{"kind":"building","name":"","highway":"","source_url":"https://www.openstreetmap.org/way/930549283"}},{"type":"Feature","geometry":{"type":"Polygon","coordinates":[[[106.4265736,29.8135721],[106.4265741,29.8133839],[106.4267719,29.8133843],[106.4267717,29.8134758],[106.4268699,29.813476],[106.4268696,29.813637],[106.4267805,29.8136368],[106.4267807,29.8135725],[106.4265736,29.8135721]]]},"properties":{"kind":"building","name":"","highway":"","source_url":"https://www.openstreetmap.org/way/930549284"}},{"type":"Feature","geometry":{"type":"LineString","coordinates":[[106.4347832,29.818753],[106.434643,29.8184784]]},"properties":{"kind":"road","name":"","highway":"residential","source_url":"https://www.openstreetmap.org/way/931570018"}},{"type":"Feature","geometry":{"type":"LineString","coordinates":[[106.4350416,29.8185062],[106.4356657,29.8182473]]},"properties":{"kind":"road","name":"","highway":"residential","source_url":"https://www.openstreetmap.org/way/931570019"}},{"type":"Feature","geometry":{"type":"Polygon","coordinates":[[[106.4330998,29.8168347],[106.433223,29.8167508],[106.4331543,29.8166749],[106.4330311,29.8167588],[106.4330998,29.8168347]]]},"properties":{"kind":"building","name":"","highway":"","source_url":"https://www.openstreetmap.org/way/931570020"}},{"type":"Feature","geometry":{"type":"Polygon","coordinates":[[[106.4329961,29.8169053],[106.4330998,29.8168347],[106.4330311,29.8167588],[106.4330043,29.8167291],[106.4329006,29.8167998],[106.4329961,29.8169053]]]},"properties":{"kind":"building","name":"","highway":"","source_url":"https://www.openstreetmap.org/way/931570021"}},{"type":"Feature","geometry":{"type":"Polygon","coordinates":[[[106.4332911,29.8168983],[106.4336559,29.8172148],[106.4337391,29.8171427],[106.4333743,29.8168262],[106.4333521,29.8168454],[106.4332911,29.8168983]]]},"properties":{"kind":"building","name":"","highway":"","source_url":"https://www.openstreetmap.org/way/931570022"}},{"type":"Feature","geometry":{"type":"Polygon","coordinates":[[[106.4332911,29.8168983],[106.4333521,29.8168454],[106.4332455,29.8167354],[106.433223,29.8167508],[106.4330998,29.8168347],[106.4329961,29.8169053],[106.4331329,29.8170728],[106.4332147,29.8170019],[106.4331932,29.8169833],[106.4332911,29.8168983]]]},"properties":{"kind":"building","name":"","highway":"","source_url":"https://www.openstreetmap.org/way/931570023"}},{"type":"Feature","geometry":{"type":"Polygon","coordinates":[[[106.433558,29.8172997],[106.4336559,29.8172148],[106.4332911,29.8168983],[106.4331932,29.8169833],[106.4332147,29.8170019],[106.433558,29.8172997]]]},"properties":{"kind":"building","name":"","highway":"","source_url":"https://www.openstreetmap.org/way/931570024"}},{"type":"Feature","geometry":{"type":"Polygon","coordinates":[[[106.4334762,29.8173707],[106.433558,29.8172997],[106.4332147,29.8170019],[106.4331329,29.8170728],[106.4334762,29.8173707]]]},"properties":{"kind":"building","name":"","highway":"","source_url":"https://www.openstreetmap.org/way/931570025"}},{"type":"Feature","geometry":{"type":"Polygon","coordinates":[[[106.4335969,29.8174754],[106.4337122,29.8173754],[106.4335915,29.8172707],[106.433558,29.8172997],[106.4334762,29.8173707],[106.4335969,29.8174754]]]},"properties":{"kind":"building","name":"","highway":"","source_url":"https://www.openstreetmap.org/way/931570026"}},{"type":"Feature","geometry":{"type":"LineString","coordinates":[[106.4355093,29.8179851],[106.4354557,29.8180037],[106.4349085,29.8182364],[106.4350416,29.8185062],[106.4351045,29.8186337]]},"properties":{"kind":"road","name":"","highway":"residential","source_url":"https://www.openstreetmap.org/way/931570027"}},{"type":"Feature","geometry":{"type":"LineString","coordinates":[[106.4355147,29.8179292],[106.4353698,29.8178641],[106.4352411,29.8178734],[106.4351016,29.8179153],[106.4349997,29.8179665],[106.4348656,29.8179804],[106.434769,29.8179478],[106.4347154,29.8178734],[106.4346832,29.8177756],[106.4346403,29.8177198],[106.4345276,29.8176919],[106.4343399,29.8177058],[106.4340078,29.8178546]]},"properties":{"kind":"road","name":"","highway":"residential","source_url":"https://www.openstreetmap.org/way/931570028"}},{"type":"Feature","geometry":{"type":"LineString","coordinates":[[106.4343501,29.8188745],[106.4347832,29.818753],[106.4348495,29.8187344],[106.4351045,29.8186337],[106.4357454,29.8183807]]},"properties":{"kind":"road","name":"","highway":"residential","source_url":"https://www.openstreetmap.org/way/931570030"}},{"type":"Feature","geometry":{"type":"LineString","coordinates":[[106.4345334,29.8191756],[106.4358608,29.8186588],[106.4359154,29.8186304]]},"properties":{"kind":"road","name":"","highway":"residential","source_url":"https://www.openstreetmap.org/way/931570031"}},{"type":"Feature","geometry":{"type":"LineString","coordinates":[[106.434666,29.8193934],[106.434622,29.8193212],[106.4345334,29.8191756],[106.4343501,29.8188745],[106.434238,29.8186902],[106.4341816,29.8185413],[106.4341464,29.8183106],[106.4341173,29.81812],[106.4340078,29.8178546],[106.4339724,29.8177687],[106.4339,29.8176546]]},"properties":{"kind":"road","name":"","highway":"residential","source_url":"https://www.openstreetmap.org/way/931570032"}},{"type":"Feature","geometry":{"type":"Polygon","coordinates":[[[106.413262,29.8316995],[106.4133207,29.8315394],[106.4131123,29.8314856],[106.412889,29.8313758],[106.4126967,29.831256],[106.4125671,29.8313823],[106.4127861,29.8315131],[106.4130483,29.8316309],[106.413262,29.8316995]]]},"properties":{"kind":"building","name":"","highway":"","source_url":"https://www.openstreetmap.org/way/938357108"}},{"type":"Feature","geometry":{"type":"Polygon","coordinates":[[[106.4124418,29.8312611],[106.4125944,29.8311576],[106.4124572,29.8310112],[106.4123442,29.8308113],[106.4122633,29.8306183],[106.4120741,29.8306592],[106.41217,29.8308744],[106.4123099,29.8310999],[106.4124418,29.8312611]]]},"properties":{"kind":"building","name":"","highway":"","source_url":"https://www.openstreetmap.org/way/938357109"}},{"type":"Feature","geometry":{"type":"Polygon","coordinates":[[[106.4132862,29.8307253],[106.4131565,29.8308301],[106.4133034,29.8309692],[106.4134299,29.8311629],[106.4135368,29.8313461],[106.4137031,29.831265],[106.4135995,29.831091],[106.4134444,29.8308731],[106.4132862,29.8307253]]]},"properties":{"kind":"building","name":"","highway":"","source_url":"https://www.openstreetmap.org/way/938357110"}},{"type":"Feature","geometry":{"type":"Polygon","coordinates":[[[106.4125334,29.8302752],[106.4124484,29.8304327],[106.4126508,29.8305017],[106.4128625,29.8306276],[106.4130422,29.8307612],[106.4131838,29.830645],[106.4129785,29.8304984],[106.4127289,29.8303617],[106.4125334,29.8302752]]]},"properties":{"kind":"building","name":"","highway":"","source_url":"https://www.openstreetmap.org/way/938357111"}},{"type":"Feature","geometry":{"type":"Polygon","coordinates":[[[106.4140842,29.8309043],[106.4141477,29.8307545],[106.4139396,29.8306998],[106.413717,29.830589],[106.4135254,29.8304683],[106.4133951,29.830594],[106.4136133,29.8307258],[106.4138747,29.8308448],[106.4140842,29.8309043]]]},"properties":{"kind":"building","name":"","highway":"","source_url":"https://www.openstreetmap.org/way/938357112"}},{"type":"Feature","geometry":{"type":"Polygon","coordinates":[[[106.4132899,29.8304948],[106.4134267,29.8303971],[106.4132899,29.8302505],[106.4131772,29.8300504],[106.4130834,29.8298619],[106.4129117,29.8299341],[106.4130029,29.8301132],[106.4131424,29.8303389],[106.4132899,29.8304948]]]},"properties":{"kind":"building","name":"","highway":"","source_url":"https://www.openstreetmap.org/way/938357113"}},{"type":"Feature","geometry":{"type":"Polygon","coordinates":[[[106.4140728,29.8301048],[106.4139259,29.8302334],[106.4142504,29.8305126],[106.4143974,29.830384],[106.4140728,29.8301048]]]},"properties":{"kind":"building","name":"","highway":"","source_url":"https://www.openstreetmap.org/way/938357114"}},{"type":"Feature","geometry":{"type":"Polygon","coordinates":[[[106.4135447,29.8296479],[106.4133978,29.8297764],[106.4137223,29.8300556],[106.4138693,29.8299271],[106.4135447,29.8296479]]]},"properties":{"kind":"building","name":"","highway":"","source_url":"https://www.openstreetmap.org/way/938357115"}},{"type":"Feature","geometry":{"type":"Polygon","coordinates":[[[106.4140265,29.8298477],[106.4142394,29.8296583],[106.4142609,29.829528],[106.4139323,29.8292511],[106.4137767,29.8292523],[106.4136163,29.8293967],[106.413677,29.8294498],[106.413623,29.8294963],[106.4136832,29.8295489],[106.4137109,29.829525],[106.4138259,29.8296254],[106.4137987,29.8296488],[106.4140265,29.8298477]]]},"properties":{"kind":"building","name":"","highway":"","source_url":"https://www.openstreetmap.org/way/938357116"}},{"type":"Feature","geometry":{"type":"Polygon","coordinates":[[[106.4142236,29.8299703],[106.4141939,29.8299957],[106.4143625,29.8301351],[106.4144212,29.8300883],[106.4145951,29.8302336],[106.4145344,29.8302838],[106.4146004,29.8303331],[106.4146543,29.8302889],[106.4147203,29.8303471],[106.4149087,29.8301836],[106.4149111,29.8301283],[106.4144673,29.8297582],[106.4143272,29.8297574],[106.4141583,29.8299146],[106.4142236,29.8299703]]]},"properties":{"kind":"building","name":"","highway":"","source_url":"https://www.openstreetmap.org/way/938357117"}},{"type":"Feature","geometry":{"type":"Polygon","coordinates":[[[106.4114459,29.8292238],[106.41117,29.8290079],[106.4110436,29.8291296],[106.4113194,29.8293454],[106.4114459,29.8292238]]]},"properties":{"kind":"building","name":"","highway":"","source_url":"https://www.openstreetmap.org/way/938357119"}},{"type":"Feature","geometry":{"type":"Polygon","coordinates":[[[106.4119867,29.8276421],[106.411877,29.8275442],[106.4114582,29.8278975],[106.4115679,29.8279954],[106.4119867,29.8276421]]]},"properties":{"kind":"building","name":"","highway":"","source_url":"https://www.openstreetmap.org/way/938357120"}},{"type":"Feature","geometry":{"type":"Polygon","coordinates":[[[106.413226,29.8288693],[106.4132483,29.8288916],[106.4132658,29.8289231],[106.4132567,29.8289516],[106.413234,29.8289708],[106.4133679,29.8290879],[106.413424,29.8289998],[106.4134361,29.8289068],[106.41342,29.8288242],[106.4133704,29.8287497],[106.413226,29.8288693]]]},"properties":{"kind":"building","name":"","highway":"","source_url":"https://www.openstreetmap.org/way/938357121"}},{"type":"Feature","geometry":{"type":"Polygon","coordinates":[[[106.4126891,29.8281308],[106.4125448,29.8282503],[106.413226,29.8288693],[106.4133704,29.8287497],[106.4126891,29.8281308]]]},"properties":{"kind":"building","name":"","highway":"","source_url":"https://www.openstreetmap.org/way/938357122"}},{"type":"Feature","geometry":{"type":"Polygon","coordinates":[[[106.4125816,29.8295319],[106.4127155,29.829649],[106.4133679,29.8290879],[106.413234,29.8289708],[106.4125816,29.8295319]]]},"properties":{"kind":"building","name":"","highway":"","source_url":"https://www.openstreetmap.org/way/938357123"}},{"type":"Feature","geometry":{"type":"Polygon","coordinates":[[[106.4118896,29.8301764],[106.4120235,29.8302936],[106.4125176,29.8298686],[106.4123838,29.8297514],[106.4118896,29.8301764]]]},"properties":{"kind":"building","name":"","highway":"","source_url":"https://www.openstreetmap.org/way/938357124"}},{"type":"Feature","geometry":{"type":"Polygon","coordinates":[[[106.4108548,29.8290221],[106.4106531,29.8291474],[106.4108089,29.8293803],[106.410999,29.8295663],[106.4112007,29.8294409],[106.4109993,29.8292407],[106.4108548,29.8290221]]]},"properties":{"kind":"building","name":"","highway":"","source_url":"https://www.openstreetmap.org/way/938357125"}},{"type":"Feature","geometry":{"type":"Polygon","coordinates":[[[106.4110706,29.8308589],[106.4112012,29.8309788],[106.4117071,29.8305644],[106.4115766,29.8304445],[106.4110706,29.8308589]]]},"properties":{"kind":"building","name":"","highway":"","source_url":"https://www.openstreetmap.org/way/938357126"}},{"type":"Feature","geometry":{"type":"Polygon","coordinates":[[[106.4108254,29.8306288],[106.4109271,29.8307223],[106.4113605,29.8303672],[106.4112587,29.8302738],[106.4108254,29.8306288]]]},"properties":{"kind":"building","name":"","highway":"","source_url":"https://www.openstreetmap.org/way/938357127"}},{"type":"Feature","geometry":{"type":"Polygon","coordinates":[[[106.4106187,29.8303533],[106.4107044,29.8304581],[106.4111681,29.830173],[106.4110824,29.8300682],[106.4106187,29.8303533]]]},"properties":{"kind":"building","name":"","highway":"","source_url":"https://www.openstreetmap.org/way/938357128"}},{"type":"Feature","geometry":{"type":"Polygon","coordinates":[[[106.4113593,29.8295592],[106.4111795,29.8297076],[106.4115888,29.8300809],[106.4117686,29.8299325],[106.4113593,29.8295592]]]},"properties":{"kind":"building","name":"","highway":"","source_url":"https://www.openstreetmap.org/way/938357137"}},{"type":"Feature","geometry":{"type":"Polygon","coordinates":[[[106.4118348,29.8291176],[106.4116551,29.829266],[106.4120644,29.8296393],[106.4122442,29.829491],[106.4118348,29.8291176]]]},"properties":{"kind":"building","name":"","highway":"","source_url":"https://www.openstreetmap.org/way/938357138"}},{"type":"Feature","geometry":{"type":"Polygon","coordinates":[[[106.4110637,29.8284216],[106.4108839,29.82857],[106.4115115,29.8291424],[106.4116913,29.828994],[106.4110637,29.8284216]]]},"properties":{"kind":"building","name":"","highway":"","source_url":"https://www.openstreetmap.org/way/938357139"}},{"type":"Feature","geometry":{"type":"Polygon","coordinates":[[[106.4110355,29.8274862],[106.4108099,29.8272955],[106.410652,29.8274362],[106.4108776,29.8276269],[106.4110355,29.8274862]]]},"properties":{"kind":"building","name":"","highway":"","source_url":"https://www.openstreetmap.org/way/938357140"}},{"type":"Feature","geometry":{"type":"Polygon","coordinates":[[[106.4113499,29.8275183],[106.4116691,29.8272344],[106.4115713,29.8271517],[106.4112522,29.8274355],[106.4113499,29.8275183]]]},"properties":{"kind":"building","name":"","highway":"","source_url":"https://www.openstreetmap.org/way/938357144"}},{"type":"Feature","geometry":{"type":"Polygon","coordinates":[[[106.4108779,29.8271064],[106.411197,29.8268225],[106.4110993,29.8267398],[106.4107801,29.8270237],[106.4108779,29.8271064]]]},"properties":{"kind":"building","name":"","highway":"","source_url":"https://www.openstreetmap.org/way/938357147"}},{"type":"Feature","geometry":{"type":"Polygon","coordinates":[[[106.4110959,29.8273024],[106.411415,29.8270185],[106.4113173,29.8269358],[106.4109981,29.8272196],[106.4110959,29.8273024]]]},"properties":{"kind":"building","name":"","highway":"","source_url":"https://www.openstreetmap.org/way/938357148"}},{"type":"Feature","geometry":{"type":"Polygon","coordinates":[[[106.414226,29.8263228],[106.414494,29.8265475],[106.41469,29.8263716],[106.414422,29.8261469],[106.414226,29.8263228]]]},"properties":{"kind":"building","name":"","highway":"","source_url":"https://www.openstreetmap.org/way/938357149"}},{"type":"Feature","geometry":{"type":"Polygon","coordinates":[[[106.4147356,29.8266206],[106.4149747,29.8268212],[106.4151594,29.8266555],[106.4149203,29.8264549],[106.4147356,29.8266206]]]},"properties":{"kind":"building","name":"","highway":"","source_url":"https://www.openstreetmap.org/way/938357150"}},{"type":"Feature","geometry":{"type":"Polygon","coordinates":[[[106.4152238,29.8269324],[106.4154753,29.8271434],[106.4156663,29.826972],[106.4154148,29.826761],[106.4152238,29.8269324]]]},"properties":{"kind":"building","name":"","highway":"","source_url":"https://www.openstreetmap.org/way/938357151"}},{"type":"Feature","geometry":{"type":"Polygon","coordinates":[[[106.4146391,29.8275281],[106.4148136,29.8276745],[106.4152023,29.8273257],[106.4150278,29.8271793],[106.4146391,29.8275281]]]},"properties":{"kind":"building","name":"","highway":"","source_url":"https://www.openstreetmap.org/way/938357152"}},{"type":"Feature","geometry":{"type":"Polygon","coordinates":[[[106.4139417,29.828047],[106.4141706,29.828239],[106.4143977,29.8280354],[106.4141687,29.8278433],[106.4139417,29.828047]]]},"properties":{"kind":"building","name":"","highway":"","source_url":"https://www.openstreetmap.org/way/938357153"}},{"type":"Feature","geometry":{"type":"Polygon","coordinates":[[[106.4141482,29.827549],[106.4143845,29.8277473],[106.414564,29.8275863],[106.4143276,29.827388],[106.4141482,29.827549]]]},"properties":{"kind":"building","name":"","highway":"","source_url":"https://www.openstreetmap.org/way/938357154"}},{"type":"Feature","geometry":{"type":"Polygon","coordinates":[[[106.4137727,29.8272233],[106.41399,29.8274056],[106.414175,29.8272396],[106.4139577,29.8270573],[106.4137727,29.8272233]]]},"properties":{"kind":"building","name":"","highway":"","source_url":"https://www.openstreetmap.org/way/938357155"}},{"type":"Feature","geometry":{"type":"Polygon","coordinates":[[[106.4131182,29.8271674],[106.4132867,29.8273087],[106.4140329,29.8266392],[106.4138644,29.8264979],[106.4131182,29.8271674]]]},"properties":{"kind":"building","name":"","highway":"","source_url":"https://www.openstreetmap.org/way/938357156"}},{"type":"Feature","geometry":{"type":"Polygon","coordinates":[[[106.4128849,29.8277724],[106.4131793,29.8275082],[106.4129506,29.8273163],[106.4126561,29.8275806],[106.4128849,29.8277724]]]},"properties":{"kind":"building","name":"","highway":"","source_url":"https://www.openstreetmap.org/way/938357157"}},{"type":"Feature","geometry":{"type":"Polygon","coordinates":[[[106.4134049,29.8280633],[106.4135691,29.827916],[106.4134617,29.8278259],[106.413379,29.8279002],[106.4132906,29.8278261],[106.4132092,29.8278991],[106.4134049,29.8280633]]]},"properties":{"kind":"building","name":"","highway":"","source_url":"https://www.openstreetmap.org/way/938357158"}},{"type":"Feature","geometry":{"type":"Polygon","coordinates":[[[106.4137054,29.8283239],[106.4138695,29.8281766],[106.4137621,29.8280865],[106.4136794,29.8281608],[106.413591,29.8280867],[106.4135096,29.8281597],[106.4137054,29.8283239]]]},"properties":{"kind":"building","name":"","highway":"","source_url":"https://www.openstreetmap.org/way/938357159"}},{"type":"Feature","geometry":{"type":"Polygon","coordinates":[[[106.4140138,29.8285868],[106.4141779,29.8284396],[106.4140706,29.8283495],[106.4139878,29.8284237],[106.4138995,29.8283496],[106.4138181,29.8284226],[106.4140138,29.8285868]]]},"properties":{"kind":"building","name":"","highway":"","source_url":"https://www.openstreetmap.org/way/938357160"}},{"type":"Feature","geometry":{"type":"Polygon","coordinates":[[[106.4147742,29.8281575],[106.4149384,29.8280103],[106.414831,29.8279202],[106.4147482,29.8279944],[106.4146599,29.8279203],[106.4145785,29.8279933],[106.4147742,29.8281575]]]},"properties":{"kind":"building","name":"","highway":"","source_url":"https://www.openstreetmap.org/way/938357161"}},{"type":"Feature","geometry":{"type":"Polygon","coordinates":[[[106.4150867,29.8284333],[106.4152508,29.828286],[106.4151434,29.8281959],[106.4150607,29.8282701],[106.4149724,29.828196],[106.414891,29.8282691],[106.4150867,29.8284333]]]},"properties":{"kind":"building","name":"","highway":"","source_url":"https://www.openstreetmap.org/way/938357162"}},{"type":"Feature","geometry":{"type":"Polygon","coordinates":[[[106.4153972,29.8287259],[106.4155613,29.8285786],[106.4154539,29.8284885],[106.4153712,29.8285628],[106.4152828,29.8284887],[106.4152014,29.8285617],[106.4153972,29.8287259]]]},"properties":{"kind":"building","name":"","highway":"","source_url":"https://www.openstreetmap.org/way/938357163"}},{"type":"Feature","geometry":{"type":"Polygon","coordinates":[[[106.4156723,29.8290395],[106.4158369,29.8288925],[106.4157297,29.8288022],[106.4156468,29.8288763],[106.4155587,29.828802],[106.415477,29.8288749],[106.4156723,29.8290395]]]},"properties":{"kind":"building","name":"","highway":"","source_url":"https://www.openstreetmap.org/way/938357164"}},{"type":"Feature","geometry":{"type":"Polygon","coordinates":[[[106.4144559,29.8289941],[106.4146205,29.8288472],[106.4145133,29.8287569],[106.4144304,29.8288309],[106.4143423,29.8287566],[106.4142607,29.8288295],[106.4144559,29.8289941]]]},"properties":{"kind":"building","name":"","highway":"","source_url":"https://www.openstreetmap.org/way/938357165"}},{"type":"Feature","geometry":{"type":"Polygon","coordinates":[[[106.4147833,29.829262],[106.4149478,29.8291151],[106.4148407,29.8290248],[106.4147578,29.8290989],[106.4146696,29.8290246],[106.414588,29.8290974],[106.4147833,29.829262]]]},"properties":{"kind":"building","name":"","highway":"","source_url":"https://www.openstreetmap.org/way/938357166"}},{"type":"Feature","geometry":{"type":"Polygon","coordinates":[[[106.4150811,29.8295432],[106.4152531,29.8294028],[106.4151508,29.8293084],[106.4150641,29.8293792],[106.4149799,29.8293015],[106.4148946,29.8293711],[106.4150811,29.8295432]]]},"properties":{"kind":"building","name":"","highway":"","source_url":"https://www.openstreetmap.org/way/938357167"}},{"type":"Feature","geometry":{"type":"Polygon","coordinates":[[[106.4106506,29.8240866],[106.4109805,29.8242006],[106.4110509,29.8240474],[106.4107209,29.8239334],[106.4106506,29.8240866]]]},"properties":{"kind":"building","name":"","highway":"","source_url":"https://www.openstreetmap.org/way/938357168"}},{"type":"Feature","geometry":{"type":"Polygon","coordinates":[[[106.4131317,29.82552],[106.4133811,29.8257527],[106.4135211,29.8256397],[106.4132717,29.825407],[106.4131317,29.82552]]]},"properties":{"kind":"building","name":"","highway":"","source_url":"https://www.openstreetmap.org/way/938357171"}},{"type":"Feature","geometry":{"type":"Polygon","coordinates":[[[106.412842,29.8250918],[106.41307,29.825399],[106.4132269,29.8253113],[106.4129989,29.8250042],[106.412842,29.8250918]]]},"properties":{"kind":"building","name":"","highway":"","source_url":"https://www.openstreetmap.org/way/938357172"}},{"type":"Feature","geometry":{"type":"Polygon","coordinates":[[[106.4124933,29.8247265],[106.4127883,29.8250336],[106.4129519,29.8249154],[106.4126569,29.8246082],[106.4124933,29.8247265]]]},"properties":{"kind":"building","name":"","highway":"","source_url":"https://www.openstreetmap.org/way/938357173"}},{"type":"Feature","geometry":{"type":"Polygon","coordinates":[[[106.4121231,29.8243937],[106.4124396,29.8246753],[106.4125805,29.8245561],[106.412264,29.8242745],[106.4121231,29.8243937]]]},"properties":{"kind":"building","name":"","highway":"","source_url":"https://www.openstreetmap.org/way/938357174"}},{"type":"Feature","geometry":{"type":"Polygon","coordinates":[[[106.4116564,29.8241354],[106.412048,29.8243309],[106.4121383,29.8241948],[106.4117467,29.8239993],[106.4116564,29.8241354]]]},"properties":{"kind":"building","name":"","highway":"","source_url":"https://www.openstreetmap.org/way/938357175"}},{"type":"Feature","geometry":{"type":"Polygon","coordinates":[[[106.4111871,29.8239027],[106.4115947,29.8241145],[106.4116895,29.8239772],[106.4112818,29.8237654],[106.4111871,29.8239027]]]},"properties":{"kind":"building","name":"","highway":"","source_url":"https://www.openstreetmap.org/way/938357176"}},{"type":"Feature","geometry":{"type":"Polygon","coordinates":[[[106.4124799,29.825029],[106.4123171,29.8251231],[106.4126604,29.8255699],[106.4128232,29.8254758],[106.4124799,29.825029]]]},"properties":{"kind":"building","name":"","highway":"","source_url":"https://www.openstreetmap.org/way/938357177"}},{"type":"Feature","geometry":{"type":"Polygon","coordinates":[[[106.4119542,29.8251035],[106.4117815,29.8252066],[106.4122026,29.8257371],[106.4123753,29.825634],[106.4119542,29.8251035]]]},"properties":{"kind":"building","name":"","highway":"","source_url":"https://www.openstreetmap.org/way/938357178"}},{"type":"Feature","geometry":{"type":"Polygon","coordinates":[[[106.4112085,29.8246125],[106.4110873,29.8247568],[106.4117498,29.8251757],[106.411871,29.8250313],[106.4112085,29.8246125]]]},"properties":{"kind":"building","name":"","highway":"","source_url":"https://www.openstreetmap.org/way/938357179"}},{"type":"Feature","geometry":{"type":"Polygon","coordinates":[[[106.4122009,29.8247474],[106.4120615,29.8248588],[106.412311,29.8250938],[106.4124504,29.8249825],[106.4122009,29.8247474]]]},"properties":{"kind":"building","name":"","highway":"","source_url":"https://www.openstreetmap.org/way/938357180"}},{"type":"Feature","geometry":{"type":"Polygon","coordinates":[[[106.4115787,29.8242495],[106.4114696,29.8243636],[106.4120329,29.8247685],[106.4121419,29.8246544],[106.4115787,29.8242495]]]},"properties":{"kind":"building","name":"","highway":"","source_url":"https://www.openstreetmap.org/way/938357181"}},{"type":"Feature","geometry":{"type":"Polygon","coordinates":[[[106.4111254,29.824047],[106.4110433,29.8241929],[106.4113732,29.8243326],[106.4114553,29.8241866],[106.4111254,29.824047]]]},"properties":{"kind":"building","name":"","highway":"","source_url":"https://www.openstreetmap.org/way/938357182"}},{"type":"Feature","geometry":{"type":"Polygon","coordinates":[[[106.4115599,29.8251826],[106.4109349,29.824773],[106.4108541,29.8248659],[106.411479,29.8252754],[106.4115599,29.8251826]]]},"properties":{"kind":"building","name":"","highway":"","source_url":"https://www.openstreetmap.org/way/938357184"}},{"type":"Feature","geometry":{"type":"Polygon","coordinates":[[[106.4119273,29.8260086],[106.4120531,29.8259591],[106.4117124,29.8253076],[106.4115867,29.8253571],[106.4119273,29.8260086]]]},"properties":{"kind":"building","name":"","highway":"","source_url":"https://www.openstreetmap.org/way/938357185"}},{"type":"Feature","geometry":{"type":"Polygon","coordinates":[[[106.4122707,29.8259272],[106.4123591,29.8260469],[106.4130619,29.8256559],[106.4129734,29.8255363],[106.4122707,29.8259272]]]},"properties":{"kind":"building","name":"","highway":"","source_url":"https://www.openstreetmap.org/way/938357186"}},{"type":"Feature","geometry":{"type":"Polygon","coordinates":[[[106.4124584,29.8262669],[106.4125742,29.8263863],[106.4132341,29.8259047],[106.4131182,29.8257852],[106.4124584,29.8262669]]]},"properties":{"kind":"building","name":"","highway":"","source_url":"https://www.openstreetmap.org/way/938357187"}},{"type":"Feature","geometry":{"type":"Polygon","coordinates":[[[106.4131816,29.8263063],[106.4133984,29.8264975],[106.4140202,29.8259667],[106.4138034,29.8257755],[106.4131816,29.8263063]]]},"properties":{"kind":"building","name":"","highway":"","source_url":"https://www.openstreetmap.org/way/938357188"}},{"type":"Feature","geometry":{"type":"Polygon","coordinates":[[[106.4124969,29.8269131],[106.4127138,29.8271042],[106.4133681,29.8265457],[106.4131512,29.8263545],[106.4124969,29.8269131]]]},"properties":{"kind":"building","name":"","highway":"","source_url":"https://www.openstreetmap.org/way/938357189"}},{"type":"Feature","geometry":{"type":"Polygon","coordinates":[[[106.4117664,29.8267346],[106.4120723,29.8270115],[106.4123298,29.8267975],[106.4120239,29.8265206],[106.4117664,29.8267346]]]},"properties":{"kind":"building","name":"","highway":"","source_url":"https://www.openstreetmap.org/way/938357190"}},{"type":"Feature","geometry":{"type":"Polygon","coordinates":[[[106.4112353,29.8260086],[106.411804,29.8265671],[106.4119315,29.8264694],[106.4113628,29.8259109],[106.4112353,29.8260086]]]},"properties":{"kind":"building","name":"","highway":"","source_url":"https://www.openstreetmap.org/way/938357191"}},{"type":"Feature","geometry":{"type":"Polygon","coordinates":[[[106.411131,29.8259531],[106.4112567,29.8258397],[106.4106267,29.8253144],[106.4105001,29.8254286],[106.4103724,29.8255438],[106.4108496,29.8259418],[106.4109782,29.8258257],[106.411131,29.8259531]]]},"properties":{"kind":"building","name":"","highway":"","source_url":"https://www.openstreetmap.org/way/938357192"}},{"type":"Feature","geometry":{"type":"Polygon","coordinates":[[[106.4105492,29.8231798],[106.4109751,29.8237391],[106.4111164,29.8236581],[106.4106905,29.8230988],[106.4105492,29.8231798]]]},"properties":{"kind":"building","name":"","highway":"","source_url":"https://www.openstreetmap.org/way/938357193"}},{"type":"Feature","geometry":{"type":"LineString","coordinates":[[106.4104588,29.8251581],[106.4111334,29.8256875],[106.4114499,29.8258713],[106.4117181,29.8260947],[106.4118576,29.8263204],[106.4120963,29.826481],[106.4123672,29.8265555],[106.4126623,29.8264973],[106.4129359,29.8263577],[106.4131317,29.8261203],[106.4134213,29.8258248],[106.4135715,29.8256875],[106.4136547,29.8256573],[106.4137888,29.8256433],[106.4139551,29.825769],[106.4140302,29.8258574],[106.4140543,29.8259877],[106.4140346,29.8261966]]},"properties":{"kind":"road","name":"","highway":"service","source_url":"https://www.openstreetmap.org/way/938357210"}},{"type":"Feature","geometry":{"type":"LineString","coordinates":[[106.4100805,29.8255224],[106.4104588,29.8251581],[106.4089876,29.8240563],[106.4087543,29.8240191],[106.4085907,29.8239609],[106.4084646,29.8238609],[106.408419,29.8237096],[106.4082581,29.8226718],[106.4083117,29.8225321],[106.4084324,29.8224623],[106.4086041,29.8224856],[106.4089528,29.8225787],[106.4093873,29.8227276],[106.4099961,29.8229696],[106.4104521,29.8232093],[106.4107311,29.8235746],[106.4109591,29.8238515],[106.4111361,29.8239888],[106.4113775,29.8241238],[106.4117825,29.824296],[106.4119649,29.82441],[106.4122306,29.8246564],[106.4123538,29.8247707],[106.4126837,29.8251849],[106.41285,29.8253827],[106.4128903,29.8255293],[106.4127856,29.8256154],[106.4122573,29.8258364],[106.4121339,29.8259109],[106.412099,29.8260319],[106.4121124,29.826118]]},"properties":{"kind":"road","name":"","highway":"service","source_url":"https://www.openstreetmap.org/way/938357211"}},{"type":"Feature","geometry":{"type":"Polygon","coordinates":[[[106.4231558,29.8206953],[106.4236312,29.8208019],[106.4236127,29.8208634],[106.4237362,29.8208914],[106.4237747,29.8207636],[106.4236511,29.8207356],[106.4236781,29.8206449],[106.4232007,29.8205379],[106.4231751,29.8206237],[106.4230049,29.8205891],[106.422965,29.8207367],[106.4231353,29.8207713],[106.4231558,29.8206953]]]},"properties":{"kind":"building","name":"","highway":"","source_url":"https://www.openstreetmap.org/way/938377788"}},{"type":"Feature","geometry":{"type":"Polygon","coordinates":[[[106.4263482,29.8218864],[106.4258925,29.8217771],[106.4259109,29.8217203],[106.4257903,29.8216909],[106.4257556,29.8217984],[106.4258761,29.8218278],[106.4258575,29.8218862],[106.4263135,29.8219955],[106.4263482,29.8218864]]]},"properties":{"kind":"building","name":"","highway":"","source_url":"https://www.openstreetmap.org/way/938377789"}},{"type":"Feature","geometry":{"type":"Polygon","coordinates":[[[106.4316895,29.8235398],[106.4316879,29.8235416],[106.4316002,29.8236399],[106.4316952,29.8237038],[106.4318522,29.8235279],[106.4317569,29.8234643],[106.4316369,29.8233838],[106.4315695,29.8234593],[106.4316895,29.8235398]]]},"properties":{"kind":"building","name":"","highway":"","source_url":"https://www.openstreetmap.org/way/938377790"}},{"type":"Feature","geometry":{"type":"Polygon","coordinates":[[[106.4318508,29.823556],[106.4317658,29.8236436],[106.4319348,29.8237669],[106.4320198,29.8236794],[106.4318508,29.823556]]]},"properties":{"kind":"building","name":"","highway":"","source_url":"https://www.openstreetmap.org/way/938377791"}},{"type":"Feature","geometry":{"type":"Polygon","coordinates":[[[106.4320627,29.823698],[106.432233,29.8235909],[106.4320704,29.8233962],[106.4319001,29.8235032],[106.4320627,29.823698]]]},"properties":{"kind":"building","name":"","highway":"","source_url":"https://www.openstreetmap.org/way/938377792"}},{"type":"Feature","geometry":{"type":"Polygon","coordinates":[[[106.4323041,29.8239563],[106.4324972,29.8238073],[106.4322754,29.8235908],[106.4320823,29.8237398],[106.4323041,29.8239563]]]},"properties":{"kind":"building","name":"","highway":"","source_url":"https://www.openstreetmap.org/way/938377793"}},{"type":"Feature","geometry":{"type":"Polygon","coordinates":[[[106.4321646,29.8234036],[106.4322664,29.8235098],[106.4323114,29.8234773],[106.4324286,29.8235739],[106.4325212,29.8234893],[106.4327785,29.8236807],[106.4329114,29.8235461],[106.4326541,29.8233547],[106.4325714,29.8234385],[106.432457,29.8233443],[106.4323784,29.8234161],[106.432284,29.8233175],[106.4321646,29.8234036]]]},"properties":{"kind":"building","name":"","highway":"","source_url":"https://www.openstreetmap.org/way/938377794"}},{"type":"Feature","geometry":{"type":"Polygon","coordinates":[[[106.4321868,29.8233094],[106.4321936,29.823319],[106.4323188,29.8232523],[106.4322571,29.8231651],[106.4321915,29.8232],[106.4320157,29.8229405],[106.4318857,29.8230069],[106.4321153,29.8233458],[106.4321868,29.8233094]]]},"properties":{"kind":"building","name":"","highway":"","source_url":"https://www.openstreetmap.org/way/938377795"}},{"type":"Feature","geometry":{"type":"Polygon","coordinates":[[[106.432339,29.8230778],[106.4323417,29.8232237],[106.4329117,29.8232156],[106.4329089,29.8230697],[106.432339,29.8230778]]]},"properties":{"kind":"building","name":"","highway":"","source_url":"https://www.openstreetmap.org/way/938377796"}},{"type":"Feature","geometry":{"type":"Polygon","coordinates":[[[106.4322504,29.8229836],[106.4324361,29.8229276],[106.4323141,29.8226228],[106.4321284,29.8226787],[106.4322504,29.8229836]]]},"properties":{"kind":"building","name":"","highway":"","source_url":"https://www.openstreetmap.org/way/938377797"}},{"type":"Feature","geometry":{"type":"Polygon","coordinates":[[[106.430749,29.82232],[106.4308946,29.8225217],[106.4310166,29.8224554],[106.4309501,29.8223632],[106.4310658,29.8222998],[106.4309858,29.8221901],[106.430749,29.82232]]]},"properties":{"kind":"building","name":"","highway":"","source_url":"https://www.openstreetmap.org/way/938377798"}},{"type":"Feature","geometry":{"type":"Polygon","coordinates":[[[106.4309791,29.8225077],[106.4310678,29.8226116],[106.4314044,29.8223952],[106.4313157,29.8222913],[106.4309791,29.8225077]]]},"properties":{"kind":"building","name":"","highway":"","source_url":"https://www.openstreetmap.org/way/938377799"}},{"type":"Feature","geometry":{"type":"Polygon","coordinates":[[[106.4314766,29.8226148],[106.4316491,29.8226171],[106.4316523,29.8224379],[106.4314798,29.8224356],[106.4314766,29.8226148]]]},"properties":{"kind":"building","name":"","highway":"","source_url":"https://www.openstreetmap.org/way/938377800"}},{"type":"Feature","geometry":{"type":"Polygon","coordinates":[[[106.4312539,29.8227674],[106.4314346,29.8227698],[106.4314337,29.8228188],[106.4312812,29.8228168],[106.4312781,29.8229906],[106.4314816,29.8229933],[106.4314831,29.8229099],[106.4316832,29.8229126],[106.4316874,29.8226728],[106.4314554,29.8226697],[106.4314578,29.8225345],[106.4312421,29.8225316],[106.4312401,29.8226412],[106.4310864,29.8226392],[106.4310823,29.8228661],[106.4312521,29.8228683],[106.4312539,29.8227674]]]},"properties":{"kind":"building","name":"","highway":"","source_url":"https://www.openstreetmap.org/way/938377801"}},{"type":"Feature","geometry":{"type":"Polygon","coordinates":[[[106.4310394,29.8226985],[106.430637,29.8226969],[106.4306357,29.8229517],[106.4310381,29.8229533],[106.4310394,29.8226985]]]},"properties":{"kind":"building","name":"","highway":"","source_url":"https://www.openstreetmap.org/way/938377802"}},{"type":"Feature","geometry":{"type":"Polygon","coordinates":[[[106.4305562,29.822461],[106.4304239,29.82246],[106.4304237,29.8224762],[106.4302642,29.822475],[106.4302636,29.8225413],[106.430154,29.8225405],[106.430153,29.8226497],[106.4302833,29.8226506],[106.4302837,29.8226056],[106.4304224,29.8226066],[106.4304226,29.8225834],[106.4305647,29.8225845],[106.430565,29.8225508],[106.4307109,29.8225519],[106.430712,29.8224379],[106.4305564,29.8224367],[106.4305562,29.822461]]]},"properties":{"kind":"building","name":"","highway":"","source_url":"https://www.openstreetmap.org/way/938377803"}},{"type":"Feature","geometry":{"type":"Polygon","coordinates":[[[106.4326872,29.822584],[106.4327381,29.8227009],[106.4330976,29.8225831],[106.4330241,29.8224141],[106.4328869,29.822459],[106.4327627,29.8221738],[106.4325404,29.8222466],[106.4326645,29.8225319],[106.4326872,29.822584]]]},"properties":{"kind":"building","name":"","highway":"","source_url":"https://www.openstreetmap.org/way/938377804"}},{"type":"Feature","geometry":{"type":"Polygon","coordinates":[[[106.4337096,29.822958],[106.4335754,29.8225926],[106.4334167,29.8226365],[106.4335508,29.8230018],[106.4337096,29.822958]]]},"properties":{"kind":"building","name":"","highway":"","source_url":"https://www.openstreetmap.org/way/938377805"}},{"type":"Feature","geometry":{"type":"Polygon","coordinates":[[[106.4332563,29.8224011],[106.4331414,29.8225621],[106.4333667,29.8226831],[106.4335325,29.8224507],[106.4333946,29.8223766],[106.433495,29.8222389],[106.4333574,29.8221634],[106.4334814,29.8220102],[106.4332992,29.8218992],[106.4331222,29.8221179],[106.4332359,29.8221872],[106.4331304,29.8223319],[106.4332563,29.8224011]]]},"properties":{"kind":"building","name":"","highway":"","source_url":"https://www.openstreetmap.org/way/938377806"}},{"type":"Feature","geometry":{"type":"Polygon","coordinates":[[[106.4327708,29.8218026],[106.432815,29.8214989],[106.4326614,29.8214821],[106.4326172,29.8217858],[106.4327708,29.8218026]]]},"properties":{"kind":"building","name":"","highway":"","source_url":"https://www.openstreetmap.org/way/938377807"}},{"type":"Feature","geometry":{"type":"Polygon","coordinates":[[[106.4334164,29.8216832],[106.4331325,29.8211662],[106.4328189,29.8212958],[106.4329033,29.8214495],[106.4330063,29.8214069],[106.433109,29.8215938],[106.4330649,29.8216121],[106.4331618,29.8217885],[106.4334164,29.8216832]]]},"properties":{"kind":"building","name":"","highway":"","source_url":"https://www.openstreetmap.org/way/938377808"}},{"type":"Feature","geometry":{"type":"Polygon","coordinates":[[[106.4311185,29.8216293],[106.4309863,29.8215786],[106.4309514,29.8215652],[106.430641,29.8214461],[106.4305821,29.8215618],[106.4308925,29.8216808],[106.430735,29.82199],[106.4309021,29.822054],[106.4311185,29.8216293]]]},"properties":{"kind":"building","name":"","highway":"","source_url":"https://www.openstreetmap.org/way/938377809"}},{"type":"Feature","geometry":{"type":"Polygon","coordinates":[[[106.4312419,29.8218366],[106.4314252,29.8219069],[106.4314339,29.8219103],[106.4315557,29.8216711],[106.4313637,29.8215975],[106.4312419,29.8218366]]]},"properties":{"kind":"building","name":"","highway":"","source_url":"https://www.openstreetmap.org/way/938377810"}},{"type":"Feature","geometry":{"type":"Polygon","coordinates":[[[106.431131,29.8220474],[106.4313173,29.8221188],[106.4314252,29.8219069],[106.4312419,29.8218366],[106.431239,29.8218355],[106.431131,29.8220474]]]},"properties":{"kind":"building","name":"","highway":"","source_url":"https://www.openstreetmap.org/way/938377811"}},{"type":"Feature","geometry":{"type":"Polygon","coordinates":[[[106.4317971,29.8218876],[106.4318779,29.8217086],[106.4316308,29.8216246],[106.43155,29.8218036],[106.4317971,29.8218876]]]},"properties":{"kind":"building","name":"","highway":"","source_url":"https://www.openstreetmap.org/way/938377812"}},{"type":"Feature","geometry":{"type":"Polygon","coordinates":[[[106.4317126,29.822026],[106.4314722,29.8219443],[106.4314085,29.8220856],[106.4316489,29.8221673],[106.4317126,29.822026]]]},"properties":{"kind":"building","name":"","highway":"","source_url":"https://www.openstreetmap.org/way/938377813"}},{"type":"Feature","geometry":{"type":"Polygon","coordinates":[[[106.4322846,29.8210543],[106.4322755,29.8212383],[106.4324401,29.8212444],[106.4324346,29.821356],[106.4326336,29.8213634],[106.4326422,29.82119],[106.4324758,29.8211838],[106.4324819,29.8210616],[106.4322846,29.8210543]]]},"properties":{"kind":"building","name":"","highway":"","source_url":"https://www.openstreetmap.org/way/938377814"}},{"type":"Feature","geometry":{"type":"Polygon","coordinates":[[[106.4321592,29.8213756],[106.4321465,29.8214853],[106.432573,29.8215225],[106.4325857,29.8214128],[106.4321592,29.8213756]]]},"properties":{"kind":"building","name":"","highway":"","source_url":"https://www.openstreetmap.org/way/938377815"}},{"type":"Feature","geometry":{"type":"Polygon","coordinates":[[[106.4320117,29.8211021],[106.4319369,29.8213098],[106.4320861,29.8213502],[106.4321609,29.8211425],[106.4320117,29.8211021]]]},"properties":{"kind":"building","name":"","highway":"","source_url":"https://www.openstreetmap.org/way/938377816"}},{"type":"Feature","geometry":{"type":"Polygon","coordinates":[[[106.4318052,29.8210661],[106.4319795,29.8211196],[106.4320532,29.8209391],[106.4318788,29.8208856],[106.4318052,29.8210661]]]},"properties":{"kind":"building","name":"","highway":"","source_url":"https://www.openstreetmap.org/way/938377817"}},{"type":"Feature","geometry":{"type":"Polygon","coordinates":[[[106.4316791,29.8212546],[106.4318508,29.8213361],[106.4319448,29.821187],[106.4317731,29.8211055],[106.4316791,29.8212546]]]},"properties":{"kind":"building","name":"","highway":"","source_url":"https://www.openstreetmap.org/way/938377818"}},{"type":"Feature","geometry":{"type":"Polygon","coordinates":[[[106.431824,29.8213966],[106.4316469,29.8213407],[106.4315798,29.8215008],[106.4317569,29.8215567],[106.431824,29.8213966]]]},"properties":{"kind":"building","name":"","highway":"","source_url":"https://www.openstreetmap.org/way/938377819"}},{"type":"Feature","geometry":{"type":"Polygon","coordinates":[[[106.4321271,29.8215129],[106.4318991,29.8214268],[106.4318417,29.8215412],[106.4320697,29.8216273],[106.4321271,29.8215129]]]},"properties":{"kind":"building","name":"","highway":"","source_url":"https://www.openstreetmap.org/way/938377820"}},{"type":"Feature","geometry":{"type":"Polygon","coordinates":[[[106.4323711,29.8221342],[106.4318749,29.821983],[106.4318122,29.8221378],[106.4323085,29.822289],[106.4323711,29.8221342]]]},"properties":{"kind":"building","name":"","highway":"","source_url":"https://www.openstreetmap.org/way/938377821"}},{"type":"Feature","geometry":{"type":"Polygon","coordinates":[[[106.4324704,29.8218643],[106.4319447,29.8217247],[106.4318895,29.8218811],[106.4324152,29.8220207],[106.4324704,29.8218643]]]},"properties":{"kind":"building","name":"","highway":"","source_url":"https://www.openstreetmap.org/way/938377822"}},{"type":"Feature","geometry":{"type":"Polygon","coordinates":[[[106.4330605,29.8219085],[106.4325616,29.8219015],[106.432558,29.8220927],[106.4330569,29.8220997],[106.4330605,29.8219085]]]},"properties":{"kind":"building","name":"","highway":"","source_url":"https://www.openstreetmap.org/way/938377823"}},{"type":"Feature","geometry":{"type":"Polygon","coordinates":[[[106.433908,29.8230371],[106.4343077,29.8226904],[106.4342299,29.8226229],[106.4338303,29.8229696],[106.433908,29.8230371]]]},"properties":{"kind":"building","name":"","highway":"","source_url":"https://www.openstreetmap.org/way/938377824"}},{"type":"Feature","geometry":{"type":"Polygon","coordinates":[[[106.4337793,29.8231511],[106.4336655,29.823052],[106.4330271,29.8236034],[106.4331409,29.8237026],[106.4337793,29.8231511]]]},"properties":{"kind":"building","name":"","highway":"","source_url":"https://www.openstreetmap.org/way/938377825"}},{"type":"Feature","geometry":{"type":"Polygon","coordinates":[[[106.433613,29.8237585],[106.4334016,29.8239447],[106.433753,29.8242449],[106.4339644,29.8240586],[106.433613,29.8237585]]]},"properties":{"kind":"building","name":"","highway":"","source_url":"https://www.openstreetmap.org/way/938377826"}},{"type":"Feature","geometry":{"type":"Polygon","coordinates":[[[106.4342648,29.8232186],[106.4336532,29.8237305],[106.4339334,29.8239825],[106.434545,29.8234705],[106.4342648,29.8232186]]]},"properties":{"kind":"building","name":"","highway":"","source_url":"https://www.openstreetmap.org/way/938377827"}},{"type":"Feature","geometry":{"type":"Polygon","coordinates":[[[106.434879,29.8242751],[106.4350539,29.8242792],[106.4350673,29.8238487],[106.4348924,29.8238446],[106.434879,29.8242751]]]},"properties":{"kind":"building","name":"","highway":"","source_url":"https://www.openstreetmap.org/way/938377828"}},{"type":"Feature","geometry":{"type":"Polygon","coordinates":[[[106.434592,29.8242727],[106.434737,29.8242787],[106.4347612,29.8238389],[106.4346161,29.8238329],[106.434592,29.8242727]]]},"properties":{"kind":"building","name":"","highway":"","source_url":"https://www.openstreetmap.org/way/938377829"}},{"type":"Feature","geometry":{"type":"Polygon","coordinates":[[[106.435689,29.8250174],[106.4355281,29.8248056],[106.4352947,29.8249391],[106.4354557,29.8251508],[106.435689,29.8250174]]]},"properties":{"kind":"building","name":"","highway":"","source_url":"https://www.openstreetmap.org/way/938377830"}},{"type":"Feature","geometry":{"type":"Polygon","coordinates":[[[106.4360833,29.8247986],[106.4358982,29.8245636],[106.4356397,29.8247169],[106.4358247,29.8249519],[106.4360833,29.8247986]]]},"properties":{"kind":"building","name":"","highway":"","source_url":"https://www.openstreetmap.org/way/938377831"}},{"type":"Feature","geometry":{"type":"Polygon","coordinates":[[[106.4355388,29.8239819],[106.4350346,29.8232768],[106.4348016,29.8234022],[106.4353059,29.8241073],[106.4355388,29.8239819]]]},"properties":{"kind":"building","name":"","highway":"","source_url":"https://www.openstreetmap.org/way/938377832"}},{"type":"Feature","geometry":{"type":"Polygon","coordinates":[[[106.4358795,29.8244473],[106.435571,29.8240517],[106.4353774,29.8241653],[106.4356859,29.8245609],[106.4358795,29.8244473]]]},"properties":{"kind":"building","name":"","highway":"","source_url":"https://www.openstreetmap.org/way/938377833"}},{"type":"Feature","geometry":{"type":"Polygon","coordinates":[[[106.4362416,29.824282],[106.4363245,29.8244035],[106.4365058,29.8243104],[106.436552,29.824378],[106.436381,29.8244659],[106.4364649,29.8245886],[106.4366358,29.8245008],[106.4367436,29.8244454],[106.4366598,29.8243226],[106.4366136,29.8242549],[106.4365306,29.8241335],[106.4365021,29.8240916],[106.4364183,29.8239689],[106.4363854,29.8239208],[106.4362806,29.8237673],[106.4361728,29.8238227],[106.4359814,29.8239211],[106.4360862,29.8240746],[106.4362776,29.8239762],[106.4363105,29.8240243],[106.4361202,29.8241221],[106.436204,29.8242448],[106.4363943,29.824147],[106.4364228,29.8241889],[106.4362416,29.824282]]]},"properties":{"kind":"building","name":"","highway":"","source_url":"https://www.openstreetmap.org/way/938377839"}},{"type":"Feature","geometry":{"type":"Polygon","coordinates":[[[106.4358124,29.8233419],[106.4359377,29.8235258],[106.4363328,29.8232372],[106.4362477,29.8231186],[106.4358124,29.8233419]]]},"properties":{"kind":"building","name":"","highway":"","source_url":"https://www.openstreetmap.org/way/938377840"}},{"type":"Feature","geometry":{"type":"Polygon","coordinates":[[[106.4357266,29.8232163],[106.4361267,29.8230109],[106.4360002,29.8228253],[106.4356,29.8230307],[106.4357266,29.8232163]]]},"properties":{"kind":"building","name":"","highway":"","source_url":"https://www.openstreetmap.org/way/938377841"}},{"type":"Feature","geometry":{"type":"Polygon","coordinates":[[[106.4357556,29.8236659],[106.4359272,29.8235778],[106.4355601,29.8230394],[106.4353885,29.8231275],[106.4357556,29.8236659]]]},"properties":{"kind":"building","name":"","highway":"","source_url":"https://www.openstreetmap.org/way/938377842"}},{"type":"Feature","geometry":{"type":"Polygon","coordinates":[[[106.4353591,29.8229859],[106.4355434,29.8228874],[106.4355331,29.8228728],[106.4359573,29.8226462],[106.4358924,29.8225548],[106.4358485,29.822493],[106.4357245,29.8223183],[106.4354637,29.8224577],[106.4355877,29.8226324],[106.4354243,29.8227196],[106.435272,29.8225006],[106.4350797,29.8226061],[106.4353591,29.8229859]]]},"properties":{"kind":"building","name":"","highway":"","source_url":"https://www.openstreetmap.org/way/938377843"}},{"type":"Feature","geometry":{"type":"Polygon","coordinates":[[[106.4347059,29.8220606],[106.4347932,29.8222808],[106.4350507,29.822204],[106.4350301,29.8221522],[106.435245,29.8220881],[106.4351794,29.8219225],[106.4349645,29.8219866],[106.4349634,29.8219838],[106.4348854,29.8220071],[106.4348039,29.8218015],[106.4346244,29.821855],[106.4347059,29.8220606]]]},"properties":{"kind":"building","name":"","highway":"","source_url":"https://www.openstreetmap.org/way/938377844"}},{"type":"Feature","geometry":{"type":"Polygon","coordinates":[[[106.4361184,29.8188645],[106.4358343,29.8190064],[106.436089,29.8193904],[106.4363731,29.8192486],[106.4361184,29.8188645]]]},"properties":{"kind":"building","name":"","highway":"","source_url":"https://www.openstreetmap.org/way/938377846"}},{"type":"Feature","geometry":{"type":"Polygon","coordinates":[[[106.4353484,29.8191928],[106.4349058,29.8193767],[106.4348522,29.8194605],[106.4348441,29.8195559],[106.4349863,29.8198118],[106.4352827,29.8196862],[106.4352066,29.8195422],[106.4354758,29.8194314],[106.4353484,29.8191928]]]},"properties":{"kind":"building","name":"","highway":"","source_url":"https://www.openstreetmap.org/way/938377847"}},{"type":"Feature","geometry":{"type":"Polygon","coordinates":[[[106.4357936,29.8190183],[106.4353913,29.8191835],[106.4355048,29.8193916],[106.4359072,29.8192264],[106.4357936,29.8190183]]]},"properties":{"kind":"building","name":"","highway":"","source_url":"https://www.openstreetmap.org/way/938377848"}},{"type":"Feature","geometry":{"type":"Polygon","coordinates":[[[106.4353967,29.8201516],[106.4357979,29.8199332],[106.4356193,29.8196862],[106.4352181,29.8199045],[106.4353967,29.8201516]]]},"properties":{"kind":"building","name":"","highway":"","source_url":"https://www.openstreetmap.org/way/938377849"}},{"type":"Feature","geometry":{"type":"Polygon","coordinates":[[[106.4357507,29.8206519],[106.4361599,29.8204292],[106.435976,29.8201749],[106.4355668,29.8203975],[106.4357507,29.8206519]]]},"properties":{"kind":"building","name":"","highway":"","source_url":"https://www.openstreetmap.org/way/938377850"}},{"type":"Feature","geometry":{"type":"Polygon","coordinates":[[[106.4359256,29.8208931],[106.436346,29.8206644],[106.4361878,29.8204456],[106.4357675,29.8206744],[106.4359256,29.8208931]]]},"properties":{"kind":"building","name":"","highway":"","source_url":"https://www.openstreetmap.org/way/938377851"}},{"type":"Feature","geometry":{"type":"Polygon","coordinates":[[[106.4341038,29.8205402],[106.434309,29.8204239],[106.434537,29.8205088],[106.4345048,29.8206938],[106.4343332,29.8207578],[106.4342138,29.8207182],[106.4341038,29.8205402]]]},"properties":{"kind":"building","name":"","highway":"","source_url":"https://www.openstreetmap.org/way/938377852"}},{"type":"Feature","geometry":{"type":"Polygon","coordinates":[[[106.4343543,29.819851],[106.4344432,29.8200141],[106.4346543,29.8200807],[106.434897,29.8199667],[106.4347073,29.8196722],[106.4343543,29.819851]]]},"properties":{"kind":"building","name":"","highway":"","source_url":"https://www.openstreetmap.org/way/938377853"}},{"type":"Feature","geometry":{"type":"Polygon","coordinates":[[[106.4340985,29.820503],[106.4342862,29.8204122],[106.434195,29.8202447],[106.4343838,29.8200369],[106.4342814,29.8198803],[106.4339483,29.8200259],[106.4339094,29.8201586],[106.4340985,29.820503]]]},"properties":{"kind":"building","name":"","highway":"","source_url":"https://www.openstreetmap.org/way/938377854"}},{"type":"Feature","geometry":{"type":"Polygon","coordinates":[[[106.43517,29.821588],[106.4353819,29.8217823],[106.4354932,29.821691],[106.4352813,29.8214966],[106.43517,29.821588]]]},"properties":{"kind":"building","name":"","highway":"","source_url":"https://www.openstreetmap.org/way/938377855"}},{"type":"Feature","geometry":{"type":"Polygon","coordinates":[[[106.4352243,29.8212377],[106.4351103,29.8211656],[106.435031,29.8212599],[106.435145,29.8213321],[106.4352243,29.8212377]]]},"properties":{"kind":"building","name":"","highway":"","source_url":"https://www.openstreetmap.org/way/938377856"}},{"type":"Feature","geometry":{"type":"Polygon","coordinates":[[[106.4352331,29.8210173],[106.4351196,29.8211515],[106.4352376,29.8212266],[106.4353511,29.8210923],[106.4352331,29.8210173]]]},"properties":{"kind":"building","name":"","highway":"","source_url":"https://www.openstreetmap.org/way/938377857"}},{"type":"Feature","geometry":{"type":"Polygon","coordinates":[[[106.4354584,29.8210056],[106.4352438,29.8207962],[106.4351419,29.8208748],[106.4353565,29.8210842],[106.4354584,29.8210056]]]},"properties":{"kind":"building","name":"","highway":"","source_url":"https://www.openstreetmap.org/way/938377858"}},{"type":"Feature","geometry":{"type":"Polygon","coordinates":[[[106.4351258,29.8205123],[106.4354289,29.8208753],[106.4355343,29.820809],[106.4352312,29.820446],[106.4351258,29.8205123]]]},"properties":{"kind":"building","name":"","highway":"","source_url":"https://www.openstreetmap.org/way/938377859"}},{"type":"Feature","geometry":{"type":"Polygon","coordinates":[[[106.4346912,29.8209312],[106.4349603,29.8209823],[106.4350891,29.8204727],[106.43482,29.8204215],[106.4346912,29.8209312]]]},"properties":{"kind":"building","name":"","highway":"","source_url":"https://www.openstreetmap.org/way/938377860"}},{"type":"Feature","geometry":{"type":"Polygon","coordinates":[[[106.4345866,29.8216386],[106.4347949,29.8215796],[106.4345508,29.8209304],[106.4343426,29.8209893],[106.4345866,29.8216386]]]},"properties":{"kind":"building","name":"","highway":"","source_url":"https://www.openstreetmap.org/way/938377861"}},{"type":"Feature","geometry":{"type":"Polygon","coordinates":[[[106.4339711,29.8216642],[106.4340165,29.8217751],[106.4341976,29.8217192],[106.4341521,29.8216083],[106.4339711,29.8216642]]]},"properties":{"kind":"building","name":"","highway":"","source_url":"https://www.openstreetmap.org/way/938377862"}},{"type":"Feature","geometry":{"type":"Polygon","coordinates":[[[106.4339147,29.8212872],[106.4336506,29.8214012],[106.4337271,29.8215347],[106.4335808,29.8216002],[106.4336781,29.8217637],[106.4339276,29.821652],[106.4338408,29.8215062],[106.4340008,29.8214372],[106.4339147,29.8212872]]]},"properties":{"kind":"building","name":"","highway":"","source_url":"https://www.openstreetmap.org/way/938377863"}},{"type":"Feature","geometry":{"type":"Polygon","coordinates":[[[106.4337659,29.821044],[106.4335057,29.8211569],[106.4336412,29.8213919],[106.4339013,29.821279],[106.4337659,29.821044]]]},"properties":{"kind":"building","name":"","highway":"","source_url":"https://www.openstreetmap.org/way/938377864"}},{"type":"Feature","geometry":{"type":"Polygon","coordinates":[[[106.4332657,29.8210475],[106.4333549,29.8212056],[106.4336862,29.8210648],[106.4335969,29.8209067],[106.4332657,29.8210475]]]},"properties":{"kind":"building","name":"","highway":"","source_url":"https://www.openstreetmap.org/way/938377865"}},{"type":"Feature","geometry":{"type":"Polygon","coordinates":[[[106.4332366,29.8201661],[106.4332749,29.8201894],[106.4332843,29.8202011],[106.4333622,29.820318],[106.4334914,29.8202532],[106.4334069,29.8201264],[106.4333685,29.820079],[106.4331391,29.8199393],[106.4330484,29.8200515],[106.4330937,29.8200791],[106.4330626,29.8201175],[106.4332056,29.8202045],[106.4332366,29.8201661]]]},"properties":{"kind":"building","name":"","highway":"","source_url":"https://www.openstreetmap.org/way/938377866"}},{"type":"Feature","geometry":{"type":"Polygon","coordinates":[[[106.4332457,29.8207063],[106.4331103,29.8207675],[106.4332268,29.8209614],[106.4335459,29.8208171],[106.4334378,29.8206371],[106.4335756,29.8205754],[106.4334521,29.820368],[106.4331302,29.8205123],[106.4332457,29.8207063]]]},"properties":{"kind":"building","name":"","highway":"","source_url":"https://www.openstreetmap.org/way/938377867"}},{"type":"Feature","geometry":{"type":"Polygon","coordinates":[[[106.4327725,29.8210486],[106.4329283,29.8210554],[106.4329703,29.8203367],[106.4328144,29.8203298],[106.4327725,29.8210486]]]},"properties":{"kind":"building","name":"","highway":"","source_url":"https://www.openstreetmap.org/way/938377868"}},{"type":"Feature","geometry":{"type":"Polygon","coordinates":[[[106.4324328,29.820866],[106.4326361,29.8208928],[106.4326742,29.8206752],[106.4324709,29.8206484],[106.4324328,29.820866]]]},"properties":{"kind":"building","name":"","highway":"","source_url":"https://www.openstreetmap.org/way/938377869"}},{"type":"Feature","geometry":{"type":"Polygon","coordinates":[[[106.4321673,29.8208381],[106.4323772,29.8208658],[106.4324167,29.8206403],[106.4322068,29.8206126],[106.4321673,29.8208381]]]},"properties":{"kind":"building","name":"","highway":"","source_url":"https://www.openstreetmap.org/way/938377870"}},{"type":"Feature","geometry":{"type":"Polygon","coordinates":[[[106.4320461,29.8208549],[106.4321667,29.8201664],[106.4319205,29.8201339],[106.4317999,29.8208224],[106.4320461,29.8208549]]]},"properties":{"kind":"building","name":"","highway":"","source_url":"https://www.openstreetmap.org/way/938377871"}},{"type":"Feature","geometry":{"type":"Polygon","coordinates":[[[106.4329156,29.8202307],[106.4329568,29.8200071],[106.432052,29.8198782],[106.4319178,29.819955],[106.431891,29.8200888],[106.4329156,29.8202307]]]},"properties":{"kind":"building","name":"","highway":"","source_url":"https://www.openstreetmap.org/way/938377872"}},{"type":"Feature","geometry":{"type":"Polygon","coordinates":[[[106.4301838,29.8204845],[106.4302185,29.8205632],[106.4306513,29.8204197],[106.4306757,29.8204752],[106.4308587,29.8204145],[106.4307996,29.8202803],[106.4301838,29.8204845]]]},"properties":{"kind":"building","name":"","highway":"","source_url":"https://www.openstreetmap.org/way/938377873"}},{"type":"Feature","geometry":{"type":"Polygon","coordinates":[[[106.4304108,29.8209748],[106.4305766,29.8209009],[106.4305271,29.8208232],[106.4308573,29.8207215],[106.4308911,29.820804],[106.4310021,29.8207698],[106.430902,29.8205252],[106.4304384,29.820668],[106.4304557,29.8207182],[106.430459,29.8207257],[106.4302953,29.8207799],[106.4304108,29.8209748]]]},"properties":{"kind":"building","name":"","highway":"","source_url":"https://www.openstreetmap.org/way/938377874"}},{"type":"Feature","geometry":{"type":"Polygon","coordinates":[[[106.431018,29.8210603],[106.431121,29.8209267],[106.4309426,29.8208232],[106.4308396,29.8209567],[106.431018,29.8210603]]]},"properties":{"kind":"building","name":"","highway":"","source_url":"https://www.openstreetmap.org/way/938377875"}},{"type":"Feature","geometry":{"type":"Polygon","coordinates":[[[106.4305133,29.8213265],[106.4306277,29.8211638],[106.430589,29.8211433],[106.4307069,29.8209759],[106.4306054,29.8209221],[106.4304797,29.8211008],[106.4305317,29.8211283],[106.4304252,29.8212798],[106.4305133,29.8213265]]]},"properties":{"kind":"building","name":"","highway":"","source_url":"https://www.openstreetmap.org/way/938377876"}},{"type":"Feature","geometry":{"type":"Polygon","coordinates":[[[106.4307332,29.8214126],[106.4308477,29.8212499],[106.4308089,29.8212294],[106.4309268,29.821062],[106.4308253,29.8210082],[106.4306996,29.8211869],[106.4307517,29.8212144],[106.4306451,29.8213659],[106.4307332,29.8214126]]]},"properties":{"kind":"building","name":"","highway":"","source_url":"https://www.openstreetmap.org/way/938377877"}},{"type":"Feature","geometry":{"type":"Polygon","coordinates":[[[106.430971,29.8214848],[106.4310855,29.8213221],[106.4310468,29.8213016],[106.4311646,29.8211341],[106.4310632,29.8210804],[106.4309375,29.821259],[106.4309895,29.8212866],[106.4308829,29.8214381],[106.430971,29.8214848]]]},"properties":{"kind":"building","name":"","highway":"","source_url":"https://www.openstreetmap.org/way/938377878"}},{"type":"Feature","geometry":{"type":"Polygon","coordinates":[[[106.4311776,29.8215897],[106.4314029,29.8212546],[106.4312661,29.8211854],[106.4310408,29.8215205],[106.4311776,29.8215897]]]},"properties":{"kind":"building","name":"","highway":"","source_url":"https://www.openstreetmap.org/way/938377879"}},{"type":"Feature","geometry":{"type":"Polygon","coordinates":[[[106.4299835,29.820787],[106.4300623,29.8208729],[106.4301937,29.8207821],[106.4301149,29.8206962],[106.4299835,29.820787]]]},"properties":{"kind":"building","name":"","highway":"","source_url":"https://www.openstreetmap.org/way/938377882"}},{"type":"Feature","geometry":{"type":"Polygon","coordinates":[[[106.4295543,29.8210988],[106.4296331,29.8211847],[106.4297645,29.8210939],[106.4296857,29.8210081],[106.4295543,29.8210988]]]},"properties":{"kind":"building","name":"","highway":"","source_url":"https://www.openstreetmap.org/way/938377883"}},{"type":"Feature","geometry":{"type":"Polygon","coordinates":[[[106.4300202,29.8211359],[106.4303067,29.8209381],[106.4302321,29.8208567],[106.4299455,29.8210546],[106.4300202,29.8211359]]]},"properties":{"kind":"building","name":"","highway":"","source_url":"https://www.openstreetmap.org/way/938377884"}},{"type":"Feature","geometry":{"type":"Polygon","coordinates":[[[106.4297077,29.8213477],[106.4299943,29.8211498],[106.4299196,29.8210684],[106.429633,29.8212663],[106.4297077,29.8213477]]]},"properties":{"kind":"building","name":"","highway":"","source_url":"https://www.openstreetmap.org/way/938377885"}},{"type":"Feature","geometry":{"type":"Polygon","coordinates":[[[106.4297582,29.8207195],[106.429837,29.8208054],[106.4299684,29.8207146],[106.4298896,29.8206287],[106.4297582,29.8207195]]]},"properties":{"kind":"building","name":"","highway":"","source_url":"https://www.openstreetmap.org/way/938377886"}},{"type":"Feature","geometry":{"type":"Polygon","coordinates":[[[106.429608,29.8208359],[106.4296867,29.8209217],[106.4298182,29.820831],[106.4297394,29.8207451],[106.429608,29.8208359]]]},"properties":{"kind":"building","name":"","highway":"","source_url":"https://www.openstreetmap.org/way/938377887"}},{"type":"Feature","geometry":{"type":"Polygon","coordinates":[[[106.4294529,29.8209405],[106.4295317,29.8210263],[106.4296631,29.8209356],[106.4295843,29.8208497],[106.4294529,29.8209405]]]},"properties":{"kind":"building","name":"","highway":"","source_url":"https://www.openstreetmap.org/way/938377888"}},{"type":"Feature","geometry":{"type":"Polygon","coordinates":[[[106.430026,29.8221452],[106.4303652,29.8221487],[106.4303678,29.821958],[106.4302508,29.8219568],[106.4302495,29.8220508],[106.4302008,29.8220503],[106.4301461,29.8220498],[106.4301474,29.8219567],[106.4300286,29.8219555],[106.430026,29.8221452]]]},"properties":{"kind":"building","name":"","highway":"","source_url":"https://www.openstreetmap.org/way/938377889"}},{"type":"Feature","geometry":{"type":"Polygon","coordinates":[[[106.429587,29.8219217],[106.4298705,29.8220833],[106.4299913,29.8219239],[106.4298934,29.8218681],[106.4298339,29.8219467],[106.4297932,29.8219235],[106.4297474,29.8218975],[106.4298064,29.8218197],[106.4297071,29.8217631],[106.429587,29.8219217]]]},"properties":{"kind":"building","name":"","highway":"","source_url":"https://www.openstreetmap.org/way/938377890"}},{"type":"Feature","geometry":{"type":"Polygon","coordinates":[[[106.4292893,29.8212894],[106.4295211,29.8212218],[106.4294662,29.8210802],[106.4292345,29.8211478],[106.4292893,29.8212894]]]},"properties":{"kind":"building","name":"","highway":"","source_url":"https://www.openstreetmap.org/way/938377891"}},{"type":"Feature","geometry":{"type":"Polygon","coordinates":[[[106.4293913,29.8215267],[106.429623,29.8214592],[106.4295682,29.8213176],[106.4293365,29.8213851],[106.4293913,29.8215267]]]},"properties":{"kind":"building","name":"","highway":"","source_url":"https://www.openstreetmap.org/way/938377892"}},{"type":"Feature","geometry":{"type":"Polygon","coordinates":[[[106.4294779,29.8217625],[106.4297096,29.8216949],[106.4296548,29.8215533],[106.4294231,29.8216208],[106.4294779,29.8217625]]]},"properties":{"kind":"building","name":"","highway":"","source_url":"https://www.openstreetmap.org/way/938377893"}},{"type":"Feature","geometry":{"type":"Polygon","coordinates":[[[106.4267358,29.8234339],[106.4263008,29.823318],[106.4262664,29.8234152],[106.4267014,29.823531],[106.4267358,29.8234339]]]},"properties":{"kind":"building","name":"","highway":"","source_url":"https://www.openstreetmap.org/way/938377894"}},{"type":"Feature","geometry":{"type":"Polygon","coordinates":[[[106.4269558,29.823271],[106.4265203,29.823155],[106.426485,29.8232547],[106.4269205,29.8233706],[106.4269558,29.823271]]]},"properties":{"kind":"building","name":"","highway":"","source_url":"https://www.openstreetmap.org/way/938377895"}},{"type":"Feature","geometry":{"type":"Polygon","coordinates":[[[106.4259712,29.8232735],[106.4261454,29.8233199],[106.426192,29.8231881],[106.4263366,29.8232265],[106.4263963,29.8230577],[106.4262161,29.8230097],[106.4261746,29.8231272],[106.426036,29.8230903],[106.4259712,29.8232735]]]},"properties":{"kind":"building","name":"","highway":"","source_url":"https://www.openstreetmap.org/way/938377896"}},{"type":"Feature","geometry":{"type":"Polygon","coordinates":[[[106.4255137,29.8226557],[106.4254572,29.8228309],[106.4256259,29.8228719],[106.4255992,29.8229544],[106.4257797,29.8229982],[106.4257543,29.8230768],[106.4259011,29.8231125],[106.4259302,29.8230222],[106.4260625,29.8230543],[106.4261166,29.8228868],[106.4256801,29.8227808],[106.4257054,29.8227023],[106.4255137,29.8226557]]]},"properties":{"kind":"building","name":"","highway":"","source_url":"https://www.openstreetmap.org/way/938377897"}},{"type":"Feature","geometry":{"type":"Polygon","coordinates":[[[106.4249432,29.8223164],[106.4249387,29.8223297],[106.4248855,29.8224886],[106.4251506,29.8225554],[106.4252083,29.8223832],[106.4249432,29.8223164]]]},"properties":{"kind":"building","name":"","highway":"","source_url":"https://www.openstreetmap.org/way/938377898"}},{"type":"Feature","geometry":{"type":"Polygon","coordinates":[[[106.4247617,29.8221133],[106.4247087,29.8222718],[106.4249387,29.8223297],[106.4249432,29.8223164],[106.4249918,29.8221712],[106.4247617,29.8221133]]]},"properties":{"kind":"building","name":"","highway":"","source_url":"https://www.openstreetmap.org/way/938377899"}},{"type":"Feature","geometry":{"type":"Polygon","coordinates":[[[106.4242896,29.8216851],[106.4242393,29.8218354],[106.4245203,29.8219062],[106.4245706,29.8217559],[106.4242896,29.8216851]]]},"properties":{"kind":"building","name":"","highway":"","source_url":"https://www.openstreetmap.org/way/938377900"}},{"type":"Feature","geometry":{"type":"Polygon","coordinates":[[[106.4245042,29.8219318],[106.4244452,29.8221082],[106.4247054,29.8221738],[106.4247644,29.8219973],[106.4245042,29.8219318]]]},"properties":{"kind":"building","name":"","highway":"","source_url":"https://www.openstreetmap.org/way/938377901"}},{"type":"Feature","geometry":{"type":"Polygon","coordinates":[[[106.4248046,29.8218108],[106.42475,29.821974],[106.4250165,29.8220411],[106.4250711,29.8218779],[106.4248046,29.8218108]]]},"properties":{"kind":"building","name":"","highway":"","source_url":"https://www.openstreetmap.org/way/938377902"}},{"type":"Feature","geometry":{"type":"Polygon","coordinates":[[[106.4253298,29.8220726],[106.425069,29.8220069],[106.42501,29.8221833],[106.4252708,29.822249],[106.4253298,29.8220726]]]},"properties":{"kind":"building","name":"","highway":"","source_url":"https://www.openstreetmap.org/way/938377903"}},{"type":"Feature","geometry":{"type":"Polygon","coordinates":[[[106.4228761,29.8205239],[106.4225945,29.8204727],[106.4225529,29.8206449],[106.4228345,29.8206961],[106.4228761,29.8205239]]]},"properties":{"kind":"building","name":"","highway":"","source_url":"https://www.openstreetmap.org/way/938377904"}},{"type":"Feature","geometry":{"type":"Polygon","coordinates":[[[106.4244157,29.8215548],[106.42462,29.8215902],[106.4246736,29.8213575],[106.4244693,29.8213221],[106.4244157,29.8215548]]]},"properties":{"kind":"building","name":"","highway":"","source_url":"https://www.openstreetmap.org/way/938377905"}},{"type":"Feature","geometry":{"type":"Polygon","coordinates":[[[106.4242494,29.8212453],[106.423957,29.821243],[106.4239558,29.8213616],[106.4242482,29.8213639],[106.4242494,29.8212453]]]},"properties":{"kind":"building","name":"","highway":"","source_url":"https://www.openstreetmap.org/way/938377906"}},{"type":"Feature","geometry":{"type":"Polygon","coordinates":[[[106.4242306,29.8208497],[106.4239383,29.8208427],[106.423933,29.8210081],[106.4242254,29.8210151],[106.4242306,29.8208497]]]},"properties":{"kind":"building","name":"","highway":"","source_url":"https://www.openstreetmap.org/way/938377907"}},{"type":"Feature","geometry":{"type":"Polygon","coordinates":[[[106.4246115,29.8207217],[106.4246582,29.8205409],[106.4242988,29.8204711],[106.4242521,29.8206519],[106.4246115,29.8207217]]]},"properties":{"kind":"building","name":"","highway":"","source_url":"https://www.openstreetmap.org/way/938377908"}},{"type":"Feature","geometry":{"type":"Polygon","coordinates":[[[106.4248395,29.8207543],[106.4250594,29.8207543],[106.4250594,29.8205751],[106.4248395,29.8205751],[106.4248395,29.8207543]]]},"properties":{"kind":"building","name":"","highway":"","source_url":"https://www.openstreetmap.org/way/938377909"}},{"type":"Feature","geometry":{"type":"Polygon","coordinates":[[[106.4245391,29.821094],[106.4244882,29.8212312],[106.4248878,29.8213429],[106.4249387,29.8212057],[106.4245391,29.821094]]]},"properties":{"kind":"building","name":"","highway":"","source_url":"https://www.openstreetmap.org/way/938377910"}},{"type":"Feature","geometry":{"type":"Polygon","coordinates":[[[106.4250031,29.8209591],[106.4245766,29.8208707],[106.4245361,29.8210177],[106.4249626,29.8211061],[106.4250031,29.8209591]]]},"properties":{"kind":"building","name":"","highway":"","source_url":"https://www.openstreetmap.org/way/938377911"}},{"type":"Feature","geometry":{"type":"Polygon","coordinates":[[[106.4249617,29.8215111],[106.4253562,29.8215911],[106.4253914,29.8214608],[106.4249969,29.8213808],[106.4249617,29.8215111]]]},"properties":{"kind":"building","name":"","highway":"","source_url":"https://www.openstreetmap.org/way/938377912"}},{"type":"Feature","geometry":{"type":"Polygon","coordinates":[[[106.4254424,29.8212736],[106.425432,29.8213122],[106.4253545,29.8215997],[106.4254877,29.8216267],[106.4255756,29.8213006],[106.4254424,29.8212736]]]},"properties":{"kind":"building","name":"","highway":"","source_url":"https://www.openstreetmap.org/way/938377913"}},{"type":"Feature","geometry":{"type":"Polygon","coordinates":[[[106.425021,29.8212288],[106.425432,29.8213122],[106.4254424,29.8212736],[106.4254689,29.8211753],[106.4250579,29.8210919],[106.425021,29.8212288]]]},"properties":{"kind":"building","name":"","highway":"","source_url":"https://www.openstreetmap.org/way/938377914"}},{"type":"Feature","geometry":{"type":"Polygon","coordinates":[[[106.4255721,29.8207991],[106.4255617,29.8208377],[106.4254842,29.8211252],[106.4256173,29.8211522],[106.4257052,29.8208261],[106.4255721,29.8207991]]]},"properties":{"kind":"building","name":"","highway":"","source_url":"https://www.openstreetmap.org/way/938377915"}},{"type":"Feature","geometry":{"type":"Polygon","coordinates":[[[106.4251506,29.8207543],[106.4255617,29.8208377],[106.4255721,29.8207991],[106.4255986,29.8207008],[106.4251875,29.8206174],[106.4251506,29.8207543]]]},"properties":{"kind":"building","name":"","highway":"","source_url":"https://www.openstreetmap.org/way/938377916"}},{"type":"Feature","geometry":{"type":"Polygon","coordinates":[[[106.4250914,29.8210366],[106.4254859,29.8211166],[106.425521,29.8209863],[106.4251265,29.8209063],[106.4250914,29.8210366]]]},"properties":{"kind":"building","name":"","highway":"","source_url":"https://www.openstreetmap.org/way/938377917"}},{"type":"Feature","geometry":{"type":"Polygon","coordinates":[[[106.4229301,29.8202194],[106.4232156,29.8202627],[106.423262,29.8200326],[106.4229765,29.8199893],[106.4229301,29.8202194]]]},"properties":{"kind":"building","name":"","highway":"","source_url":"https://www.openstreetmap.org/way/938377918"}},{"type":"Feature","geometry":{"type":"Polygon","coordinates":[[[106.4246978,29.8203357],[106.4249785,29.8203984],[106.4250455,29.8201722],[106.4247649,29.8201096],[106.4246978,29.8203357]]]},"properties":{"kind":"building","name":"","highway":"","source_url":"https://www.openstreetmap.org/way/938377919"}},{"type":"Feature","geometry":{"type":"Polygon","coordinates":[[[106.4243169,29.820238],[106.4245976,29.8203007],[106.4246647,29.8200745],[106.424384,29.8200118],[106.4243169,29.820238]]]},"properties":{"kind":"building","name":"","highway":"","source_url":"https://www.openstreetmap.org/way/938377920"}},{"type":"Feature","geometry":{"type":"Polygon","coordinates":[[[106.4239191,29.8201648],[106.4241998,29.8202275],[106.4242669,29.8200013],[106.4239862,29.8199386],[106.4239191,29.8201648]]]},"properties":{"kind":"building","name":"","highway":"","source_url":"https://www.openstreetmap.org/way/938377921"}},{"type":"Feature","geometry":{"type":"Polygon","coordinates":[[[106.428435,29.8210103],[106.4287394,29.8210079],[106.4287382,29.8208826],[106.4284337,29.8208849],[106.428435,29.8210103]]]},"properties":{"kind":"building","name":"","highway":"","source_url":"https://www.openstreetmap.org/way/938377922"}},{"type":"Feature","geometry":{"type":"Polygon","coordinates":[[[106.4284699,29.8213093],[106.4289071,29.821179],[106.4288387,29.8210063],[106.4284015,29.8211366],[106.4284699,29.8213093]]]},"properties":{"kind":"building","name":"","highway":"","source_url":"https://www.openstreetmap.org/way/938377923"}},{"type":"Feature","geometry":{"type":"Polygon","coordinates":[[[106.428553,29.8215443],[106.4289916,29.821414],[106.4289268,29.82125],[106.4284883,29.8213803],[106.428553,29.8215443]]]},"properties":{"kind":"building","name":"","highway":"","source_url":"https://www.openstreetmap.org/way/938377924"}},{"type":"Feature","geometry":{"type":"Polygon","coordinates":[[[106.4286496,29.8218038],[106.4290988,29.8216549],[106.4290204,29.8214768],[106.4285712,29.8216257],[106.4286496,29.8218038]]]},"properties":{"kind":"building","name":"","highway":"","source_url":"https://www.openstreetmap.org/way/938377925"}},{"type":"Feature","geometry":{"type":"Polygon","coordinates":[[[106.4287394,29.8221447],[106.4291082,29.8220365],[106.4290122,29.82179],[106.4286433,29.8218982],[106.4287394,29.8221447]]]},"properties":{"kind":"building","name":"","highway":"","source_url":"https://www.openstreetmap.org/way/938377926"}},{"type":"Feature","geometry":{"type":"Polygon","coordinates":[[[106.428557,29.8219504],[106.4285644,29.8218003],[106.428154,29.8217851],[106.4281467,29.8219353],[106.428557,29.8219504]]]},"properties":{"kind":"building","name":"","highway":"","source_url":"https://www.openstreetmap.org/way/938377927"}},{"type":"Feature","geometry":{"type":"Polygon","coordinates":[[[106.4281923,29.822033],[106.4281846,29.8221721],[106.4286339,29.8221908],[106.4286415,29.8220516],[106.4281923,29.822033]]]},"properties":{"kind":"building","name":"","highway":"","source_url":"https://www.openstreetmap.org/way/938377928"}},{"type":"Feature","geometry":{"type":"Polygon","coordinates":[[[106.4277416,29.822026],[106.427737,29.8221537],[106.4280334,29.8221618],[106.428038,29.8220342],[106.4277416,29.822026]]]},"properties":{"kind":"building","name":"","highway":"","source_url":"https://www.openstreetmap.org/way/938377929"}},{"type":"Feature","geometry":{"type":"Polygon","coordinates":[[[106.4275294,29.821935],[106.4275317,29.8220819],[106.4277282,29.8220796],[106.4277258,29.8219327],[106.4275294,29.821935]]]},"properties":{"kind":"building","name":"","highway":"","source_url":"https://www.openstreetmap.org/way/938377930"}},{"type":"Feature","geometry":{"type":"Polygon","coordinates":[[[106.4276022,29.8217061],[106.4275917,29.8218515],[106.4281067,29.8218794],[106.4281172,29.821734],[106.4276022,29.8217061]]]},"properties":{"kind":"building","name":"","highway":"","source_url":"https://www.openstreetmap.org/way/938377931"}},{"type":"Feature","geometry":{"type":"Polygon","coordinates":[[[106.4278838,29.821606],[106.4279294,29.8212034],[106.4277795,29.8211906],[106.4277339,29.8215932],[106.4278838,29.821606]]]},"properties":{"kind":"building","name":"","highway":"","source_url":"https://www.openstreetmap.org/way/938377932"}},{"type":"Feature","geometry":{"type":"Polygon","coordinates":[[[106.4279616,29.8212593],[106.4279616,29.8214291],[106.42838,29.8214291],[106.42838,29.8212593],[106.4279616,29.8212593]]]},"properties":{"kind":"building","name":"","highway":"","source_url":"https://www.openstreetmap.org/way/938377933"}},{"type":"Feature","geometry":{"type":"Polygon","coordinates":[[[106.4283451,29.8210242],[106.4278677,29.8210312],[106.4278701,29.8211524],[106.4283475,29.8211454],[106.4283451,29.8210242]]]},"properties":{"kind":"building","name":"","highway":"","source_url":"https://www.openstreetmap.org/way/938377934"}},{"type":"Feature","geometry":{"type":"Polygon","coordinates":[[[106.4280313,29.8207008],[106.4280264,29.8209054],[106.4284154,29.8209124],[106.4284202,29.8207078],[106.4280313,29.8207008]]]},"properties":{"kind":"building","name":"","highway":"","source_url":"https://www.openstreetmap.org/way/938377935"}},{"type":"Feature","geometry":{"type":"Polygon","coordinates":[[[106.4276357,29.8208881],[106.4273138,29.8208067],[106.4272828,29.820899],[106.4276047,29.8209804],[106.4276357,29.8208881]]]},"properties":{"kind":"building","name":"","highway":"","source_url":"https://www.openstreetmap.org/way/938377936"}},{"type":"Feature","geometry":{"type":"Polygon","coordinates":[[[106.427515,29.8212628],[106.4276392,29.8212956],[106.4277384,29.8210128],[106.4276142,29.82098],[106.427515,29.8212628]]]},"properties":{"kind":"building","name":"","highway":"","source_url":"https://www.openstreetmap.org/way/938377937"}},{"type":"Feature","geometry":{"type":"Polygon","coordinates":[[[106.4270993,29.8212767],[106.4275633,29.8214012],[106.4275954,29.821311],[106.4271314,29.8211865],[106.4270993,29.8212767]]]},"properties":{"kind":"building","name":"","highway":"","source_url":"https://www.openstreetmap.org/way/938377938"}},{"type":"Feature","geometry":{"type":"Polygon","coordinates":[[[106.4270617,29.821165],[106.4271713,29.8211923],[106.4272773,29.8208724],[106.4271677,29.8208451],[106.4270617,29.821165]]]},"properties":{"kind":"building","name":"","highway":"","source_url":"https://www.openstreetmap.org/way/938377939"}},{"type":"Feature","geometry":{"type":"Polygon","coordinates":[[[106.4266549,29.8207977],[106.426652,29.8209252],[106.4266486,29.8210716],[106.4269908,29.8210776],[106.426993,29.8209841],[106.4268606,29.8209818],[106.4268619,29.8209248],[106.4271018,29.8209289],[106.4271047,29.8208055],[106.4266549,29.8207977]]]},"properties":{"kind":"building","name":"","highway":"","source_url":"https://www.openstreetmap.org/way/938377940"}},{"type":"Feature","geometry":{"type":"Polygon","coordinates":[[[106.4266594,29.8206624],[106.4266572,29.8207863],[106.4271052,29.8207922],[106.4271073,29.8206682],[106.4266594,29.8206624]]]},"properties":{"kind":"building","name":"","highway":"","source_url":"https://www.openstreetmap.org/way/938377941"}},{"type":"Feature","geometry":{"type":"Polygon","coordinates":[[[106.4259338,29.8210847],[106.4261361,29.8211476],[106.4262222,29.8209207],[106.4265883,29.8209288],[106.4265923,29.8206938],[106.4263078,29.8206857],[106.4260626,29.8207729],[106.4259338,29.8210847]]]},"properties":{"kind":"building","name":"","highway":"","source_url":"https://www.openstreetmap.org/way/938377942"}},{"type":"Feature","geometry":{"type":"Polygon","coordinates":[[[106.4263053,29.8211092],[106.4265843,29.8211836],[106.4266284,29.8210592],[106.4263495,29.8209847],[106.4263053,29.8211092]]]},"properties":{"kind":"building","name":"","highway":"","source_url":"https://www.openstreetmap.org/way/938377943"}},{"type":"Feature","geometry":{"type":"Polygon","coordinates":[[[106.427157,29.8214413],[106.4270474,29.8218212],[106.4273667,29.8218906],[106.4274763,29.8215106],[106.427157,29.8214413]]]},"properties":{"kind":"building","name":"","highway":"","source_url":"https://www.openstreetmap.org/way/938377944"}},{"type":"Feature","geometry":{"type":"Polygon","coordinates":[[[106.4269973,29.8219457],[106.4269905,29.8220929],[106.427358,29.8221057],[106.4273648,29.8219585],[106.4269973,29.8219457]]]},"properties":{"kind":"building","name":"","highway":"","source_url":"https://www.openstreetmap.org/way/938377945"}},{"type":"Feature","geometry":{"type":"Polygon","coordinates":[[[106.4267764,29.8220539],[106.4269095,29.8220863],[106.4269437,29.8219806],[106.4268106,29.8219482],[106.4267983,29.8219863],[106.4267764,29.8220539]]]},"properties":{"kind":"building","name":"","highway":"","source_url":"https://www.openstreetmap.org/way/938377946"}},{"type":"Feature","geometry":{"type":"Polygon","coordinates":[[[106.4264174,29.8218935],[106.4263824,29.8220018],[106.4267632,29.8220946],[106.4267764,29.8220539],[106.4267983,29.8219863],[106.4264174,29.8218935]]]},"properties":{"kind":"building","name":"","highway":"","source_url":"https://www.openstreetmap.org/way/938377947"}},{"type":"Feature","geometry":{"type":"Polygon","coordinates":[[[106.4259945,29.8215025],[106.4260057,29.8214411],[106.4258692,29.8214224],[106.4258494,29.8215312],[106.4259859,29.8215499],[106.425965,29.8216078],[106.4263749,29.8217139],[106.4264113,29.8216083],[106.4259945,29.8215025]]]},"properties":{"kind":"building","name":"","highway":"","source_url":"https://www.openstreetmap.org/way/938377948"}},{"type":"Feature","geometry":{"type":"Polygon","coordinates":[[[106.4265373,29.8213361],[106.4259084,29.821179],[106.4258654,29.8213085],[106.4264944,29.8214655],[106.4265373,29.8213361]]]},"properties":{"kind":"building","name":"","highway":"","source_url":"https://www.openstreetmap.org/way/938377949"}},{"type":"Feature","geometry":{"type":"Polygon","coordinates":[[[106.4266258,29.8212476],[106.4265972,29.8213358],[106.4270492,29.8214463],[106.4270778,29.8213582],[106.4266258,29.8212476]]]},"properties":{"kind":"building","name":"","highway":"","source_url":"https://www.openstreetmap.org/way/938377950"}},{"type":"Feature","geometry":{"type":"Polygon","coordinates":[[[106.42654,29.8214803],[106.4265095,29.8215802],[106.4269548,29.8216826],[106.4269853,29.8215827],[106.42654,29.8214803]]]},"properties":{"kind":"building","name":"","highway":"","source_url":"https://www.openstreetmap.org/way/938377951"}},{"type":"Feature","geometry":{"type":"Polygon","coordinates":[[[106.426481,29.8216758],[106.4264457,29.8217923],[106.4269768,29.8219133],[106.4270121,29.8217968],[106.426481,29.8216758]]]},"properties":{"kind":"building","name":"","highway":"","source_url":"https://www.openstreetmap.org/way/938377952"}},{"type":"Feature","geometry":{"type":"Polygon","coordinates":[[[106.4282754,29.822524],[106.4288467,29.8225403],[106.4288536,29.8223576],[106.4282823,29.8223413],[106.4282754,29.822524]]]},"properties":{"kind":"building","name":"","highway":"","source_url":"https://www.openstreetmap.org/way/938377953"}},{"type":"Feature","geometry":{"type":"Polygon","coordinates":[[[106.4275363,29.8229873],[106.4275606,29.8225647],[106.4279066,29.8225752],[106.4279079,29.8225112],[106.4276102,29.8225042],[106.4276156,29.8223576],[106.4281909,29.8223751],[106.4281829,29.822588],[106.4275363,29.8229873]]]},"properties":{"kind":"building","name":"","highway":"","source_url":"https://www.openstreetmap.org/way/938377954"}},{"type":"Feature","geometry":{"type":"Polygon","coordinates":[[[106.4271972,29.822965],[106.4274225,29.8229766],[106.427456,29.8224871],[106.4272307,29.8224754],[106.4271972,29.822965]]]},"properties":{"kind":"green","name":"","highway":"","source_url":"https://www.openstreetmap.org/way/938377955"}},{"type":"Feature","geometry":{"type":"Polygon","coordinates":[[[106.4262208,29.8229103],[106.4270161,29.8230988],[106.4270617,29.8229336],[106.426941,29.8229056],[106.4269584,29.8228498],[106.4269826,29.8228393],[106.4269973,29.8228242],[106.4270174,29.8224332],[106.4269973,29.8223983],[106.4269786,29.8223821],[106.4269437,29.8223704],[106.4269061,29.8223704],[106.426878,29.8223774],[106.4268538,29.8224042],[106.4268029,29.822588],[106.4266084,29.8225333],[106.4266285,29.8224658],[106.4261149,29.8223309],[106.426076,29.8224833],[106.4264046,29.8225705],[106.4263362,29.8227695],[106.4262691,29.8227555],[106.4262208,29.8229103]]]},"properties":{"kind":"building","name":"","highway":"","source_url":"https://www.openstreetmap.org/way/938377958"}},{"type":"Feature","geometry":{"type":"Polygon","coordinates":[[[106.4271933,29.8275813],[106.4268672,29.8274257],[106.4269913,29.8272299],[106.4273174,29.8273856],[106.4271933,29.8275813]]]},"properties":{"kind":"green","name":"","highway":"","source_url":"https://www.openstreetmap.org/way/939257105"}},{"type":"Feature","geometry":{"type":"LineString","coordinates":[[106.42692,29.8288414],[106.4266202,29.8285451],[106.4264925,29.8284188],[106.426603,29.8284192],[106.4267001,29.8283713],[106.4267913,29.8284504],[106.4267806,29.8284691],[106.42692,29.8288414]]},"properties":{"kind":"road","name":"","highway":"pedestrian","source_url":"https://www.openstreetmap.org/way/939257106"}},{"type":"Feature","geometry":{"type":"LineString","coordinates":[[106.4344307,29.8224665],[106.4343666,29.8223044]]},"properties":{"kind":"road","name":"","highway":"steps","source_url":"https://www.openstreetmap.org/way/939386021"}},{"type":"Feature","geometry":{"type":"LineString","coordinates":[[106.4347013,29.8223614],[106.4346627,29.8222416]]},"properties":{"kind":"road","name":"","highway":"steps","source_url":"https://www.openstreetmap.org/way/939386022"}},{"type":"Feature","geometry":{"type":"LineString","coordinates":[[106.4348287,29.8223932],[106.4349522,29.8223211]]},"properties":{"kind":"road","name":"","highway":"steps","source_url":"https://www.openstreetmap.org/way/939386023"}},{"type":"Feature","geometry":{"type":"LineString","coordinates":[[106.4349976,29.8225962],[106.4351758,29.8224984]]},"properties":{"kind":"road","name":"","highway":"steps","source_url":"https://www.openstreetmap.org/way/939386024"}},{"type":"Feature","geometry":{"type":"LineString","coordinates":[[106.4349561,29.8227796],[106.4350616,29.8229478]]},"properties":{"kind":"road","name":"","highway":"steps","source_url":"https://www.openstreetmap.org/way/939386025"}},{"type":"Feature","geometry":{"type":"LineString","coordinates":[[106.4347133,29.8229109],[106.4346916,29.822998]]},"properties":{"kind":"road","name":"","highway":"footway","source_url":"https://www.openstreetmap.org/way/939386026"}},{"type":"Feature","geometry":{"type":"LineString","coordinates":[[106.4346916,29.822998],[106.4345693,29.8229771]]},"properties":{"kind":"road","name":"","highway":"steps","source_url":"https://www.openstreetmap.org/way/939386027"}},{"type":"Feature","geometry":{"type":"LineString","coordinates":[[106.4346916,29.822998],[106.434809,29.823005]]},"properties":{"kind":"road","name":"","highway":"steps","source_url":"https://www.openstreetmap.org/way/939386028"}},{"type":"Feature","geometry":{"type":"Polygon","coordinates":[[[106.4344163,29.82323],[106.4345309,29.8231465],[106.434715,29.8231898],[106.4347942,29.8233083],[106.4348954,29.8232597],[106.434821,29.8231147],[106.4345028,29.8230312],[106.4343382,29.8231454],[106.4344163,29.82323]]]},"properties":{"kind":"building","name":"","highway":"","source_url":"https://www.openstreetmap.org/way/939386029"}},{"type":"Feature","geometry":{"type":"LineString","coordinates":[[106.4342241,29.8231235],[106.4343566,29.8232483],[106.4344308,29.8233017],[106.434779,29.8233606],[106.435004,29.8232438],[106.4350778,29.8232055]]},"properties":{"kind":"road","name":"","highway":"service","source_url":"https://www.openstreetmap.org/way/939386030"}},{"type":"Feature","geometry":{"type":"LineString","coordinates":[[106.43482,29.8299166],[106.4351128,29.8296778]]},"properties":{"kind":"road","name":"","highway":"pedestrian","source_url":"https://www.openstreetmap.org/way/940326870"}},{"type":"Feature","geometry":{"type":"Polygon","coordinates":[[[106.4330396,29.8326967],[106.433157,29.8328635],[106.4333023,29.8327866],[106.4331763,29.8326074],[106.4331077,29.8326437],[106.4330077,29.8325096],[106.4328937,29.8325736],[106.4330015,29.8327181],[106.4330396,29.8326967]]]},"properties":{"kind":"building","name":"","highway":"","source_url":"https://www.openstreetmap.org/way/940326871"}},{"type":"Feature","geometry":{"type":"Polygon","coordinates":[[[106.4333045,29.8332567],[106.4334782,29.8332157],[106.4333655,29.8328573],[106.4331919,29.8328984],[106.4333045,29.8332567]]]},"properties":{"kind":"building","name":"","highway":"","source_url":"https://www.openstreetmap.org/way/940326872"}},{"type":"Feature","geometry":{"type":"Polygon","coordinates":[[[106.4349387,29.8329675],[106.4347546,29.8327448],[106.4346431,29.8328149],[106.4348272,29.8330376],[106.4349387,29.8329675]]]},"properties":{"kind":"building","name":"","highway":"","source_url":"https://www.openstreetmap.org/way/940326873"}},{"type":"Feature","geometry":{"type":"Polygon","coordinates":[[[106.4351976,29.8332448],[106.4350603,29.8330782],[106.4348606,29.8332034],[106.4349979,29.8333699],[106.4351976,29.8332448]]]},"properties":{"kind":"building","name":"","highway":"","source_url":"https://www.openstreetmap.org/way/940326874"}},{"type":"Feature","geometry":{"type":"Polygon","coordinates":[[[106.4352317,29.8336084],[106.4352843,29.833605],[106.4352738,29.8336509],[106.4352221,29.8336369],[106.4351838,29.83377],[106.4353357,29.8337917],[106.4353693,29.8336676],[106.4353725,29.8335986],[106.4353613,29.8334944],[106.4353408,29.8334403],[106.4353155,29.8333979],[106.435235,29.8332902],[106.4350914,29.833373],[106.4351772,29.8334837],[106.4352344,29.8334483],[106.4352628,29.8334959],[106.4352102,29.8334992],[106.4352317,29.8336084]]]},"properties":{"kind":"building","name":"","highway":"","source_url":"https://www.openstreetmap.org/way/940326875"}},{"type":"Feature","geometry":{"type":"Polygon","coordinates":[[[106.4350377,29.8344863],[106.4353177,29.8338486],[106.4351801,29.8338026],[106.4349,29.8344403],[106.4350377,29.8344863]]]},"properties":{"kind":"building","name":"","highway":"","source_url":"https://www.openstreetmap.org/way/940326876"}},{"type":"Feature","geometry":{"type":"Polygon","coordinates":[[[106.4332891,29.8341193],[106.4333198,29.8341015],[106.4333546,29.8340912],[106.4333914,29.8340891],[106.4334276,29.8340953],[106.4334606,29.8341094],[106.4334884,29.8341304],[106.4335089,29.834157],[106.4335207,29.8341873],[106.4335232,29.8342192],[106.433516,29.8342505],[106.4334998,29.8342792],[106.4334755,29.8343033],[106.4334449,29.834321],[106.43341,29.8343313],[106.4333733,29.8343335],[106.4333371,29.8343273],[106.433304,29.8343132],[106.4332763,29.8342921],[106.4332558,29.8342656],[106.4332439,29.8342353],[106.4332415,29.8342034],[106.4332486,29.834172],[106.4332649,29.8341434],[106.4332891,29.8341193]]]},"properties":{"kind":"building","name":"","highway":"","source_url":"https://www.openstreetmap.org/way/940326879"}},{"type":"Feature","geometry":{"type":"Polygon","coordinates":[[[106.4362538,29.8320434],[106.435763,29.8323593],[106.435854,29.8324656],[106.4363448,29.8321498],[106.4363957,29.8322093],[106.4364825,29.8321534],[106.4365071,29.8321376],[106.4366053,29.8320743],[106.436542,29.8320003],[106.4364438,29.8320635],[106.4362806,29.8318727],[106.4361691,29.8319444],[106.4362538,29.8320434]]]},"properties":{"kind":"building","name":"","highway":"","source_url":"https://www.openstreetmap.org/way/940326888"}},{"type":"Feature","geometry":{"type":"Polygon","coordinates":[[[106.4362498,29.8324352],[106.4358708,29.832741],[106.4357777,29.8326541],[106.4356099,29.8327914],[106.4356099,29.8329135],[106.4357212,29.8330136],[106.4358607,29.8330124],[106.4360222,29.8328821],[106.4365929,29.8324214],[106.4365629,29.8323934],[106.4366694,29.8323074],[106.4365738,29.8322183],[106.4364672,29.8323042],[106.4364416,29.8322803],[106.4364214,29.8322966],[106.436373,29.8322515],[106.4362013,29.83239],[106.4362498,29.8324352]]]},"properties":{"kind":"building","name":"","highway":"","source_url":"https://www.openstreetmap.org/way/940326889"}},{"type":"Feature","geometry":{"type":"Polygon","coordinates":[[[106.4352089,29.8324098],[106.4354825,29.8327937],[106.4356943,29.8326801],[106.4354207,29.8322962],[106.4352089,29.8324098]]]},"properties":{"kind":"building","name":"","highway":"","source_url":"https://www.openstreetmap.org/way/940326890"}},{"type":"Feature","geometry":{"type":"Polygon","coordinates":[[[106.4350545,29.8325076],[106.4348949,29.8326088],[106.4354063,29.833225],[106.4355681,29.8331214],[106.4350545,29.8325076]]]},"properties":{"kind":"building","name":"","highway":"","source_url":"https://www.openstreetmap.org/way/940326891"}},{"type":"Feature","geometry":{"type":"Polygon","coordinates":[[[106.4359437,29.8316845],[106.4359786,29.8316873],[106.4361839,29.8315693],[106.4361239,29.8314854],[106.4360923,29.8315028],[106.43607,29.8314725],[106.4360582,29.8314789],[106.4360286,29.8314378],[106.4360112,29.8314473],[106.4359518,29.8313649],[106.4358961,29.8313955],[106.4359049,29.8314077],[106.4357853,29.8314732],[106.4359437,29.8316845]]]},"properties":{"kind":"building","name":"","highway":"","source_url":"https://www.openstreetmap.org/way/940326894"}},{"type":"Feature","geometry":{"type":"Polygon","coordinates":[[[106.4355911,29.8312179],[106.4357242,29.8313938],[106.4359053,29.8312896],[106.4357721,29.8311137],[106.4355911,29.8312179]]]},"properties":{"kind":"building","name":"","highway":"","source_url":"https://www.openstreetmap.org/way/940326895"}},{"type":"Feature","geometry":{"type":"Polygon","coordinates":[[[106.4357938,29.8310827],[106.4356219,29.8308624],[106.4355015,29.8309314],[106.4355666,29.8310102],[106.4356072,29.8309874],[106.4356464,29.8310481],[106.4356279,29.8310581],[106.4356877,29.8311438],[106.4357938,29.8310827]]]},"properties":{"kind":"building","name":"","highway":"","source_url":"https://www.openstreetmap.org/way/940326896"}},{"type":"Feature","geometry":{"type":"Polygon","coordinates":[[[106.4355242,29.8306095],[106.4353711,29.8306972],[106.4354926,29.8308584],[106.4354604,29.8308769],[106.4355015,29.8309314],[106.4356219,29.8308624],[106.4356869,29.8308252],[106.4355242,29.8306095]]]},"properties":{"kind":"building","name":"","highway":"","source_url":"https://www.openstreetmap.org/way/940326897"}},{"type":"Feature","geometry":{"type":"Polygon","coordinates":[[[106.435132,29.8297424],[106.4348334,29.8299597],[106.4349031,29.8300318],[106.4351057,29.8298747],[106.4352209,29.8298828],[106.4354208,29.8300946],[106.4351388,29.830282],[106.4353085,29.8304998],[106.4355229,29.8303741],[106.435733,29.8306436],[106.4359491,29.8305168],[106.4355693,29.8300295],[106.4353426,29.8297443],[106.435132,29.8297424]]]},"properties":{"kind":"building","name":"","highway":"","source_url":"https://www.openstreetmap.org/way/940326898"}},{"type":"Feature","geometry":{"type":"Polygon","coordinates":[[[106.4362833,29.8310264],[106.4359649,29.8306003],[106.4357205,29.8307392],[106.4360388,29.8311652],[106.4362833,29.8310264]]]},"properties":{"kind":"building","name":"","highway":"","source_url":"https://www.openstreetmap.org/way/940326899"}},{"type":"Feature","geometry":{"type":"Polygon","coordinates":[[[106.4348654,29.8315405],[106.4349589,29.83146],[106.4350958,29.831371],[106.4351735,29.8313076],[106.434975,29.8311249],[106.4346841,29.8313702],[106.4348654,29.8315405]]]},"properties":{"kind":"building","name":"","highway":"","source_url":"https://www.openstreetmap.org/way/940326900"}},{"type":"Feature","geometry":{"type":"Polygon","coordinates":[[[106.4340475,29.8305228],[106.4337956,29.8306653],[106.4338761,29.8307723],[106.434128,29.8306298],[106.4340475,29.8305228]]]},"properties":{"kind":"building","name":"","highway":"","source_url":"https://www.openstreetmap.org/way/940326901"}},{"type":"Feature","geometry":{"type":"Polygon","coordinates":[[[106.4335915,29.8303459],[106.4336666,29.8304809],[106.4337755,29.8304353],[106.4337004,29.8303003],[106.4335915,29.8303459]]]},"properties":{"kind":"building","name":"","highway":"","source_url":"https://www.openstreetmap.org/way/940326902"}},{"type":"Feature","geometry":{"type":"Polygon","coordinates":[[[106.433723,29.831037],[106.433849,29.831151],[106.4341253,29.8309211],[106.4339993,29.8308071],[106.433723,29.831037]]]},"properties":{"kind":"building","name":"","highway":"","source_url":"https://www.openstreetmap.org/way/940326903"}},{"type":"Feature","geometry":{"type":"Polygon","coordinates":[[[106.4334655,29.8308462],[106.4336532,29.8310044],[106.433835,29.8308421],[106.4336473,29.8306839],[106.4334655,29.8308462]]]},"properties":{"kind":"building","name":"","highway":"","source_url":"https://www.openstreetmap.org/way/940326904"}},{"type":"Feature","geometry":{"type":"Polygon","coordinates":[[[106.4334226,29.8308159],[106.4336092,29.8306685],[106.433392,29.8304615],[106.4332053,29.8306088],[106.4334226,29.8308159]]]},"properties":{"kind":"building","name":"","highway":"","source_url":"https://www.openstreetmap.org/way/940326905"}},{"type":"Feature","geometry":{"type":"Polygon","coordinates":[[[106.4330807,29.8304974],[106.4332463,29.8304239],[106.433126,29.8302201],[106.4329605,29.8302936],[106.4330807,29.8304974]]]},"properties":{"kind":"building","name":"","highway":"","source_url":"https://www.openstreetmap.org/way/940326906"}},{"type":"Feature","geometry":{"type":"Polygon","coordinates":[[[106.4333501,29.8301644],[106.4336521,29.8300391],[106.4335876,29.8299221],[106.4332856,29.8300475],[106.4333501,29.8301644]]]},"properties":{"kind":"building","name":"","highway":"","source_url":"https://www.openstreetmap.org/way/940326907"}},{"type":"Feature","geometry":{"type":"Polygon","coordinates":[[[106.4330712,29.8301179],[106.4332402,29.8300411],[106.433171,29.8299265],[106.4330958,29.8299607],[106.4330125,29.8298098],[106.4329178,29.8298491],[106.4330027,29.830003],[106.433002,29.8300033],[106.4330127,29.8300211],[106.4330712,29.8301179]]]},"properties":{"kind":"building","name":"","highway":"","source_url":"https://www.openstreetmap.org/way/940326908"}},{"type":"Feature","geometry":{"type":"Polygon","coordinates":[[[106.432781,29.8299992],[106.4329615,29.8302632],[106.4330884,29.8301979],[106.4329079,29.8299339],[106.432781,29.8299992]]]},"properties":{"kind":"building","name":"","highway":"","source_url":"https://www.openstreetmap.org/way/940326909"}},{"type":"Feature","geometry":{"type":"Polygon","coordinates":[[[106.4337476,29.8295753],[106.4337226,29.8295361],[106.4336995,29.8295473],[106.4336601,29.8294855],[106.433562,29.8295331],[106.4335395,29.8294979],[106.4335539,29.8294909],[106.4335467,29.8294797],[106.4335985,29.8294545],[106.4335604,29.8293948],[106.4334066,29.8294694],[106.4335388,29.8296766],[106.4337476,29.8295753]]]},"properties":{"kind":"building","name":"","highway":"","source_url":"https://www.openstreetmap.org/way/940326910"}},{"type":"Feature","geometry":{"type":"Polygon","coordinates":[[[106.4331921,29.8296125],[106.4333215,29.8297137],[106.4334573,29.8295817],[106.4333278,29.8294805],[106.4331921,29.8296125]]]},"properties":{"kind":"building","name":"","highway":"","source_url":"https://www.openstreetmap.org/way/940326911"}},{"type":"Feature","geometry":{"type":"Polygon","coordinates":[[[106.4347883,29.8310533],[106.4348121,29.8309652],[106.4347225,29.8309467],[106.4347383,29.8308884],[106.4346382,29.8308678],[106.434614,29.8309573],[106.4346979,29.8309746],[106.4346825,29.8310316],[106.4347883,29.8310533]]]},"properties":{"kind":"building","name":"","highway":"","source_url":"https://www.openstreetmap.org/way/940326912"}},{"type":"Feature","geometry":{"type":"Polygon","coordinates":[[[106.4345863,29.8311394],[106.4346042,29.8310636],[106.4345222,29.8310488],[106.4345371,29.8309858],[106.4344342,29.8309672],[106.4344137,29.8310538],[106.4344919,29.8310679],[106.4344795,29.8311202],[106.4345863,29.8311394]]]},"properties":{"kind":"building","name":"","highway":"","source_url":"https://www.openstreetmap.org/way/940326913"}},{"type":"Feature","geometry":{"type":"Polygon","coordinates":[[[106.4345062,29.8304576],[106.4343086,29.8305533],[106.4344883,29.8308325],[106.4346859,29.8307368],[106.4345062,29.8304576]]]},"properties":{"kind":"building","name":"","highway":"","source_url":"https://www.openstreetmap.org/way/940326914"}},{"type":"Feature","geometry":{"type":"Polygon","coordinates":[[[106.434305,29.8302575],[106.4341789,29.8300737],[106.433935,29.8301996],[106.4340611,29.8303834],[106.434305,29.8302575]]]},"properties":{"kind":"building","name":"","highway":"","source_url":"https://www.openstreetmap.org/way/940326915"}},{"type":"Feature","geometry":{"type":"Polygon","coordinates":[[[106.4356243,29.8315522],[106.4355225,29.8314245],[106.4353747,29.8315169],[106.435477,29.831647],[106.4356243,29.8315522]]]},"properties":{"kind":"building","name":"","highway":"","source_url":"https://www.openstreetmap.org/way/940326916"}},{"type":"Feature","geometry":{"type":"Polygon","coordinates":[[[106.4353401,29.8315963],[106.4352607,29.8315962],[106.4352607,29.8316342],[106.4351691,29.8316341],[106.435169,29.8316935],[106.4352227,29.8316936],[106.4352226,29.8317492],[106.4353004,29.8317493],[106.4353004,29.8317273],[106.4353923,29.8317274],[106.4353924,29.8316666],[106.4353399,29.8316665],[106.4353401,29.8315963]]]},"properties":{"kind":"building","name":"","highway":"","source_url":"https://www.openstreetmap.org/way/940326917"}},{"type":"Feature","geometry":{"type":"Polygon","coordinates":[[[106.4356003,29.8318849],[106.4358078,29.8317639],[106.4356654,29.8315783],[106.4354579,29.8316992],[106.4356003,29.8318849]]]},"properties":{"kind":"building","name":"","highway":"","source_url":"https://www.openstreetmap.org/way/940326918"}},{"type":"Feature","geometry":{"type":"Polygon","coordinates":[[[106.434918,29.8316104],[106.4349881,29.8316773],[106.4352017,29.8315062],[106.4352125,29.8315173],[106.4352869,29.8314606],[106.4351989,29.8313843],[106.434918,29.8316104]]]},"properties":{"kind":"building","name":"","highway":"","source_url":"https://www.openstreetmap.org/way/940326919"}},{"type":"Feature","geometry":{"type":"Polygon","coordinates":[[[106.4349902,29.8319469],[106.4352259,29.832157],[106.4353786,29.8320269],[106.435143,29.8318167],[106.4349902,29.8319469]]]},"properties":{"kind":"building","name":"","highway":"","source_url":"https://www.openstreetmap.org/way/940326920"}},{"type":"Feature","geometry":{"type":"Polygon","coordinates":[[[106.4349437,29.8319043],[106.4350759,29.8317922],[106.4349022,29.8316366],[106.43477,29.8317487],[106.4349437,29.8319043]]]},"properties":{"kind":"building","name":"","highway":"","source_url":"https://www.openstreetmap.org/way/940326921"}},{"type":"Feature","geometry":{"type":"Polygon","coordinates":[[[106.4350305,29.8322357],[106.4350861,29.8322423],[106.4351522,29.8321926],[106.4347132,29.83179],[106.434627,29.8318689],[106.4350305,29.8322357]]]},"properties":{"kind":"building","name":"","highway":"","source_url":"https://www.openstreetmap.org/way/940326922"}},{"type":"Feature","geometry":{"type":"Polygon","coordinates":[[[106.4345715,29.8317831],[106.4347762,29.831603],[106.4347131,29.8315484],[106.4345084,29.8317286],[106.4345715,29.8317831]]]},"properties":{"kind":"building","name":"","highway":"","source_url":"https://www.openstreetmap.org/way/940326923"}},{"type":"Feature","geometry":{"type":"Polygon","coordinates":[[[106.4341442,29.831442],[106.4344197,29.8312081],[106.4343433,29.8311405],[106.4344056,29.8310876],[106.4343433,29.8310324],[106.4343889,29.8309937],[106.434263,29.8308821],[106.4338796,29.8312075],[106.4341442,29.831442]]]},"properties":{"kind":"building","name":"","highway":"","source_url":"https://www.openstreetmap.org/way/940326924"}},{"type":"Feature","geometry":{"type":"Polygon","coordinates":[[[106.4344051,29.8317178],[106.4345214,29.8316163],[106.4345118,29.831608],[106.4346385,29.8314973],[106.4345834,29.8314494],[106.4345338,29.8314927],[106.4344218,29.8313951],[106.4344788,29.8313453],[106.4345653,29.8314207],[106.4346224,29.8313709],[106.4346091,29.8313593],[106.4346775,29.8312995],[106.4345765,29.8312115],[106.4345036,29.8312752],[106.4344755,29.8312508],[106.4341725,29.8315153],[106.4344051,29.8317178]]]},"properties":{"kind":"building","name":"","highway":"","source_url":"https://www.openstreetmap.org/way/940326925"}},{"type":"Feature","geometry":{"type":"Polygon","coordinates":[[[106.4342823,29.8318353],[106.434198,29.8319047],[106.4347405,29.8324059],[106.4347305,29.8324141],[106.4347912,29.8324702],[106.4348855,29.8323926],[106.4342823,29.8318353]]]},"properties":{"kind":"building","name":"","highway":"","source_url":"https://www.openstreetmap.org/way/940326926"}},{"type":"Feature","geometry":{"type":"Polygon","coordinates":[[[106.4334066,29.8316465],[106.4335744,29.831503],[106.4333921,29.8313411],[106.4333356,29.8312908],[106.4332708,29.8313462],[106.4332309,29.8313108],[106.4331695,29.8313633],[106.4333751,29.831546],[106.4333335,29.8315815],[106.4334066,29.8316465]]]},"properties":{"kind":"building","name":"","highway":"","source_url":"https://www.openstreetmap.org/way/940326927"}},{"type":"Feature","geometry":{"type":"Polygon","coordinates":[[[106.4339984,29.8319844],[106.433549,29.8315633],[106.4334403,29.8316515],[106.4335435,29.8317482],[106.4335491,29.8317436],[106.4337695,29.8319502],[106.43379,29.8319336],[106.4339157,29.8320514],[106.4339984,29.8319844]]]},"properties":{"kind":"building","name":"","highway":"","source_url":"https://www.openstreetmap.org/way/940326928"}},{"type":"Feature","geometry":{"type":"Polygon","coordinates":[[[106.4342242,29.8318059],[106.4336102,29.8312762],[106.4334917,29.8313806],[106.4340709,29.8318803],[106.4341251,29.8318326],[106.4341598,29.8318625],[106.4342242,29.8318059]]]},"properties":{"kind":"building","name":"","highway":"","source_url":"https://www.openstreetmap.org/way/940326929"}},{"type":"Feature","geometry":{"type":"Polygon","coordinates":[[[106.4331145,29.830808],[106.4329019,29.8309907],[106.4332081,29.8312615],[106.4332556,29.8312207],[106.4332805,29.8312427],[106.4333114,29.8312161],[106.4333433,29.8312444],[106.4333515,29.8312373],[106.4333774,29.8312602],[106.4334785,29.8311733],[106.4334185,29.8311202],[106.4334433,29.8310989],[106.4331145,29.830808]]]},"properties":{"kind":"building","name":"","highway":"","source_url":"https://www.openstreetmap.org/way/940326930"}},{"type":"Feature","geometry":{"type":"Polygon","coordinates":[[[106.4327493,29.830311],[106.4325745,29.8304273],[106.4329446,29.8308461],[106.4331195,29.8307298],[106.4327493,29.830311]]]},"properties":{"kind":"building","name":"","highway":"","source_url":"https://www.openstreetmap.org/way/940326931"}},{"type":"Feature","geometry":{"type":"Polygon","coordinates":[[[106.4329658,29.8292783],[106.4329646,29.8293852],[106.4330645,29.8293861],[106.4330633,29.8294763],[106.4332214,29.8294783],[106.4332214,29.8293779],[106.4332831,29.829378],[106.4332857,29.8292812],[106.4329658,29.8292783]]]},"properties":{"kind":"building","name":"","highway":"","source_url":"https://www.openstreetmap.org/way/940326933"}},{"type":"Feature","geometry":{"type":"Polygon","coordinates":[[[106.4332428,29.8290026],[106.4331392,29.8290767],[106.4333564,29.8293077],[106.43346,29.8292336],[106.4332428,29.8290026]]]},"properties":{"kind":"building","name":"","highway":"","source_url":"https://www.openstreetmap.org/way/940326934"}},{"type":"Feature","geometry":{"type":"Polygon","coordinates":[[[106.4328873,29.8289639],[106.4329464,29.8290268],[106.4330184,29.8289755],[106.4331022,29.8290649],[106.4332247,29.8289776],[106.4330818,29.8288252],[106.4328873,29.8289639]]]},"properties":{"kind":"building","name":"","highway":"","source_url":"https://www.openstreetmap.org/way/940326935"}},{"type":"Feature","geometry":{"type":"LineString","coordinates":[[106.4326509,29.8300003],[106.4329564,29.8298117],[106.4335414,29.8292463]]},"properties":{"kind":"road","name":"","highway":"service","source_url":"https://www.openstreetmap.org/way/940326936"}},{"type":"Feature","geometry":{"type":"LineString","coordinates":[[106.434496,29.8319013],[106.4350238,29.8314496],[106.4353316,29.8312554]]},"properties":{"kind":"road","name":"","highway":"service","source_url":"https://www.openstreetmap.org/way/940326937"}},{"type":"Feature","geometry":{"type":"LineString","coordinates":[[106.4344287,29.8303083],[106.43482,29.8299166]]},"properties":{"kind":"road","name":"","highway":"steps","source_url":"https://www.openstreetmap.org/way/940326942"}},{"type":"Feature","geometry":{"type":"LineString","coordinates":[[106.4327959,29.8286878],[106.4329223,29.8286822],[106.4330336,29.8286985],[106.4330966,29.8287293],[106.4335414,29.8292463],[106.4340229,29.8297383],[106.4344287,29.8303083],[106.4344899,29.8304009],[106.4347947,29.8308356],[106.434879,29.8309403],[106.4351792,29.8312058],[106.4352583,29.831246],[106.4353316,29.8312554],[106.4354612,29.8312765],[106.4355385,29.8313085],[106.4356102,29.831363],[106.435931,29.8317896]]},"properties":{"kind":"road","name":"静宁路","highway":"service","source_url":"https://www.openstreetmap.org/way/940326943"}},{"type":"Feature","geometry":{"type":"LineString","coordinates":[[106.4337997,29.8281628],[106.43354,29.8279294],[106.4330302,29.8282887],[106.4328082,29.8284463],[106.4327959,29.8286878],[106.4327844,29.8289959],[106.4330739,29.8287706],[106.4330966,29.8287293],[106.4331275,29.8286729],[106.4337997,29.8281628]]},"properties":{"kind":"road","name":"","highway":"pedestrian","source_url":"https://www.openstreetmap.org/way/940326944"}},{"type":"Feature","geometry":{"type":"LineString","coordinates":[[106.4341596,29.8284934],[106.4341025,29.8284435]]},"properties":{"kind":"road","name":"","highway":"residential","source_url":"https://www.openstreetmap.org/way/940326945"}},{"type":"Feature","geometry":{"type":"LineString","coordinates":[[106.43354,29.8279294],[106.4337997,29.8281628],[106.4341025,29.8284435]]},"properties":{"kind":"road","name":"中山路","highway":"residential","source_url":"https://www.openstreetmap.org/way/940326946"}},{"type":"Feature","geometry":{"type":"LineString","coordinates":[[106.433677,29.8274663],[106.4344016,29.8281377],[106.4344123,29.8281866],[106.434356,29.8282564],[106.4341025,29.8284435]]},"properties":{"kind":"road","name":"","highway":"service","source_url":"https://www.openstreetmap.org/way/940326947"}},{"type":"Feature","geometry":{"type":"LineString","coordinates":[[106.4354066,29.8295652],[106.4354276,29.8294828],[106.4355627,29.8293755],[106.435558,29.8293208],[106.435543,29.8292675],[106.4355181,29.8292171],[106.4351911,29.8288816],[106.4350239,29.8290118],[106.4349028,29.8290289],[106.4342587,29.8284145],[106.4341596,29.8284934],[106.4341437,29.8285078],[106.4348583,29.8291834],[106.4348451,29.8292123],[106.4348192,29.8292624],[106.4348032,29.8293154],[106.434839,29.8294305],[106.4351128,29.8296778],[106.4351333,29.8296963],[106.4352085,29.8297037],[106.4352709,29.8296952],[106.435329,29.8296709],[106.4366415,29.8313864],[106.4366769,29.8313686],[106.4367995,29.8311835],[106.4366205,29.8309508],[106.4365587,29.8309763],[106.4364923,29.8309499],[106.4354066,29.8295652]]},"properties":{"kind":"road","name":"中山路步行街","highway":"pedestrian","source_url":"https://www.openstreetmap.org/way/940326948"}},{"type":"Feature","geometry":{"type":"Polygon","coordinates":[[[106.4342756,29.8298456],[106.4345557,29.8300981],[106.4350528,29.8296831],[106.4347727,29.8294306],[106.4342756,29.8298456]]]},"properties":{"kind":"building","name":"","highway":"","source_url":"https://www.openstreetmap.org/way/940326949"}},{"type":"Feature","geometry":{"type":"Polygon","coordinates":[[[106.4244499,29.8265409],[106.4244499,29.8264606],[106.4243661,29.8264606],[106.4243661,29.8265409],[106.4241099,29.8265409],[106.4241099,29.8266299],[106.4244499,29.8266299],[106.4244499,29.8265409]]]},"properties":{"kind":"building","name":"","highway":"","source_url":"https://www.openstreetmap.org/way/940649186"}},{"type":"Feature","geometry":{"type":"Polygon","coordinates":[[[106.4243112,29.8267612],[106.4243111,29.8267106],[106.4242525,29.8267107],[106.4242526,29.8267613],[106.4239528,29.8267617],[106.4239531,29.826893],[106.4240272,29.8268929],[106.4240271,29.8268478],[106.4242511,29.8268475],[106.4242512,29.8268942],[106.4243114,29.8268941],[106.4243112,29.8267612]]]},"properties":{"kind":"building","name":"","highway":"","source_url":"https://www.openstreetmap.org/way/940649187"}},{"type":"Feature","geometry":{"type":"LineString","coordinates":[[106.4334937,29.8345167],[106.4335473,29.8345726],[106.4336264,29.8346551],[106.4336358,29.8347214],[106.4336479,29.8348343],[106.4336653,29.8348901],[106.4337391,29.8349762],[106.4338329,29.8350553],[106.4339215,29.8351193],[106.4340227,29.835146],[106.4341663,29.8351386],[106.4341917,29.8351373]]},"properties":{"kind":"road","name":"","highway":"service","source_url":"https://www.openstreetmap.org/way/940649189"}},{"type":"Feature","geometry":{"type":"LineString","coordinates":[[106.4327341,29.8348079],[106.4332324,29.8343277]]},"properties":{"kind":"road","name":"","highway":"service","source_url":"https://www.openstreetmap.org/way/940649190"}},{"type":"Feature","geometry":{"type":"LineString","coordinates":[[106.4311488,29.8325017],[106.4311975,29.8325821],[106.4314192,29.8327647],[106.4315773,29.8327667],[106.4316758,29.8327937],[106.4318743,29.8327245],[106.4319574,29.8327373],[106.4320365,29.8327623],[106.4321029,29.8327902],[106.4321834,29.832835],[106.4322464,29.8328821],[106.4323115,29.8329496],[106.4323618,29.8330322],[106.4323913,29.8331026],[106.432404,29.8331706],[106.4324141,29.8332649],[106.4324114,29.8333818],[106.4324053,29.8335255],[106.4323892,29.8335703],[106.4323564,29.8336017],[106.432298,29.8336214],[106.4322283,29.8336244],[106.4320949,29.8336232],[106.4320499,29.8336057],[106.4320245,29.8335877],[106.4319836,29.8335493],[106.4319715,29.8335162],[106.4319675,29.833248],[106.4319628,29.8332253],[106.431946,29.8331957],[106.4319158,29.8331578],[106.431883,29.8331334],[106.4318541,29.8331148],[106.4318193,29.8331037],[106.4317703,29.8330979],[106.4315638,29.8330949],[106.4315005,29.8330854],[106.4314619,29.8330662],[106.4314367,29.8330421],[106.431421,29.8330135],[106.4314124,29.8329536],[106.4314192,29.8327647]]},"properties":{"kind":"road","name":"","highway":"service","source_url":"https://www.openstreetmap.org/way/940649191"}},{"type":"Feature","geometry":{"type":"LineString","coordinates":[[106.4304676,29.8325434],[106.4311488,29.8325017],[106.4313908,29.8323499],[106.4315316,29.8323016],[106.4316396,29.8322743],[106.4317381,29.8322545],[106.4318796,29.8322463],[106.4320359,29.8322574],[106.4322008,29.8322929],[106.4323269,29.8323411],[106.4324436,29.8323906],[106.4325529,29.8324697],[106.4326434,29.8325424],[106.4327031,29.8326192],[106.432756,29.8327018],[106.4328251,29.832842],[106.4329223,29.8330491],[106.4329827,29.8331683],[106.4329961,29.8332817],[106.4329793,29.8333553],[106.4329518,29.8334754],[106.4328513,29.8336255],[106.4327748,29.833707],[106.4327626,29.8337584],[106.4327493,29.833814],[106.4327855,29.8339361],[106.4328184,29.8339773],[106.4328486,29.8340152],[106.4329772,29.8341215],[106.4330471,29.8341793],[106.4332324,29.8343277],[106.4334937,29.8345167],[106.4335781,29.8342544],[106.4335768,29.8342177],[106.4335674,29.8341869],[106.4335446,29.8341461],[106.43339,29.8339184],[106.4332724,29.8337453],[106.4329793,29.8333553]]},"properties":{"kind":"road","name":"","highway":"service","source_url":"https://www.openstreetmap.org/way/940649192"}},{"type":"Feature","geometry":{"type":"Polygon","coordinates":[[[106.4326016,29.8336501],[106.4326875,29.8335707],[106.4325059,29.8334228],[106.4324644,29.8334612],[106.4324876,29.8334801],[106.4324432,29.8335211],[106.4326016,29.8336501]]]},"properties":{"kind":"building","name":"","highway":"","source_url":"https://www.openstreetmap.org/way/940649193"}},{"type":"Feature","geometry":{"type":"Polygon","coordinates":[[[106.4326036,29.8331297],[106.4326223,29.8331571],[106.4325928,29.8331712],[106.4325794,29.8331881],[106.4325773,29.8332086],[106.4325846,29.8332253],[106.4326051,29.8332215],[106.4326131,29.833202],[106.432685,29.8332176],[106.4326783,29.8332349],[106.4327781,29.8332532],[106.4327868,29.8332198],[106.432819,29.8332252],[106.4328426,29.8332585],[106.432916,29.8332194],[106.4328909,29.833184],[106.4328738,29.8331931],[106.4327574,29.8331103],[106.4327524,29.8331126],[106.432737,29.8330925],[106.4327472,29.8330873],[106.4327264,29.8330572],[106.4327127,29.8330644],[106.4326983,29.833044],[106.4327028,29.8330411],[106.4326649,29.8329147],[106.4326816,29.832905],[106.432655,29.8328704],[106.4325834,29.8329118],[106.4326084,29.8329443],[106.432599,29.8329758],[106.4325632,29.832968],[106.4325381,29.8330547],[106.4325605,29.8330584],[106.4325483,29.8331214],[106.4325282,29.8331238],[106.4325158,29.8331328],[106.4325216,29.8331444],[106.4325641,29.8331521],[106.4326036,29.8331297]]]},"properties":{"kind":"building","name":"","highway":"","source_url":"https://www.openstreetmap.org/way/940649194"}},{"type":"Feature","geometry":{"type":"Polygon","coordinates":[[[106.4322014,29.8326493],[106.4322293,29.8326702],[106.4322065,29.8326916],[106.4322001,29.8327114],[106.4322056,29.8327314],[106.4322187,29.8327452],[106.4322367,29.8327359],[106.4322371,29.8327152],[106.4323109,29.8327101],[106.432311,29.8327283],[106.4324123,29.832718],[106.4324083,29.8326839],[106.4324408,29.8326801],[106.4324753,29.8327051],[106.4325305,29.8326478],[106.4324937,29.8326212],[106.4324808,29.8326346],[106.43234,29.8325883],[106.4323361,29.8325919],[106.4323142,29.8325771],[106.4323219,29.8325693],[106.4322912,29.8325466],[106.4322808,29.8325572],[106.4322597,29.8325419],[106.4322628,29.8325379],[106.4321803,29.8324286],[106.4321926,29.8324148],[106.4321547,29.8323894],[106.4321021,29.8324485],[106.4321377,29.8324724],[106.4321404,29.8325048],[106.4321036,29.8325074],[106.4321117,29.8325965],[106.4321343,29.8325937],[106.432146,29.8326568],[106.4321278,29.8326647],[106.4321194,29.8326767],[106.4321292,29.832686],[106.4321723,29.8326815],[106.4322014,29.8326493]]]},"properties":{"kind":"building","name":"","highway":"","source_url":"https://www.openstreetmap.org/way/940649195"}},{"type":"Feature","geometry":{"type":"Polygon","coordinates":[[[106.431626,29.8326031],[106.4316616,29.8325949],[106.4316693,29.8326233],[106.4316845,29.832639],[106.4317066,29.8326462],[106.4317272,29.8326447],[106.4317284,29.8326265],[106.431709,29.8326145],[106.4317455,29.8325587],[106.4317629,29.8325689],[106.43181,29.8324904],[106.4317752,29.8324742],[106.4317899,29.8324487],[106.4318331,29.8324379],[106.4318095,29.8323661],[106.4317634,29.8323775],[106.4317689,29.8323943],[106.4316457,29.8324694],[106.4316469,29.8324742],[106.4316206,29.8324817],[106.4316174,29.8324717],[106.4315785,29.832481],[106.4315828,29.8324944],[106.4315563,29.832501],[106.4315542,29.8324965],[106.4314037,29.8324943],[106.4313974,29.8324777],[106.4313519,29.8324906],[106.4313787,29.8325616],[106.4314215,29.8325494],[106.4314539,29.8325657],[106.4314357,29.8325936],[106.4315252,29.8326378],[106.4315353,29.8326201],[106.431602,29.8326471],[106.4315993,29.8326646],[106.431606,29.8326774],[106.4316205,29.8326756],[106.4316403,29.8326421],[106.431626,29.8326031]]]},"properties":{"kind":"building","name":"","highway":"","source_url":"https://www.openstreetmap.org/way/940649196"}},{"type":"Feature","geometry":{"type":"Polygon","coordinates":[[[106.4331063,29.8337936],[106.4331664,29.8338774],[106.4332562,29.8338289],[106.433057,29.8335515],[106.4329673,29.8335999],[106.4330251,29.8336805],[106.4329801,29.8337057],[106.432972,29.8336948],[106.4328573,29.8337587],[106.4329539,29.833889],[106.4330686,29.8338251],[106.4330631,29.8338176],[106.4331063,29.8337936]]]},"properties":{"kind":"building","name":"","highway":"","source_url":"https://www.openstreetmap.org/way/940649197"}},{"type":"Feature","geometry":{"type":"Polygon","coordinates":[[[106.4339589,29.8352816],[106.4339857,29.8352943],[106.4340132,29.8352973],[106.4340101,29.8353316],[106.4342456,29.8353478],[106.4342491,29.8353114],[106.4342644,29.8353115],[106.4342692,29.8352473],[106.4341551,29.8352397],[106.4341558,29.8352275],[106.4341193,29.8352263],[106.4341186,29.8352371],[106.4340117,29.8352306],[106.4339067,29.8351818],[106.4339127,29.8351728],[106.4338839,29.8351597],[106.4338772,29.8351678],[106.4337798,29.8351246],[106.433773,29.835113],[106.4337626,29.8350999],[106.4336211,29.8349435],[106.4335295,29.8350064],[106.4336807,29.8351745],[106.4337144,29.8351544],[106.4337312,29.8351736],[106.4337563,29.8351855],[106.4337373,29.8352164],[106.4339395,29.8353144],[106.4339589,29.8352816]]]},"properties":{"kind":"building","name":"","highway":"","source_url":"https://www.openstreetmap.org/way/940649198"}},{"type":"Feature","geometry":{"type":"Polygon","coordinates":[[[106.433442,29.8348598],[106.4334426,29.8348147],[106.4334775,29.8348158],[106.433481,29.8347236],[106.4334666,29.8347235],[106.4334668,29.8346993],[106.4334939,29.8346699],[106.4334967,29.8346532],[106.4334873,29.8346358],[106.4334703,29.8346243],[106.4334496,29.8346272],[106.4334235,29.8346394],[106.4333952,29.8346639],[106.4333775,29.8346452],[106.4334127,29.8346127],[106.4334155,29.8345805],[106.4333988,29.8345625],[106.4333666,29.8345617],[106.4333648,29.8345804],[106.4333397,29.8345802],[106.4333395,29.8345951],[106.433307,29.8345938],[106.4333073,29.8345791],[106.4331897,29.834578],[106.4331891,29.8346045],[106.4331513,29.8346033],[106.4331295,29.8345775],[106.4330707,29.8346338],[106.4331075,29.8346628],[106.4331176,29.8346549],[106.4331813,29.8347104],[106.4333175,29.8348259],[106.4333806,29.8348826],[106.4333901,29.8348766],[106.4333957,29.8348864],[106.433385,29.8349001],[106.4334112,29.8349281],[106.4334743,29.834878],[106.4334614,29.8348628],[106.433442,29.8348598]]]},"properties":{"kind":"building","name":"","highway":"","source_url":"https://www.openstreetmap.org/way/940649199"}},{"type":"Feature","geometry":{"type":"Polygon","coordinates":[[[106.4329337,29.8343943],[106.43293,29.8343494],[106.4329648,29.834348],[106.4329595,29.8342558],[106.4329452,29.8342567],[106.4329431,29.8342327],[106.4329674,29.8342014],[106.4329686,29.8341846],[106.4329575,29.8341678],[106.4329395,29.8341577],[106.4329191,29.834162],[106.4328943,29.834176],[106.4328684,29.8342024],[106.432849,29.8341851],[106.432881,29.8341502],[106.4328807,29.8341179],[106.4328623,29.8341011],[106.4328302,29.8341027],[106.4328302,29.8341214],[106.4328051,29.834123],[106.4328064,29.8341378],[106.4327738,29.8341389],[106.4327728,29.8341242],[106.4326554,29.8341315],[106.4326574,29.834158],[106.4326195,29.8341594],[106.4325954,29.8341353],[106.4325421,29.8341956],[106.4325815,29.8342219],[106.4325909,29.8342133],[106.4326596,29.8342641],[106.4328063,29.8343695],[106.4328746,29.8344215],[106.4328835,29.8344148],[106.43289,29.8344241],[106.4328806,29.8344386],[106.4329094,29.8344646],[106.4329675,29.8344102],[106.4329533,29.834396],[106.4329337,29.8343943]]]},"properties":{"kind":"building","name":"","highway":"","source_url":"https://www.openstreetmap.org/way/940649200"}},{"type":"Feature","geometry":{"type":"Polygon","coordinates":[[[106.4323562,29.833997],[106.4323563,29.8339519],[106.4323911,29.8339528],[106.4323936,29.8338605],[106.4323792,29.8338605],[106.4323792,29.8338364],[106.432406,29.8338067],[106.4324086,29.83379],[106.432399,29.8337726],[106.4323819,29.8337614],[106.4323612,29.8337644],[106.4323353,29.8337768],[106.4323072,29.8338015],[106.4322894,29.833783],[106.4323242,29.8337502],[106.4323266,29.833718],[106.4323097,29.8337001],[106.4322775,29.8336996],[106.432276,29.8337183],[106.4322508,29.8337183],[106.4322508,29.8337331],[106.4322183,29.8337321],[106.4322184,29.8337174],[106.4321008,29.8337173],[106.4321005,29.8337438],[106.4320626,29.8337429],[106.4320406,29.8337173],[106.4319824,29.8337741],[106.4320195,29.8338028],[106.4320295,29.8337948],[106.4320938,29.8338498],[106.4322312,29.8339641],[106.432295,29.8340203],[106.4323044,29.8340143],[106.4323102,29.834024],[106.4322996,29.8340378],[106.4323261,29.8340656],[106.4323886,29.834015],[106.4323756,29.8339999],[106.4323562,29.833997]]]},"properties":{"kind":"building","name":"","highway":"","source_url":"https://www.openstreetmap.org/way/940649201"}},{"type":"Feature","geometry":{"type":"Polygon","coordinates":[[[106.4318539,29.8334578],[106.431854,29.8334127],[106.4318889,29.8334136],[106.4318914,29.8333213],[106.4318769,29.8333213],[106.4318769,29.8332972],[106.4319037,29.8332675],[106.4319063,29.8332508],[106.4318967,29.8332334],[106.4318796,29.8332221],[106.4318589,29.8332252],[106.431833,29.8332375],[106.4318049,29.8332623],[106.4317871,29.8332437],[106.4318219,29.833211],[106.4318243,29.8331788],[106.4318074,29.8331608],[106.4317752,29.8331604],[106.4317737,29.8331791],[106.4317485,29.8331791],[106.4317485,29.8331939],[106.431716,29.8331929],[106.4317162,29.8331782],[106.4315985,29.833178],[106.4315982,29.8332046],[106.4315604,29.8332036],[106.4315383,29.8331781],[106.4314801,29.8332348],[106.4315172,29.8332636],[106.4315272,29.8332556],[106.4315916,29.8333105],[106.431729,29.8334249],[106.4317927,29.8334811],[106.4318021,29.8334751],[106.4318079,29.8334848],[106.4317973,29.8334985],[106.4318238,29.8335263],[106.4318863,29.8334757],[106.4318733,29.8334607],[106.4318539,29.8334578]]]},"properties":{"kind":"building","name":"","highway":"","source_url":"https://www.openstreetmap.org/way/940649202"}},{"type":"Feature","geometry":{"type":"Polygon","coordinates":[[[106.4310527,29.8329838],[106.4310711,29.832963],[106.4310991,29.8329816],[106.4312111,29.8328546],[106.4312335,29.8328701],[106.4312486,29.8328536],[106.4312005,29.8328205],[106.4311888,29.8328332],[106.4311695,29.8328204],[106.4311695,29.8327957],[106.4312144,29.8327957],[106.431246,29.8327678],[106.4312203,29.832746],[106.4312144,29.8327512],[106.4312096,29.8327512],[106.431159,29.832715],[106.4311762,29.8327001],[106.4311018,29.8326355],[106.4310775,29.8326565],[106.4310478,29.8326337],[106.4310478,29.8326044],[106.4309613,29.8326052],[106.4309616,29.8326407],[106.4309945,29.8326846],[106.4310223,29.8327045],[106.4309945,29.8327286],[106.4309596,29.8327286],[106.4309596,29.8328938],[106.4310178,29.8328938],[106.430999,29.8329151],[106.4310143,29.8329253],[106.4309707,29.8329748],[106.430969,29.8330206],[106.4310513,29.8330228],[106.4310527,29.8329838]]]},"properties":{"kind":"building","name":"","highway":"","source_url":"https://www.openstreetmap.org/way/940649203"}},{"type":"Feature","geometry":{"type":"Polygon","coordinates":[[[106.4284941,29.8324285],[106.4282038,29.8321864],[106.4283028,29.8320971],[106.4285931,29.8323392],[106.4284941,29.8324285]]]},"properties":{"kind":"building","name":"","highway":"","source_url":"https://www.openstreetmap.org/way/940649205"}},{"type":"Feature","geometry":{"type":"Polygon","coordinates":[[[106.429329,29.8295395],[106.4295899,29.82958],[106.4296063,29.8295004],[106.4293454,29.8294598],[106.429329,29.8295395]]]},"properties":{"kind":"building","name":"","highway":"","source_url":"https://www.openstreetmap.org/way/940649206"}},{"type":"Feature","geometry":{"type":"Polygon","coordinates":[[[106.4292847,29.8297512],[106.4295456,29.8297917],[106.4295621,29.8297121],[106.4293012,29.8296715],[106.4292847,29.8297512]]]},"properties":{"kind":"building","name":"","highway":"","source_url":"https://www.openstreetmap.org/way/940649207"}},{"type":"Feature","geometry":{"type":"Polygon","coordinates":[[[106.4292437,29.8299539],[106.4295046,29.8299944],[106.4295211,29.8299148],[106.4292602,29.8298742],[106.4292437,29.8299539]]]},"properties":{"kind":"building","name":"","highway":"","source_url":"https://www.openstreetmap.org/way/940649208"}},{"type":"Feature","geometry":{"type":"Polygon","coordinates":[[[106.4289567,29.8296991],[106.4292299,29.8297415],[106.4292463,29.8296619],[106.4289732,29.8296194],[106.4289567,29.8296991]]]},"properties":{"kind":"building","name":"","highway":"","source_url":"https://www.openstreetmap.org/way/940649209"}},{"type":"Feature","geometry":{"type":"Polygon","coordinates":[[[106.4288105,29.8309509],[106.429126,29.8311233],[106.4291483,29.8310926],[106.4292812,29.8311652],[106.4293456,29.8310765],[106.4288923,29.8308287],[106.4288923,29.830681],[106.4288923,29.830624],[106.4288919,29.830624],[106.428891,29.8304913],[106.4287088,29.8304923],[106.4287097,29.830624],[106.428616,29.830624],[106.428616,29.8309509],[106.4288105,29.8309509]]]},"properties":{"kind":"building","name":"","highway":"","source_url":"https://www.openstreetmap.org/way/940649210"}},{"type":"Feature","geometry":{"type":"Polygon","coordinates":[[[106.4295866,29.8306319],[106.4296111,29.8305961],[106.4291013,29.8303336],[106.4291431,29.8302971],[106.4286992,29.8299143],[106.4286023,29.8299988],[106.4290056,29.8303466],[106.4289918,29.8303669],[106.4295255,29.8306416],[106.4293547,29.8308964],[106.4292784,29.830858],[106.4292255,29.830937],[106.4293017,29.8309755],[106.429359,29.8310044],[106.4296031,29.8306403],[106.4295866,29.8306319]]]},"properties":{"kind":"building","name":"","highway":"","source_url":"https://www.openstreetmap.org/way/940649211"}},{"type":"Feature","geometry":{"type":"Polygon","coordinates":[[[106.4331995,29.831873],[106.4333025,29.8319751],[106.4334291,29.8318781],[106.433001,29.8314533],[106.4328595,29.8315617],[106.4330322,29.831733],[106.4329775,29.8317748],[106.4330066,29.8318037],[106.4329424,29.8318529],[106.4330388,29.8319485],[106.4331065,29.8318967],[106.4331336,29.8319235],[106.4331995,29.831873]]]},"properties":{"kind":"building","name":"","highway":"","source_url":"https://www.openstreetmap.org/way/941851522"}},{"type":"Feature","geometry":{"type":"Polygon","coordinates":[[[106.4326313,29.8310902],[106.4325485,29.8311497],[106.4328716,29.8314767],[106.4329491,29.8314159],[106.4326313,29.8310902]]]},"properties":{"kind":"building","name":"","highway":"","source_url":"https://www.openstreetmap.org/way/941851523"}},{"type":"Feature","geometry":{"type":"Polygon","coordinates":[[[106.4322504,29.8308485],[106.4324535,29.8310756],[106.4327163,29.8308988],[106.4325133,29.8306717],[106.4322504,29.8308485]]]},"properties":{"kind":"building","name":"","highway":"","source_url":"https://www.openstreetmap.org/way/941851524"}},{"type":"Feature","geometry":{"type":"Polygon","coordinates":[[[106.4321136,29.8304576],[106.4319661,29.8302738],[106.4318609,29.8303373],[106.4320084,29.8305212],[106.4321136,29.8304576]]]},"properties":{"kind":"building","name":"","highway":"","source_url":"https://www.openstreetmap.org/way/941851525"}},{"type":"Feature","geometry":{"type":"Polygon","coordinates":[[[106.4322692,29.8303738],[106.4321512,29.8302366],[106.4320395,29.8303088],[106.4321575,29.8304461],[106.4322692,29.8303738]]]},"properties":{"kind":"building","name":"","highway":"","source_url":"https://www.openstreetmap.org/way/941851526"}},{"type":"Feature","geometry":{"type":"Polygon","coordinates":[[[106.432119,29.8301993],[106.4319527,29.8300458],[106.4318484,29.8301307],[106.4320147,29.8302843],[106.432119,29.8301993]]]},"properties":{"kind":"building","name":"","highway":"","source_url":"https://www.openstreetmap.org/way/941851527"}},{"type":"Feature","geometry":{"type":"Polygon","coordinates":[[[106.4318143,29.8301218],[106.4315796,29.8298531],[106.4314039,29.8299698],[106.4316385,29.8302385],[106.4318143,29.8301218]]]},"properties":{"kind":"building","name":"","highway":"","source_url":"https://www.openstreetmap.org/way/941851528"}},{"type":"Feature","geometry":{"type":"Polygon","coordinates":[[[106.4311534,29.8294012],[106.4310771,29.8295355],[106.4312729,29.8296193],[106.4313492,29.829485],[106.4311534,29.8294012]]]},"properties":{"kind":"building","name":"","highway":"","source_url":"https://www.openstreetmap.org/way/941851529"}},{"type":"Feature","geometry":{"type":"Polygon","coordinates":[[[106.4310461,29.8295129],[106.4310916,29.8293638],[106.4308582,29.8293103],[106.4308128,29.8294594],[106.4310461,29.8295129]]]},"properties":{"kind":"building","name":"","highway":"","source_url":"https://www.openstreetmap.org/way/941851530"}},{"type":"Feature","geometry":{"type":"LineString","coordinates":[[106.4310911,29.8287945],[106.4309246,29.8287986]]},"properties":{"kind":"road","name":"","highway":"steps","source_url":"https://www.openstreetmap.org/way/941851531"}},{"type":"Feature","geometry":{"type":"LineString","coordinates":[[106.4314726,29.828766],[106.4314423,29.82877],[106.431433,29.8287718],[106.431366,29.8287613],[106.431317,29.8287672],[106.4312808,29.8287869],[106.431262,29.8288224],[106.4312474,29.8288221],[106.4311346,29.8288259],[106.4311351,29.8288165],[106.431136,29.8287945],[106.4310911,29.8287945]]},"properties":{"kind":"road","name":"","highway":"footway","source_url":"https://www.openstreetmap.org/way/941851532"}},{"type":"Feature","geometry":{"type":"Polygon","coordinates":[[[106.4311466,29.8288163],[106.4311467,29.8286013],[106.4309179,29.8286176],[106.4309246,29.8287986],[106.4309254,29.8288198],[106.4311351,29.8288165],[106.4311466,29.8288163]]]},"properties":{"kind":"building","name":"","highway":"","source_url":"https://www.openstreetmap.org/way/941851533"}},{"type":"Feature","geometry":{"type":"Polygon","coordinates":[[[106.4312473,29.8288149],[106.4312768,29.8287695],[106.4313573,29.8287474],[106.431423,29.8287578],[106.4314423,29.82877],[106.4314766,29.8287916],[106.431486,29.8288579],[106.4314517,29.828986],[106.4312506,29.8289889],[106.4312474,29.8288221],[106.4312473,29.8288149]]]},"properties":{"kind":"building","name":"","highway":"","source_url":"https://www.openstreetmap.org/way/941851534"}},{"type":"Feature","geometry":{"type":"LineString","coordinates":[[106.4321338,29.8286764],[106.4319766,29.8286994]]},"properties":{"kind":"road","name":"","highway":"steps","source_url":"https://www.openstreetmap.org/way/941851535"}},{"type":"Feature","geometry":{"type":"LineString","coordinates":[[106.4319968,29.8287365],[106.4318836,29.8287664],[106.4318481,29.8287148],[106.4314581,29.8289724],[106.4315075,29.8288498],[106.4315021,29.8287916],[106.4314726,29.828766],[106.4315559,29.8287404],[106.4316312,29.82871],[106.4316278,29.8286109],[106.4315557,29.8286135],[106.4316118,29.8285355],[106.4315933,29.8283948],[106.4314959,29.8283199],[106.4319005,29.8282707],[106.4318566,29.8285162],[106.4319449,29.8285717],[106.4319766,29.8286994],[106.4319968,29.8287365]]},"properties":{"kind":"road","name":"","highway":"pedestrian","source_url":"https://www.openstreetmap.org/way/941851536"}},{"type":"Feature","geometry":{"type":"LineString","coordinates":[[106.4319968,29.8287365],[106.4319766,29.8286994],[106.4319449,29.8285717],[106.4321651,29.8285547],[106.432296,29.8285369],[106.4326183,29.828508],[106.4326053,29.8283321],[106.4327485,29.8283531],[106.4327348,29.8286906],[106.4327333,29.8287467],[106.4326283,29.8287527],[106.4326253,29.8287178],[106.4325576,29.8286724],[106.4319968,29.8287365]]},"properties":{"kind":"road","name":"","highway":"pedestrian","source_url":"https://www.openstreetmap.org/way/941851537"}},{"type":"Feature","geometry":{"type":"Polygon","coordinates":[[[106.4309254,29.8288198],[106.4309297,29.8290404],[106.4311307,29.8290375],[106.4311341,29.8292115],[106.4314559,29.8292069],[106.4314517,29.828986],[106.4312506,29.8289889],[106.4312474,29.8288221],[106.4312473,29.8288149],[106.4311466,29.8288163],[106.4311351,29.8288165],[106.4309254,29.8288198]]]},"properties":{"kind":"building","name":"","highway":"","source_url":"https://www.openstreetmap.org/way/941851539"}},{"type":"Feature","geometry":{"type":"Polygon","coordinates":[[[106.4312079,29.8285972],[106.4312003,29.8285111],[106.4312749,29.8285066],[106.4312823,29.8285899],[106.4316118,29.8285355],[106.4315933,29.8283948],[106.4314858,29.8283987],[106.4314802,29.8283294],[106.4312601,29.8283391],[106.4312667,29.8284138],[106.4311921,29.8284183],[106.4311858,29.8283464],[106.4308595,29.8283681],[106.4308816,29.8286189],[106.4309179,29.8286176],[106.4311467,29.8286013],[106.4312079,29.8285972]]]},"properties":{"kind":"building","name":"","highway":"","source_url":"https://www.openstreetmap.org/way/941851540"}},{"type":"Feature","geometry":{"type":"Polygon","coordinates":[[[106.4321651,29.8285547],[106.4321524,29.8283957],[106.4322827,29.8283847],[106.432296,29.8285369],[106.4326183,29.828508],[106.4326053,29.8283321],[106.4324881,29.8282608],[106.4322965,29.8282386],[106.4323057,29.828304],[106.4320965,29.8283235],[106.4320875,29.8282488],[106.4319005,29.8282707],[106.4318566,29.8285162],[106.4319449,29.8285717],[106.4321651,29.8285547]]]},"properties":{"kind":"building","name":"","highway":"","source_url":"https://www.openstreetmap.org/way/941851541"}},{"type":"Feature","geometry":{"type":"Polygon","coordinates":[[[106.4309491,29.8344422],[106.4307691,29.8342503],[106.4306045,29.8343665],[106.4306652,29.8344313],[106.430637,29.8344512],[106.4307128,29.834532],[106.4306834,29.8345527],[106.4307431,29.8346165],[106.4307725,29.8345958],[106.4308249,29.8345588],[106.4308166,29.83455],[106.4309323,29.8344683],[106.4309242,29.8344597],[106.4309491,29.8344422]]]},"properties":{"kind":"building","name":"","highway":"","source_url":"https://www.openstreetmap.org/way/941851543"}},{"type":"Feature","geometry":{"type":"Polygon","coordinates":[[[106.4314056,29.8345059],[106.431252,29.8343558],[106.4312638,29.8343477],[106.4312235,29.8343035],[106.4311693,29.8343407],[106.4311761,29.8343481],[106.4310718,29.834429],[106.4311271,29.8344826],[106.4310562,29.8345312],[106.4311749,29.8346615],[106.4312549,29.8346066],[106.4312582,29.8346098],[106.4314056,29.8345059]]]},"properties":{"kind":"building","name":"","highway":"","source_url":"https://www.openstreetmap.org/way/941851544"}},{"type":"Feature","geometry":{"type":"Polygon","coordinates":[[[106.4319858,29.8342116],[106.4320878,29.8341385],[106.4318026,29.833839],[106.4317005,29.8339121],[106.4319858,29.8342116]]]},"properties":{"kind":"building","name":"","highway":"","source_url":"https://www.openstreetmap.org/way/941851545"}},{"type":"Feature","geometry":{"type":"Polygon","coordinates":[[[106.4315522,29.8337288],[106.4316508,29.8338163],[106.4317569,29.8337291],[106.4316641,29.8336426],[106.4316475,29.8336559],[106.4315522,29.8337288]]]},"properties":{"kind":"building","name":"","highway":"","source_url":"https://www.openstreetmap.org/way/941851548"}},{"type":"Feature","geometry":{"type":"Polygon","coordinates":[[[106.4310719,29.8339284],[106.4311678,29.8340227],[106.4315522,29.8337288],[106.4316475,29.8336559],[106.4315515,29.8335616],[106.4310719,29.8339284]]]},"properties":{"kind":"building","name":"","highway":"","source_url":"https://www.openstreetmap.org/way/941851549"}},{"type":"Feature","geometry":{"type":"Polygon","coordinates":[[[106.4310996,29.8335901],[106.4308716,29.8333484],[106.4307779,29.8334149],[106.431006,29.8336566],[106.430904,29.8337291],[106.4309604,29.8337889],[106.4310624,29.8337165],[106.4311561,29.83365],[106.4310996,29.8335901]]]},"properties":{"kind":"building","name":"","highway":"","source_url":"https://www.openstreetmap.org/way/941851550"}},{"type":"Feature","geometry":{"type":"Polygon","coordinates":[[[106.4309925,29.8339478],[106.4308395,29.8337857],[106.4305392,29.833999],[106.4306921,29.8341611],[106.4309925,29.8339478]]]},"properties":{"kind":"building","name":"","highway":"","source_url":"https://www.openstreetmap.org/way/941851551"}},{"type":"Feature","geometry":{"type":"Polygon","coordinates":[[[106.4303426,29.8333711],[106.430271,29.8334219],[106.4304244,29.8335845],[106.4302602,29.8337011],[106.4303778,29.8338258],[106.430542,29.8337092],[106.4307564,29.8335569],[106.4304854,29.8332697],[106.430395,29.8331739],[106.4302522,29.8332753],[106.4303426,29.8333711]]]},"properties":{"kind":"building","name":"","highway":"","source_url":"https://www.openstreetmap.org/way/941851552"}},{"type":"Feature","geometry":{"type":"Polygon","coordinates":[[[106.4306216,29.8329674],[106.4304563,29.8330848],[106.4307022,29.8333453],[106.4308674,29.8332279],[106.4306216,29.8329674]]]},"properties":{"kind":"building","name":"","highway":"","source_url":"https://www.openstreetmap.org/way/941851553"}},{"type":"Feature","geometry":{"type":"Polygon","coordinates":[[[106.43383,29.8340683],[106.433985,29.8339769],[106.4337686,29.833698],[106.4336135,29.8337895],[106.43383,29.8340683]]]},"properties":{"kind":"building","name":"","highway":"","source_url":"https://www.openstreetmap.org/way/941851555"}},{"type":"Feature","geometry":{"type":"Polygon","coordinates":[[[106.433733,29.8334333],[106.4336006,29.8332528],[106.4334967,29.8333107],[106.4336211,29.8334803],[106.4336712,29.8334523],[106.4338063,29.8336365],[106.4339138,29.8335766],[106.4337867,29.8334034],[106.433733,29.8334333]]]},"properties":{"kind":"building","name":"","highway":"","source_url":"https://www.openstreetmap.org/way/941851556"}},{"type":"Feature","geometry":{"type":"LineString","coordinates":[[106.4312507,29.8317541],[106.4322509,29.8317693],[106.4323331,29.8318525],[106.4323558,29.8318898],[106.4325578,29.8321521],[106.4326259,29.8322609],[106.43267,29.8323666],[106.4327717,29.8324765],[106.4328378,29.8325773],[106.4328981,29.8326993],[106.433129,29.8329162],[106.4331667,29.8329903],[106.4332589,29.8332998],[106.4333055,29.8333617],[106.4334096,29.833446],[106.4336494,29.8335916],[106.4338367,29.8336978],[106.4339824,29.8338743],[106.4340875,29.833987]]},"properties":{"kind":"road","name":"","highway":"service","source_url":"https://www.openstreetmap.org/way/941851557"}},{"type":"Feature","geometry":{"type":"LineString","coordinates":[[106.4305285,29.8311035],[106.4306189,29.8310998],[106.430987,29.8311057],[106.4310707,29.831147],[106.4312346,29.8313786],[106.4312558,29.8314202],[106.4312507,29.8317541],[106.4312422,29.8318503],[106.4311943,29.8319161],[106.4311192,29.8319463],[106.4305839,29.831931],[106.4304897,29.8319336]]},"properties":{"kind":"road","name":"","highway":"service","source_url":"https://www.openstreetmap.org/way/941851558"}},{"type":"Feature","geometry":{"type":"Polygon","coordinates":[[[106.4327691,29.8320943],[106.4327653,29.8320399],[106.4326448,29.8320462],[106.4326617,29.83229],[106.4327779,29.8322838],[106.4327724,29.8322034],[106.4328856,29.8321974],[106.432878,29.8320886],[106.4327691,29.8320943]]]},"properties":{"kind":"building","name":"","highway":"","source_url":"https://www.openstreetmap.org/way/941851559"}},{"type":"Feature","geometry":{"type":"Polygon","coordinates":[[[106.4326573,29.8318171],[106.4326271,29.8317697],[106.4325191,29.8318219],[106.4326337,29.832002],[106.4327402,29.8319506],[106.4327173,29.8319146],[106.4328148,29.8318674],[106.4327533,29.8317707],[106.4326573,29.8318171]]]},"properties":{"kind":"building","name":"","highway":"","source_url":"https://www.openstreetmap.org/way/941851560"}},{"type":"Feature","geometry":{"type":"Polygon","coordinates":[[[106.4323999,29.8315535],[106.4323239,29.831508],[106.4322451,29.831607],[106.4324704,29.831742],[106.4325492,29.831643],[106.4325226,29.831627],[106.4325857,29.8315477],[106.432463,29.8314742],[106.4323999,29.8315535]]]},"properties":{"kind":"building","name":"","highway":"","source_url":"https://www.openstreetmap.org/way/941851561"}},{"type":"Feature","geometry":{"type":"Polygon","coordinates":[[[106.4313455,29.8314557],[106.4313437,29.8316824],[106.4321434,29.8316872],[106.4321452,29.8314605],[106.4313455,29.8314557]]]},"properties":{"kind":"building","name":"","highway":"","source_url":"https://www.openstreetmap.org/way/941851562"}},{"type":"Feature","geometry":{"type":"Polygon","coordinates":[[[106.431317,29.8320049],[106.4317623,29.8320049],[106.431832,29.8320422],[106.432296,29.8320491],[106.4323012,29.8317914],[106.4318372,29.8317844],[106.4318342,29.8319351],[106.4317623,29.8319072],[106.4317623,29.8317769],[106.431317,29.8317769],[106.431317,29.8320049]]]},"properties":{"kind":"building","name":"","highway":"","source_url":"https://www.openstreetmap.org/way/941851563"}},{"type":"Feature","geometry":{"type":"Polygon","coordinates":[[[106.4308878,29.8305354],[106.43089,29.8304463],[106.4307667,29.830444],[106.4307645,29.8305332],[106.4307055,29.8305321],[106.4306976,29.8308536],[106.4306948,29.8310207],[106.4310569,29.8310253],[106.4310597,29.8308583],[106.430928,29.8308566],[106.4309359,29.8305363],[106.4308878,29.8305354]]]},"properties":{"kind":"building","name":"","highway":"","source_url":"https://www.openstreetmap.org/way/941851564"}},{"type":"Feature","geometry":{"type":"Polygon","coordinates":[[[106.4310833,29.8313904],[106.4310882,29.831223],[106.4310447,29.831222],[106.4310473,29.8311315],[106.430678,29.8311234],[106.4306753,29.8312139],[106.4306503,29.8312134],[106.4306313,29.8318623],[106.4310692,29.8318719],[106.4310736,29.8317201],[106.4312058,29.831723],[106.4312154,29.8313933],[106.4310833,29.8313904]]]},"properties":{"kind":"building","name":"","highway":"","source_url":"https://www.openstreetmap.org/way/941851565"}},{"type":"Feature","geometry":{"type":"Polygon","coordinates":[[[106.4306156,29.8323097],[106.430813,29.8323107],[106.4308136,29.8322264],[106.4308617,29.8322266],[106.4308611,29.8323167],[106.4310503,29.8323177],[106.4310509,29.8322276],[106.4310511,29.8321969],[106.4310515,29.8321457],[106.4311695,29.8321463],[106.4311708,29.8319537],[106.430963,29.8319527],[106.4309616,29.8321452],[106.4308142,29.8321445],[106.4308156,29.8319429],[106.4306182,29.8319419],[106.4306156,29.8323097]]]},"properties":{"kind":"building","name":"","highway":"","source_url":"https://www.openstreetmap.org/way/941851566"}},{"type":"Feature","geometry":{"type":"LineString","coordinates":[[106.433422,29.8365552],[106.4334708,29.8363553],[106.433491,29.8363059],[106.43356,29.8362559],[106.4336559,29.8362407],[106.4338101,29.8362989],[106.4338738,29.8363443],[106.4339355,29.8363844],[106.4340033,29.8364443],[106.4340556,29.8364502],[106.4346302,29.8366794],[106.4347127,29.8367299],[106.4349138,29.8367648],[106.4351311,29.8368288],[106.4352921,29.8366956],[106.4353403,29.8365956],[106.4354905,29.8363222]]},"properties":{"kind":"road","name":"","highway":"footway","source_url":"https://www.openstreetmap.org/way/941851577"}},{"type":"Feature","geometry":{"type":"Polygon","coordinates":[[[106.4356981,29.8350956],[106.4356944,29.8349164],[106.4355577,29.834674],[106.4353696,29.8345291],[106.435167,29.8345246],[106.4351423,29.8350542],[106.4351891,29.8351015],[106.4356981,29.8350956]]]},"properties":{"kind":"building","name":"","highway":"","source_url":"https://www.openstreetmap.org/way/941851585"}},{"type":"Feature","geometry":{"type":"Polygon","coordinates":[[[106.4362552,29.8336396],[106.4364477,29.8335587],[106.4362397,29.8331826],[106.4360621,29.8332573],[106.4361467,29.8334103],[106.4357844,29.8335627],[106.4358017,29.833594],[106.4356898,29.833641],[106.4356958,29.8336519],[106.4356587,29.8336674],[106.4356684,29.8336849],[106.4355999,29.8337137],[106.4356321,29.8337719],[106.435578,29.8337947],[106.4355629,29.8337674],[106.4354873,29.8337992],[106.4355032,29.8338279],[106.4354362,29.833856],[106.4354936,29.8339598],[106.4362552,29.8336396]]]},"properties":{"kind":"building","name":"","highway":"","source_url":"https://www.openstreetmap.org/way/941851587"}},{"type":"Feature","geometry":{"type":"Polygon","coordinates":[[[106.4358231,29.8291057],[106.4359393,29.8292607],[106.4362156,29.8291048],[106.4360994,29.8289498],[106.4358231,29.8291057]]]},"properties":{"kind":"building","name":"","highway":"","source_url":"https://www.openstreetmap.org/way/941851616"}},{"type":"Feature","geometry":{"type":"Polygon","coordinates":[[[106.4358459,29.8293493],[106.4359345,29.8292965],[106.4357992,29.8291257],[106.4356236,29.8292304],[106.4356878,29.8293114],[106.4355444,29.8293986],[106.43551,29.8294385],[106.4354967,29.8294827],[106.4354959,29.8295309],[106.4355093,29.8295757],[106.435748,29.8298712],[106.4360965,29.8296594],[106.4358578,29.8293639],[106.4358459,29.8293493]]]},"properties":{"kind":"building","name":"","highway":"","source_url":"https://www.openstreetmap.org/way/941851623"}},{"type":"Feature","geometry":{"type":"Polygon","coordinates":[[[106.4361304,29.8299965],[106.4361933,29.8299604],[106.4360966,29.8298323],[106.436112,29.8298235],[106.4360934,29.829799],[106.4361018,29.8297941],[106.4360837,29.8297701],[106.4360202,29.8298066],[106.4360112,29.8297947],[106.4357929,29.82992],[106.4359107,29.8300761],[106.435951,29.830053],[106.4360313,29.8301594],[106.4360698,29.8301373],[106.4361324,29.8302203],[106.4362489,29.8301534],[106.4361304,29.8299965]]]},"properties":{"kind":"building","name":"","highway":"","source_url":"https://www.openstreetmap.org/way/941851624"}},{"type":"Feature","geometry":{"type":"LineString","coordinates":[[106.4130659,29.8200898],[106.4132356,29.8201844],[106.4132517,29.8201934],[106.4132713,29.8202043],[106.4132157,29.8202795],[106.4130102,29.820165],[106.4130659,29.8200898]]},"properties":{"kind":"road","name":"","highway":"footway","source_url":"https://www.openstreetmap.org/way/944518221"}},{"type":"Feature","geometry":{"type":"LineString","coordinates":[[106.4134669,29.819934],[106.4133013,29.8199933],[106.4133105,29.8200172],[106.4133375,29.8200765],[106.4132517,29.8201934]]},"properties":{"kind":"road","name":"","highway":"steps","source_url":"https://www.openstreetmap.org/way/944518222"}},{"type":"Feature","geometry":{"type":"LineString","coordinates":[[106.4134669,29.819934],[106.4135172,29.8199163],[106.4135589,29.819901],[106.4135706,29.8198967]]},"properties":{"kind":"road","name":"","highway":"steps","source_url":"https://www.openstreetmap.org/way/944518223"}},{"type":"Feature","geometry":{"type":"LineString","coordinates":[[106.4131015,29.819635],[106.4131529,29.8195527]]},"properties":{"kind":"road","name":"","highway":"steps","source_url":"https://www.openstreetmap.org/way/944518224"}},{"type":"Feature","geometry":{"type":"LineString","coordinates":[[106.4126891,29.8196894],[106.4131015,29.819635],[106.4131146,29.8196399],[106.4134059,29.819788],[106.4134669,29.819934]]},"properties":{"kind":"road","name":"","highway":"footway","source_url":"https://www.openstreetmap.org/way/944518225"}},{"type":"Feature","geometry":{"type":"LineString","coordinates":[[106.4129412,29.8198735],[106.4131102,29.8200399],[106.4132188,29.8200527],[106.4132899,29.8200248],[106.4133105,29.8200172],[106.4133321,29.8200085],[106.4135219,29.8199381],[106.4135172,29.8199163],[106.4135139,29.8198974],[106.413475,29.8199119],[106.4134186,29.8197793],[106.4131276,29.8196245],[106.4131146,29.8196399],[106.4131048,29.8196513],[106.4131826,29.8196873],[106.413082,29.8198514],[106.4130418,29.81987],[106.4129412,29.8198735]]},"properties":{"kind":"road","name":"","highway":"footway","source_url":"https://www.openstreetmap.org/way/944518226"}},{"type":"Feature","geometry":{"type":"LineString","coordinates":[[106.4112021,29.8192705],[106.4109973,29.8190904],[106.4109904,29.8190967],[106.4109548,29.8191279],[106.4109196,29.819159],[106.4109117,29.8191658],[106.4111143,29.8193453],[106.4112741,29.8194759],[106.4113352,29.8193438],[106.4113252,29.8193077],[106.4113181,29.8192906],[106.4112343,29.8192368],[106.4112021,29.8192705]]},"properties":{"kind":"road","name":"","highway":"footway","source_url":"https://www.openstreetmap.org/way/944518232"}},{"type":"Feature","geometry":{"type":"Polygon","coordinates":[[[106.4109676,29.8190692],[106.4109904,29.8190895],[106.411023,29.8190621],[106.4110001,29.8190417],[106.4109676,29.8190692]]]},"properties":{"kind":"building","name":"","highway":"","source_url":"https://www.openstreetmap.org/way/944518233"}},{"type":"Feature","geometry":{"type":"LineString","coordinates":[[106.4341441,29.8350727],[106.4341663,29.8351386]]},"properties":{"kind":"road","name":"","highway":"footway","source_url":"https://www.openstreetmap.org/way/945464560"}},{"type":"Feature","geometry":{"type":"LineString","coordinates":[[106.4346772,29.8366351],[106.4347442,29.8367247],[106.4347127,29.8367299]]},"properties":{"kind":"road","name":"","highway":"footway","source_url":"https://www.openstreetmap.org/way/945464561"}},{"type":"Feature","geometry":{"type":"LineString","coordinates":[[106.4346322,29.8364205],[106.4346839,29.8364856]]},"properties":{"kind":"road","name":"","highway":"footway","source_url":"https://www.openstreetmap.org/way/945464562"}},{"type":"Feature","geometry":{"type":"LineString","coordinates":[[106.4348079,29.836485],[106.4347114,29.8364129],[106.4346322,29.8364205]]},"properties":{"kind":"road","name":"","highway":"steps","source_url":"https://www.openstreetmap.org/way/945464563"}},{"type":"Feature","geometry":{"type":"LineString","coordinates":[[106.4348803,29.8364827],[106.4348508,29.8365159],[106.4348079,29.836485]]},"properties":{"kind":"road","name":"","highway":"steps","source_url":"https://www.openstreetmap.org/way/945464564"}},{"type":"Feature","geometry":{"type":"LineString","coordinates":[[106.4347623,29.8363222],[106.4348703,29.8364426]]},"properties":{"kind":"road","name":"","highway":"steps","source_url":"https://www.openstreetmap.org/way/945464565"}},{"type":"Feature","geometry":{"type":"LineString","coordinates":[[106.4348703,29.8364426],[106.4348931,29.8364659],[106.4348803,29.8364827]]},"properties":{"kind":"road","name":"","highway":"footway","source_url":"https://www.openstreetmap.org/way/945464566"}},{"type":"Feature","geometry":{"type":"LineString","coordinates":[[106.4346839,29.8364856],[106.4347281,29.8365409],[106.4346859,29.8365636],[106.4346497,29.8365083],[106.4345592,29.8365083],[106.4345491,29.8365583],[106.4346416,29.8366107],[106.4346772,29.8366351]]},"properties":{"kind":"road","name":"","highway":"steps","source_url":"https://www.openstreetmap.org/way/945464567"}},{"type":"Feature","geometry":{"type":"LineString","coordinates":[[106.434934,29.8364647],[106.434871,29.8364205],[106.4347798,29.8363216],[106.4347412,29.8362583],[106.434765,29.8362466],[106.4348032,29.836246],[106.434814,29.8362908],[106.4350607,29.8362768],[106.4351888,29.8364583],[106.4349943,29.8365386],[106.4349447,29.8364583],[106.434934,29.8364647]]},"properties":{"kind":"road","name":"","highway":"footway","source_url":"https://www.openstreetmap.org/way/945464568"}},{"type":"Feature","geometry":{"type":"LineString","coordinates":[[106.4346282,29.8360738],[106.4347342,29.8362093],[106.434765,29.8362466],[106.4347412,29.8362583],[106.4347248,29.8362663],[106.4347623,29.8363222]]},"properties":{"kind":"road","name":"","highway":"footway","source_url":"https://www.openstreetmap.org/way/945464569"}},{"type":"Feature","geometry":{"type":"LineString","coordinates":[[106.4342461,29.8357214],[106.4342522,29.83578],[106.4342554,29.8358138],[106.434276,29.8358414],[106.4343131,29.8358912],[106.4344941,29.8360953],[106.4345424,29.8361134],[106.4346282,29.8360738],[106.4344639,29.8358743],[106.4343982,29.8358539],[106.434276,29.8358414]]},"properties":{"kind":"road","name":"","highway":"footway","source_url":"https://www.openstreetmap.org/way/945464570"}},{"type":"Feature","geometry":{"type":"Polygon","coordinates":[[[106.4299954,29.833871],[106.4298586,29.8339239],[106.4298016,29.8339071],[106.4297238,29.8337389],[106.4297238,29.8336947],[106.429766,29.833661],[106.4298183,29.8336418],[106.4298747,29.8337936],[106.4299411,29.8338239],[106.4299692,29.8338163],[106.4299954,29.833871]]]},"properties":{"kind":"building","name":"","highway":"","source_url":"https://www.openstreetmap.org/way/945464572"}},{"type":"Feature","geometry":{"type":"LineString","coordinates":[[106.4359931,29.8356621],[106.436373,29.8355997],[106.4369496,29.8355032],[106.4370154,29.8354718],[106.4371334,29.8354159],[106.4371581,29.8353963],[106.4380444,29.8348843],[106.4382398,29.8347714],[106.4385095,29.834611],[106.4392725,29.8341572],[106.4400771,29.8336662],[106.4411849,29.8330427]]},"properties":{"kind":"road","name":"","highway":"footway","source_url":"https://www.openstreetmap.org/way/945464576"}},{"type":"Feature","geometry":{"type":"LineString","coordinates":[[106.4356922,29.8355954],[106.4358808,29.835509],[106.436023,29.8354439],[106.4361732,29.8354055],[106.4368612,29.8352566],[106.4371348,29.8352182]]},"properties":{"kind":"road","name":"","highway":"footway","source_url":"https://www.openstreetmap.org/way/945464577"}},{"type":"Feature","geometry":{"type":"LineString","coordinates":[[106.4356045,29.8358115],[106.4356922,29.8355954],[106.4357747,29.8353423],[106.4359648,29.8352861],[106.4362863,29.8351978],[106.4368643,29.8350762],[106.4370405,29.8350335],[106.4373219,29.8349235],[106.4374177,29.8348766],[106.437668,29.8347227],[106.4377637,29.834676],[106.4381459,29.8344631],[106.4383641,29.8344076]]},"properties":{"kind":"road","name":"","highway":"footway","source_url":"https://www.openstreetmap.org/way/945464578"}},{"type":"Feature","geometry":{"type":"LineString","coordinates":[[106.4359648,29.8352861],[106.4358808,29.835509],[106.4358115,29.8357268]]},"properties":{"kind":"road","name":"","highway":"steps","source_url":"https://www.openstreetmap.org/way/945464579"}},{"type":"Feature","geometry":{"type":"LineString","coordinates":[[106.4354905,29.8363222],[106.4353819,29.8361174]]},"properties":{"kind":"road","name":"","highway":"steps","source_url":"https://www.openstreetmap.org/way/945464580"}},{"type":"Feature","geometry":{"type":"LineString","coordinates":[[106.4353819,29.8361174],[106.4354396,29.8360092],[106.4355308,29.8359534],[106.4355711,29.8358696],[106.4356045,29.8358115]]},"properties":{"kind":"road","name":"","highway":"footway","source_url":"https://www.openstreetmap.org/way/945464581"}},{"type":"Feature","geometry":{"type":"Polygon","coordinates":[[[106.4289446,29.8376495],[106.4286737,29.8373913],[106.4285609,29.8374803],[106.4288318,29.8377386],[106.4289446,29.8376495]]]},"properties":{"kind":"building","name":"勤朴楼","highway":"","source_url":"https://www.openstreetmap.org/way/945464582"}},{"type":"Feature","geometry":{"type":"Polygon","coordinates":[[[106.4289272,29.8360058],[106.4287562,29.8358685],[106.4287068,29.8359148],[106.4288778,29.8360521],[106.4289272,29.8360058]]]},"properties":{"kind":"building","name":"","highway":"","source_url":"https://www.openstreetmap.org/way/945464583"}},{"type":"Feature","geometry":{"type":"Polygon","coordinates":[[[106.4288863,29.8362122],[106.4288294,29.8363043],[106.4290848,29.8364231],[106.4291417,29.836331],[106.4288863,29.8362122]]]},"properties":{"kind":"building","name":"","highway":"","source_url":"https://www.openstreetmap.org/way/945464584"}},{"type":"Feature","geometry":{"type":"LineString","coordinates":[[106.4287714,29.8363681],[106.4290204,29.8364839],[106.4291545,29.8365548],[106.429188,29.8366561]]},"properties":{"kind":"road","name":"","highway":"service","source_url":"https://www.openstreetmap.org/way/945464585"}},{"type":"Feature","geometry":{"type":"Polygon","coordinates":[[[106.4289325,29.8339827],[106.4290008,29.8340438],[106.4291517,29.833917],[106.4290834,29.8338559],[106.4289325,29.8339827]]]},"properties":{"kind":"building","name":"","highway":"","source_url":"https://www.openstreetmap.org/way/945464587"}},{"type":"Feature","geometry":{"type":"LineString","coordinates":[[106.4300213,29.834515],[106.4301965,29.834455]]},"properties":{"kind":"road","name":"","highway":"service","source_url":"https://www.openstreetmap.org/way/945464588"}},{"type":"Feature","geometry":{"type":"LineString","coordinates":[[106.4298514,29.834147],[106.4300349,29.834085]]},"properties":{"kind":"road","name":"","highway":"service","source_url":"https://www.openstreetmap.org/way/945464589"}},{"type":"Feature","geometry":{"type":"LineString","coordinates":[[106.4305998,29.8348099],[106.4303105,29.8348063],[106.4301932,29.8347947],[106.4301255,29.8347406],[106.4300213,29.834515],[106.4298514,29.834147],[106.4296567,29.8337256],[106.4295951,29.8337011],[106.429528,29.8337174],[106.4294301,29.8337861],[106.4293362,29.8338349]]},"properties":{"kind":"road","name":"","highway":"service","source_url":"https://www.openstreetmap.org/way/945464590"}},{"type":"Feature","geometry":{"type":"Polygon","coordinates":[[[106.4293409,29.8340356],[106.4294804,29.8339871],[106.4294912,29.834012],[106.4293503,29.8340554],[106.4294087,29.8341982],[106.4297433,29.8340952],[106.4296849,29.8339524],[106.4295655,29.8339892],[106.4295535,29.8339617],[106.4296688,29.8339216],[106.4296035,29.8337802],[106.4292756,29.8338942],[106.4293409,29.8340356]]]},"properties":{"kind":"building","name":"","highway":"","source_url":"https://www.openstreetmap.org/way/945464591"}},{"type":"Feature","geometry":{"type":"Polygon","coordinates":[[[106.4299169,29.8346853],[106.4299344,29.8347319],[106.4300087,29.8347083],[106.4299357,29.8345353],[106.4297909,29.8341921],[106.42969,29.8342241],[106.4296473,29.8342377],[106.4295756,29.8342604],[106.429642,29.8344178],[106.4297137,29.834395],[106.4297922,29.8345809],[106.4299169,29.8346853]]]},"properties":{"kind":"building","name":"","highway":"","source_url":"https://www.openstreetmap.org/way/945464592"}},{"type":"Feature","geometry":{"type":"Polygon","coordinates":[[[106.4303099,29.8344445],[106.4301056,29.8345087],[106.4302215,29.8347866],[106.4303042,29.8347606],[106.4303682,29.8347406],[106.4303895,29.8347863],[106.4304446,29.8347679],[106.4304257,29.8347225],[106.4304258,29.8347224],[106.4303099,29.8344445]]]},"properties":{"kind":"building","name":"","highway":"","source_url":"https://www.openstreetmap.org/way/945464593"}},{"type":"Feature","geometry":{"type":"Polygon","coordinates":[[[106.4301302,29.8340304],[106.4300678,29.8338815],[106.4298666,29.8339484],[106.4299303,29.8340938],[106.4301302,29.8340304]]]},"properties":{"kind":"building","name":"","highway":"","source_url":"https://www.openstreetmap.org/way/945464594"}},{"type":"Feature","geometry":{"type":"Polygon","coordinates":[[[106.4302864,29.8343974],[106.4301503,29.8340775],[106.4299464,29.8341428],[106.4300825,29.8344627],[106.4302864,29.8343974]]]},"properties":{"kind":"building","name":"","highway":"","source_url":"https://www.openstreetmap.org/way/945464595"}},{"type":"Feature","geometry":{"type":"LineString","coordinates":[[106.4294423,29.8360862],[106.4293899,29.8361663],[106.4293282,29.836285],[106.4293268,29.8364501],[106.4293577,29.8366433],[106.4293805,29.8367608],[106.4293483,29.8368538],[106.4292692,29.8369306],[106.4291625,29.8369713],[106.4290935,29.8369562],[106.4289097,29.8368585],[106.4287904,29.836777],[106.4287542,29.8366944],[106.4287193,29.8365804],[106.4287354,29.8364769],[106.4287596,29.8364036],[106.4287714,29.8363681],[106.4287823,29.836335],[106.4287904,29.8362873],[106.4287367,29.8362047],[106.4287274,29.8361558],[106.4287515,29.8361186],[106.4285181,29.8359192],[106.4280891,29.8358639],[106.4275225,29.8362926],[106.4270705,29.8366347]]},"properties":{"kind":"road","name":"致远路","highway":"steps","source_url":"https://www.openstreetmap.org/way/945464596"}},{"type":"Feature","geometry":{"type":"Polygon","coordinates":[[[106.4293476,29.8360923],[106.4291754,29.8360416],[106.429148,29.8361123],[106.4293202,29.8361631],[106.4293476,29.8360923]]]},"properties":{"kind":"building","name":"","highway":"","source_url":"https://www.openstreetmap.org/way/945464597"}},{"type":"Feature","geometry":{"type":"Polygon","coordinates":[[[106.4290801,29.8366002],[106.4288313,29.836474],[106.4287719,29.8365621],[106.4290206,29.8366884],[106.4290801,29.8366002]]]},"properties":{"kind":"building","name":"","highway":"","source_url":"https://www.openstreetmap.org/way/945464598"}},{"type":"Feature","geometry":{"type":"Polygon","coordinates":[[[106.4292477,29.8367381],[106.429072,29.836652],[106.4290017,29.8367599],[106.4291774,29.836846],[106.4292477,29.8367381]]]},"properties":{"kind":"building","name":"","highway":"","source_url":"https://www.openstreetmap.org/way/945464599"}},{"type":"Feature","geometry":{"type":"Polygon","coordinates":[[[106.429627,29.837066],[106.4298732,29.8372924],[106.4300537,29.8371447],[106.4296476,29.8367713],[106.4294671,29.836919],[106.4291346,29.837221],[106.4292935,29.8373579],[106.429627,29.837066]]]},"properties":{"kind":"building","name":"格致楼","highway":"","source_url":"https://www.openstreetmap.org/way/945464601"}},{"type":"Feature","geometry":{"type":"Polygon","coordinates":[[[106.4299048,29.8367177],[106.430279,29.8369376],[106.4304048,29.8367766],[106.4300306,29.8365567],[106.4299048,29.8367177]]]},"properties":{"kind":"building","name":"临风楼","highway":"","source_url":"https://www.openstreetmap.org/way/945464602"}},{"type":"Feature","geometry":{"type":"Polygon","coordinates":[[[106.4294931,29.8362454],[106.4293681,29.8364078],[106.4297778,29.8366451],[106.4299028,29.8364827],[106.4294931,29.8362454]]]},"properties":{"kind":"building","name":"毓秀楼","highway":"","source_url":"https://www.openstreetmap.org/way/945464603"}},{"type":"Feature","geometry":{"type":"LineString","coordinates":[[106.431997,29.8369225],[106.431826,29.8369888],[106.4316966,29.8370388]]},"properties":{"kind":"road","name":"","highway":"construction","source_url":"https://www.openstreetmap.org/way/945464606"}},{"type":"Feature","geometry":{"type":"LineString","coordinates":[[106.4336157,29.8366549],[106.4332898,29.8367666],[106.4332509,29.836898],[106.4330833,29.8370109],[106.4329626,29.8370551],[106.4327922,29.8371505],[106.4324757,29.8371993],[106.4323738,29.8371656],[106.4322746,29.8371074],[106.4321794,29.8370493],[106.431997,29.8369225]]},"properties":{"kind":"road","name":"","highway":"footway","source_url":"https://www.openstreetmap.org/way/945464608"}},{"type":"Feature","geometry":{"type":"LineString","coordinates":[[106.4342607,29.8368341],[106.434073,29.8368201],[106.4339751,29.8368341],[106.4339013,29.8368341],[106.4338692,29.836855],[106.4338075,29.8368515],[106.4337364,29.8367945],[106.4336499,29.8367055]]},"properties":{"kind":"road","name":"","highway":"footway","source_url":"https://www.openstreetmap.org/way/945464609"}},{"type":"Feature","geometry":{"type":"Polygon","coordinates":[[[106.4321103,29.8352019],[106.4321562,29.8352471],[106.4321816,29.8352276],[106.4323998,29.8354427],[106.4323771,29.8354598],[106.43242,29.8355028],[106.4324431,29.8354855],[106.4324441,29.8354864],[106.4325408,29.8354125],[106.4325406,29.8354123],[106.4325924,29.8353735],[106.4325495,29.8353304],[106.4324973,29.8353696],[106.432432,29.8353068],[106.4324483,29.8352944],[106.4323544,29.8352025],[106.4323372,29.8352156],[106.4322784,29.8351538],[106.4323292,29.8351151],[106.4322833,29.8350698],[106.4321103,29.8352019]]]},"properties":{"kind":"building","name":"","highway":"","source_url":"https://www.openstreetmap.org/way/945464610"}},{"type":"Feature","geometry":{"type":"Polygon","coordinates":[[[106.4322691,29.8353748],[106.4322657,29.8353879],[106.4322552,29.8353978],[106.4322404,29.8354019],[106.4322253,29.8353989],[106.4322138,29.8353898],[106.4322092,29.835377],[106.4322126,29.8353638],[106.4322231,29.8353539],[106.4322379,29.8353499],[106.4322531,29.8353528],[106.4322645,29.8353619],[106.4322691,29.8353748]]]},"properties":{"kind":"water","name":"","highway":"","source_url":"https://www.openstreetmap.org/way/945464611"}},{"type":"Feature","geometry":{"type":"LineString","coordinates":[[106.4322625,29.8354031],[106.4322722,29.835393],[106.4322759,29.8353819],[106.4322769,29.8353717],[106.4322722,29.8353595],[106.4322615,29.8353485],[106.4322447,29.8353444],[106.4322286,29.835345],[106.4322179,29.8353476],[106.4322105,29.8353537]]},"properties":{"kind":"road","name":"","highway":"footway","source_url":"https://www.openstreetmap.org/way/945464612"}},{"type":"Feature","geometry":{"type":"LineString","coordinates":[[106.4325045,29.835174],[106.4324603,29.8352083]]},"properties":{"kind":"road","name":"","highway":"steps","source_url":"https://www.openstreetmap.org/way/945464613"}},{"type":"Feature","geometry":{"type":"LineString","coordinates":[[106.4324603,29.8352083],[106.432636,29.8353793],[106.4324382,29.8355334],[106.4323792,29.8355253],[106.4322625,29.8354031],[106.4322494,29.8354092],[106.4322317,29.8354092],[106.4322092,29.8353999],[106.4322018,29.835386],[106.4322025,29.8353671],[106.4322105,29.8353537],[106.4320848,29.8352257],[106.4320794,29.83521],[106.4320801,29.8351908],[106.4320929,29.8351716],[106.4322786,29.8350338],[106.4324603,29.8352083]]},"properties":{"kind":"road","name":"","highway":"footway","source_url":"https://www.openstreetmap.org/way/945464614"}},{"type":"Feature","geometry":{"type":"LineString","coordinates":[[106.4324818,29.8350454],[106.4324818,29.835153]]},"properties":{"kind":"road","name":"","highway":"steps","source_url":"https://www.openstreetmap.org/way/945464615"}},{"type":"Feature","geometry":{"type":"LineString","coordinates":[[106.4326541,29.8352286],[106.4325314,29.835199],[106.4325045,29.835174],[106.4324818,29.835153]]},"properties":{"kind":"road","name":"","highway":"footway","source_url":"https://www.openstreetmap.org/way/945464616"}},{"type":"Feature","geometry":{"type":"LineString","coordinates":[[106.4327131,29.8350786],[106.4327607,29.8351635],[106.4326541,29.8352286],[106.4324818,29.8350454]]},"properties":{"kind":"road","name":"","highway":"footway","source_url":"https://www.openstreetmap.org/way/945464617"}},{"type":"Feature","geometry":{"type":"LineString","coordinates":[[106.4326964,29.8350565],[106.4326843,29.835039]]},"properties":{"kind":"road","name":"","highway":"footway","source_url":"https://www.openstreetmap.org/way/945464618"}},{"type":"Feature","geometry":{"type":"LineString","coordinates":[[106.4326843,29.835039],[106.4326045,29.834971],[106.4324818,29.8350454]]},"properties":{"kind":"road","name":"","highway":"steps","source_url":"https://www.openstreetmap.org/way/945464619"}},{"type":"Feature","geometry":{"type":"LineString","coordinates":[[106.4327285,29.8350378],[106.4326964,29.8350565],[106.4327131,29.8350786]]},"properties":{"kind":"road","name":"","highway":"footway","source_url":"https://www.openstreetmap.org/way/945464620"}},{"type":"Feature","geometry":{"type":"LineString","coordinates":[[106.4328016,29.8351158],[106.4327285,29.8350378]]},"properties":{"kind":"road","name":"","highway":"steps","source_url":"https://www.openstreetmap.org/way/945464621"}},{"type":"Feature","geometry":{"type":"LineString","coordinates":[[106.4326615,29.8349599],[106.4327285,29.8350378]]},"properties":{"kind":"road","name":"","highway":"steps","source_url":"https://www.openstreetmap.org/way/945464622"}},{"type":"Feature","geometry":{"type":"LineString","coordinates":[[106.4327056,29.8349158],[106.4326615,29.8349599]]},"properties":{"kind":"road","name":"","highway":"footway","source_url":"https://www.openstreetmap.org/way/945464623"}},{"type":"Feature","geometry":{"type":"LineString","coordinates":[[106.4328718,29.8350672],[106.4328016,29.8351158]]},"properties":{"kind":"road","name":"","highway":"footway","source_url":"https://www.openstreetmap.org/way/945464624"}},{"type":"Feature","geometry":{"type":"LineString","coordinates":[[106.4335922,29.8366153],[106.4336157,29.8366549],[106.4336499,29.8367055]]},"properties":{"kind":"road","name":"","highway":"footway","source_url":"https://www.openstreetmap.org/way/945464627"}},{"type":"Feature","geometry":{"type":"LineString","coordinates":[[106.433495,29.8365647],[106.4335687,29.8365967],[106.4335922,29.8366153]]},"properties":{"kind":"road","name":"","highway":"footway","source_url":"https://www.openstreetmap.org/way/945464628"}},{"type":"Feature","geometry":{"type":"LineString","coordinates":[[106.4332006,29.8361762],[106.4331657,29.8362786],[106.4331657,29.8362995],[106.4331785,29.8363612]]},"properties":{"kind":"road","name":"","highway":"footway","source_url":"https://www.openstreetmap.org/way/945464629"}},{"type":"Feature","geometry":{"type":"LineString","coordinates":[[106.4332449,29.8360232],[106.4332006,29.8361762]]},"properties":{"kind":"road","name":"","highway":"steps","source_url":"https://www.openstreetmap.org/way/945464630"}},{"type":"Feature","geometry":{"type":"LineString","coordinates":[[106.4332791,29.8358376],[106.4332449,29.8358731]]},"properties":{"kind":"road","name":"","highway":"footway","source_url":"https://www.openstreetmap.org/way/945464631"}},{"type":"Feature","geometry":{"type":"LineString","coordinates":[[106.4333052,29.8358138],[106.4332791,29.8358376]]},"properties":{"kind":"road","name":"","highway":"steps","source_url":"https://www.openstreetmap.org/way/945464632"}},{"type":"Feature","geometry":{"type":"LineString","coordinates":[[106.4331785,29.8363612],[106.4332274,29.8363838],[106.4332154,29.8364088],[106.433212,29.8364246],[106.4332462,29.8365083],[106.433275,29.8365252],[106.433385,29.8365485],[106.433422,29.8365552],[106.4334487,29.8365578],[106.433495,29.8365647]]},"properties":{"kind":"road","name":"","highway":"steps","source_url":"https://www.openstreetmap.org/way/945464633"}},{"type":"Feature","geometry":{"type":"LineString","coordinates":[[106.4332449,29.8358731],[106.4331859,29.8360017],[106.4331993,29.8360337],[106.4332449,29.8360232]]},"properties":{"kind":"road","name":"","highway":"footway","source_url":"https://www.openstreetmap.org/way/945464634"}},{"type":"Feature","geometry":{"type":"LineString","coordinates":[[106.4335687,29.8357731],[106.4336016,29.8357172],[106.4336633,29.8357353]]},"properties":{"kind":"road","name":"","highway":"footway","source_url":"https://www.openstreetmap.org/way/945464635"}},{"type":"Feature","geometry":{"type":"LineString","coordinates":[[106.4334313,29.8357068],[106.4334782,29.8357417],[106.4335687,29.8357731]]},"properties":{"kind":"road","name":"","highway":"steps","source_url":"https://www.openstreetmap.org/way/945464636"}},{"type":"Feature","geometry":{"type":"LineString","coordinates":[[106.4336251,29.835536],[106.4335493,29.8356067],[106.4334313,29.8357068],[106.4333052,29.8358138]]},"properties":{"kind":"road","name":"","highway":"footway","source_url":"https://www.openstreetmap.org/way/945464637"}},{"type":"Feature","geometry":{"type":"LineString","coordinates":[[106.433745,29.8356036],[106.4337165,29.8356471],[106.4336633,29.8357353]]},"properties":{"kind":"road","name":"","highway":"service","source_url":"https://www.openstreetmap.org/way/945464638"}},{"type":"Feature","geometry":{"type":"Polygon","coordinates":[[[106.4334822,29.8358964],[106.4334996,29.8358785],[106.433523,29.8358669],[106.4335496,29.8358628],[106.4335762,29.835867],[106.4335995,29.8358787],[106.4336168,29.8358967],[106.433626,29.8359187],[106.4336259,29.8359421],[106.4336166,29.8359641],[106.4335992,29.835982],[106.4335758,29.8359936],[106.4335492,29.8359976],[106.4335227,29.8359935],[106.4334993,29.8359818],[106.4334821,29.8359638],[106.4334729,29.8359418],[106.433473,29.8359184],[106.4334822,29.8358964]]]},"properties":{"kind":"building","name":"","highway":"","source_url":"https://www.openstreetmap.org/way/945464639"}},{"type":"Feature","geometry":{"type":"LineString","coordinates":[[106.4323892,29.8335703],[106.4327626,29.8337584]]},"properties":{"kind":"road","name":"","highway":"footway","source_url":"https://www.openstreetmap.org/way/945464640"}},{"type":"Feature","geometry":{"type":"LineString","coordinates":[[106.43339,29.8339184],[106.4329772,29.8341215]]},"properties":{"kind":"road","name":"","highway":"footway","source_url":"https://www.openstreetmap.org/way/945464641"}},{"type":"Feature","geometry":{"type":"LineString","coordinates":[[106.4340435,29.834911],[106.4341441,29.8350727]]},"properties":{"kind":"road","name":"","highway":"steps","source_url":"https://www.openstreetmap.org/way/945464642"}},{"type":"Feature","geometry":{"type":"LineString","coordinates":[[106.4339525,29.8348883],[106.4338329,29.8350553]]},"properties":{"kind":"road","name":"","highway":"steps","source_url":"https://www.openstreetmap.org/way/945464643"}},{"type":"Feature","geometry":{"type":"LineString","coordinates":[[106.433721,29.8343992],[106.4337612,29.8345225],[106.4337961,29.8345614],[106.4338048,29.8346016],[106.4338215,29.8346179],[106.4338765,29.8346411],[106.4338846,29.8346603],[106.4338987,29.8347057],[106.4339241,29.834736],[106.4339597,29.8347656]]},"properties":{"kind":"road","name":"","highway":"footway","source_url":"https://www.openstreetmap.org/way/945464644"}},{"type":"Feature","geometry":{"type":"LineString","coordinates":[[106.4339597,29.8347656],[106.4339952,29.8347755],[106.434012,29.8347761],[106.4340334,29.8347813],[106.4340462,29.8347935],[106.4340515,29.8348151],[106.4340448,29.8348377],[106.4340375,29.8348441],[106.4340951,29.834886],[106.4340676,29.8349011],[106.4340435,29.834911],[106.4340234,29.8349169],[106.4339979,29.8349145],[106.4339751,29.8349052],[106.4339597,29.8348936],[106.4339525,29.8348883],[106.4339463,29.8348837],[106.4339302,29.8348628],[106.4339228,29.8348395],[106.4339221,29.8348209],[106.4339315,29.8347924],[106.4339597,29.8347656]]},"properties":{"kind":"road","name":"","highway":"footway","source_url":"https://www.openstreetmap.org/way/945464645"}},{"type":"Feature","geometry":{"type":"LineString","coordinates":[[106.4335473,29.8345726],[106.4337612,29.8345225]]},"properties":{"kind":"road","name":"","highway":"steps","source_url":"https://www.openstreetmap.org/way/945464646"}},{"type":"Feature","geometry":{"type":"LineString","coordinates":[[106.4327493,29.833814],[106.4326407,29.8338681],[106.4325918,29.8339047],[106.4325757,29.8339617],[106.4325958,29.8340112],[106.432638,29.8340344],[106.4326943,29.8340391],[106.4327654,29.8340059],[106.4328184,29.8339773]]},"properties":{"kind":"road","name":"","highway":"service","source_url":"https://www.openstreetmap.org/way/945464648"}},{"type":"Feature","geometry":{"type":"Polygon","coordinates":[[[106.4337136,29.8357167],[106.4336817,29.8357755],[106.43371,29.8357871],[106.4337016,29.8358026],[106.4336653,29.8357878],[106.4336341,29.8358455],[106.4337866,29.8359076],[106.4338179,29.8358499],[106.4337804,29.8358346],[106.4337888,29.8358191],[106.4338232,29.8358331],[106.4338551,29.8357742],[106.4337136,29.8357167]]]},"properties":{"kind":"building","name":"","highway":"","source_url":"https://www.openstreetmap.org/way/945464649"}},{"type":"Feature","geometry":{"type":"Polygon","coordinates":[[[106.4351548,29.83636],[106.4351982,29.8363484],[106.4351358,29.8361733],[106.4350873,29.8361863],[106.4351217,29.8362831],[106.4351079,29.8362868],[106.435136,29.8363651],[106.4351548,29.83636]]]},"properties":{"kind":"building","name":"","highway":"","source_url":"https://www.openstreetmap.org/way/945464650"}},{"type":"Feature","geometry":{"type":"Polygon","coordinates":[[[106.4349432,29.835997],[106.4347375,29.836011],[106.434754,29.8361869],[106.4348168,29.8361861],[106.434824,29.8362681],[106.4349723,29.8362599],[106.4349679,29.8361941],[106.4350287,29.8361906],[106.4350383,29.8361478],[106.4350304,29.8360719],[106.4350453,29.8360709],[106.4350423,29.836038],[106.435054,29.8360372],[106.4350462,29.835955],[106.4350319,29.8359074],[106.4349521,29.835917],[106.4349611,29.8359418],[106.4349343,29.8359423],[106.43493,29.8359704],[106.4349407,29.8359691],[106.4349432,29.835997]]]},"properties":{"kind":"building","name":"","highway":"","source_url":"https://www.openstreetmap.org/way/945464651"}},{"type":"Feature","geometry":{"type":"Polygon","coordinates":[[[106.4343694,29.8361957],[106.4344459,29.8362969],[106.4345781,29.8362217],[106.4346113,29.8362657],[106.4347136,29.8362074],[106.4346412,29.8361117],[106.4345398,29.8361694],[106.4345025,29.83612],[106.4343694,29.8361957]]]},"properties":{"kind":"building","name":"","highway":"","source_url":"https://www.openstreetmap.org/way/945464652"}},{"type":"Feature","geometry":{"type":"Polygon","coordinates":[[[106.4343337,29.8360449],[106.4342808,29.8359744],[106.4341756,29.8360339],[106.434284,29.8361781],[106.4343801,29.8361238],[106.4344255,29.8360981],[106.43437,29.8360243],[106.4343337,29.8360449]]]},"properties":{"kind":"building","name":"","highway":"","source_url":"https://www.openstreetmap.org/way/945464653"}},{"type":"Feature","geometry":{"type":"Polygon","coordinates":[[[106.4316056,29.8343555],[106.4315212,29.8344125],[106.4316288,29.8345324],[106.4318957,29.834352],[106.4317881,29.8342322],[106.4317418,29.8342635],[106.4314361,29.8339384],[106.4313043,29.8340304],[106.4316056,29.8343555]]]},"properties":{"kind":"building","name":"","highway":"","source_url":"https://www.openstreetmap.org/way/945464654"}},{"type":"Feature","geometry":{"type":"LineString","coordinates":[[106.433091,29.8257563],[106.4340833,29.825445]]},"properties":{"kind":"road","name":"","highway":"residential","source_url":"https://www.openstreetmap.org/way/952110176"}},{"type":"Feature","geometry":{"type":"LineString","coordinates":[[106.4351734,29.8343544],[106.435424,29.8344819],[106.4354995,29.8345272],[106.4356295,29.8346228]]},"properties":{"kind":"road","name":"","highway":"residential","source_url":"https://www.openstreetmap.org/way/952110181"}},{"type":"Feature","geometry":{"type":"LineString","coordinates":[[106.433593,29.8311366],[106.43445,29.8304327],[106.4344899,29.8304009]]},"properties":{"kind":"road","name":"","highway":"residential","source_url":"https://www.openstreetmap.org/way/952110184"}},{"type":"Feature","geometry":{"type":"LineString","coordinates":[[106.4337956,29.821022],[106.4333262,29.8212279],[106.4332359,29.8212719]]},"properties":{"kind":"road","name":"","highway":"footway","source_url":"https://www.openstreetmap.org/way/973873471"}},{"type":"Feature","geometry":{"type":"LineString","coordinates":[[106.435004,29.8232438],[106.434809,29.823005]]},"properties":{"kind":"road","name":"","highway":"footway","source_url":"https://www.openstreetmap.org/way/973873472"}},{"type":"Feature","geometry":{"type":"LineString","coordinates":[[106.4314726,29.828766],[106.4317095,29.8287571],[106.4318481,29.8287148],[106.4319766,29.8286994]]},"properties":{"kind":"road","name":"","highway":"footway","source_url":"https://www.openstreetmap.org/way/973873473"}},{"type":"Feature","geometry":{"type":"LineString","coordinates":[[106.4321338,29.8286764],[106.4325866,29.8286291],[106.4326725,29.828692],[106.4327181,29.8286905],[106.4327348,29.8286906],[106.4327959,29.8286878]]},"properties":{"kind":"road","name":"","highway":"footway","source_url":"https://www.openstreetmap.org/way/973873474"}},{"type":"Feature","geometry":{"type":"LineString","coordinates":[[106.4249579,29.8240885],[106.4248709,29.824014],[106.4247761,29.8240287],[106.4247296,29.8240765],[106.4246738,29.8243444],[106.4246189,29.8245738]]},"properties":{"kind":"road","name":"","highway":"service","source_url":"https://www.openstreetmap.org/way/973994912"}},{"type":"Feature","geometry":{"type":"LineString","coordinates":[[106.416433,29.831069],[106.4165349,29.8308153],[106.4165725,29.8302756],[106.4166798,29.8300942],[106.4168192,29.82995],[106.4171196,29.8296104],[106.4175218,29.8292009],[106.4175004,29.8290986],[106.4166529,29.8283961],[106.4165671,29.8283123],[106.4165242,29.8282937],[106.4164867,29.8282519],[106.4161112,29.8279774],[106.4159396,29.8278285],[106.4153335,29.8273028]]},"properties":{"kind":"road","name":"","highway":"residential","source_url":"https://www.openstreetmap.org/way/987547845"}},{"type":"Feature","geometry":{"type":"LineString","coordinates":[[106.4216281,29.8256779],[106.4215173,29.8260124],[106.421275,29.8264244],[106.42189,29.8266994],[106.4226434,29.8270362],[106.4225033,29.8272659],[106.4223911,29.8274498],[106.4228153,29.8276533]]},"properties":{"kind":"road","name":"","highway":"service","source_url":"https://www.openstreetmap.org/way/997193620"}},{"type":"Feature","geometry":{"type":"LineString","coordinates":[[106.42189,29.8266994],[106.4217616,29.8269287],[106.4225033,29.8272659]]},"properties":{"kind":"road","name":"","highway":"service","source_url":"https://www.openstreetmap.org/way/997193621"}},{"type":"Feature","geometry":{"type":"LineString","coordinates":[[106.4226849,29.8279859],[106.4225198,29.8283824]]},"properties":{"kind":"road","name":"","highway":"steps","source_url":"https://www.openstreetmap.org/way/997193622"}},{"type":"Feature","geometry":{"type":"LineString","coordinates":[[106.419495,29.826165],[106.4195069,29.8262726],[106.4199951,29.826487],[106.4202883,29.8264929],[106.4208462,29.8268469]]},"properties":{"kind":"road","name":"","highway":"footway","source_url":"https://www.openstreetmap.org/way/997193623"}},{"type":"Feature","geometry":{"type":"LineString","coordinates":[[106.4250988,29.8238015],[106.4251397,29.8235685],[106.4253193,29.8235653],[106.4255563,29.8233083]]},"properties":{"kind":"road","name":"","highway":"steps","source_url":"https://www.openstreetmap.org/way/997367944"}},{"type":"Feature","geometry":{"type":"LineString","coordinates":[[106.4253787,29.8247926],[106.4257041,29.8245415],[106.4258874,29.8242522]]},"properties":{"kind":"road","name":"","highway":"service","source_url":"https://www.openstreetmap.org/way/997367945"}},{"type":"Feature","geometry":{"type":"LineString","coordinates":[[106.4249091,29.8253331],[106.4250811,29.8247269],[106.4251275,29.8245636]]},"properties":{"kind":"road","name":"","highway":"steps","source_url":"https://www.openstreetmap.org/way/997367946"}},{"type":"Feature","geometry":{"type":"LineString","coordinates":[[106.4247909,29.8246636],[106.4250811,29.8247269],[106.4253787,29.8247926]]},"properties":{"kind":"road","name":"","highway":"footway","source_url":"https://www.openstreetmap.org/way/997367947"}},{"type":"Feature","geometry":{"type":"Polygon","coordinates":[[[106.4255504,29.8225809],[106.4256851,29.8221963],[106.4258994,29.8222528],[106.4258255,29.822464],[106.425802,29.8224578],[106.4257862,29.8225027],[106.4257178,29.8224847],[106.4257292,29.8224519],[106.4256904,29.8224417],[106.4256339,29.8226029],[106.4255504,29.8225809]]]},"properties":{"kind":"building","name":"","highway":"","source_url":"https://www.openstreetmap.org/way/997367948"}},{"type":"Feature","geometry":{"type":"LineString","coordinates":[[106.4274612,29.8221812],[106.4275382,29.8216829],[106.4277934,29.8213552],[106.4278946,29.8206546]]},"properties":{"kind":"road","name":"","highway":"residential","source_url":"https://www.openstreetmap.org/way/997367949"}},{"type":"Feature","geometry":{"type":"LineString","coordinates":[[106.4240341,29.8206583],[106.4242579,29.8204038],[106.4256725,29.8205435],[106.425939,29.8206914]]},"properties":{"kind":"road","name":"","highway":"footway","source_url":"https://www.openstreetmap.org/way/997367950"}},{"type":"Feature","geometry":{"type":"LineString","coordinates":[[106.4317212,29.8208417],[106.4327035,29.8209533],[106.4327838,29.8202945],[106.4329977,29.8202963]]},"properties":{"kind":"road","name":"","highway":"footway","source_url":"https://www.openstreetmap.org/way/997367954"}},{"type":"Feature","geometry":{"type":"LineString","coordinates":[[106.41408,29.8373234],[106.4147678,29.8375297],[106.4153391,29.8376356],[106.4158004,29.8376775],[106.4162672,29.837796],[106.4168975,29.8382033],[106.4180642,29.8394992],[106.4185738,29.8402204],[106.419121,29.8409277],[106.4201188,29.8420306],[106.4214918,29.8436117],[106.4215353,29.8436581],[106.4218926,29.8440699],[106.4219318,29.8441109],[106.4219966,29.8441744]]},"properties":{"kind":"road","name":"协和路","highway":"secondary","source_url":"https://www.openstreetmap.org/way/1028892520"}},{"type":"Feature","geometry":{"type":"LineString","coordinates":[[106.4209293,29.8326996],[106.4209434,29.8327601],[106.4210946,29.8335378],[106.4212438,29.8345987]]},"properties":{"kind":"road","name":"团山三路","highway":"residential","source_url":"https://www.openstreetmap.org/way/1032526035"}},{"type":"Feature","geometry":{"type":"LineString","coordinates":[[106.4253287,29.8352415],[106.425344,29.8353985],[106.4256026,29.8360385],[106.4256259,29.8361293],[106.4255389,29.8363194],[106.4253918,29.8365208],[106.4251751,29.8366968],[106.425178,29.8367722],[106.4251545,29.836892],[106.4250537,29.8370413],[106.4250358,29.8371161],[106.4250449,29.8371908],[106.4251173,29.8372731],[106.425337,29.837421],[106.4261932,29.8382255],[106.4262841,29.8383326],[106.4264449,29.8385872],[106.4265093,29.8386979],[106.4265368,29.8387654]]},"properties":{"kind":"road","name":"郭家沱","highway":"residential","source_url":"https://www.openstreetmap.org/way/1032526036"}},{"type":"Feature","geometry":{"type":"LineString","coordinates":[[106.4242131,29.8404363],[106.4222699,29.8395969],[106.4216852,29.8392573],[106.4211005,29.8386291],[106.4208376,29.8383731],[106.4199525,29.8381079],[106.4195555,29.8378892],[106.4192176,29.83761],[106.4189976,29.8370469],[106.4188206,29.8367259],[106.4185613,29.8365828],[106.4179891,29.8367119],[106.4176834,29.8367352],[106.4174581,29.8366188],[106.4172167,29.8363908],[106.4170664,29.836107],[106.4170504,29.8358371],[106.4171737,29.8352647],[106.417213,29.8350571]]},"properties":{"kind":"road","name":"","highway":"construction","source_url":"https://www.openstreetmap.org/way/1032526037"}},{"type":"Feature","geometry":{"type":"LineString","coordinates":[[106.431151,29.8349146],[106.4312038,29.8348204],[106.4312546,29.8348791]]},"properties":{"kind":"road","name":"滨江路","highway":"secondary","source_url":"https://www.openstreetmap.org/way/1032526038"}},{"type":"Feature","geometry":{"type":"LineString","coordinates":[[106.4242131,29.8404363],[106.4244557,29.8412631],[106.4244622,29.8414507],[106.4244277,29.8416433],[106.4243095,29.8419082],[106.4236552,29.8429377]]},"properties":{"kind":"road","name":"滨江路","highway":"secondary","source_url":"https://www.openstreetmap.org/way/1032526039"}},{"type":"Feature","geometry":{"type":"LineString","coordinates":[[106.4310334,29.8370532],[106.4311547,29.8368779],[106.4312164,29.8366728],[106.4312292,29.8364466],[106.4312015,29.8359025]]},"properties":{"kind":"road","name":"滨江路","highway":"secondary","source_url":"https://www.openstreetmap.org/way/1032526040"}},{"type":"Feature","geometry":{"type":"LineString","coordinates":[[106.4312946,29.8359014],[106.4313158,29.8364414],[106.4312967,29.8366757],[106.431231,29.8368919],[106.431086,29.8370889]]},"properties":{"kind":"road","name":"滨江路","highway":"secondary","source_url":"https://www.openstreetmap.org/way/1032526041"}},{"type":"Feature","geometry":{"type":"LineString","coordinates":[[106.4242131,29.8404363],[106.4241896,29.8402822],[106.4243078,29.8400383],[106.424525,29.839799],[106.424819,29.8395498],[106.4251146,29.8393899],[106.4260999,29.8388633],[106.4265093,29.8386979],[106.4271027,29.8386224],[106.4287502,29.8385752],[106.4291103,29.8384946],[106.4293284,29.8383915],[106.4295149,29.8382479],[106.4308157,29.8372337],[106.4309314,29.8371307],[106.4310334,29.8370532]]},"properties":{"kind":"road","name":"滨江路","highway":"secondary","source_url":"https://www.openstreetmap.org/way/1032526042"}},{"type":"Feature","geometry":{"type":"LineString","coordinates":[[106.431086,29.8370889],[106.4308565,29.8372856],[106.4295601,29.8382889],[106.4293779,29.838429],[106.4291423,29.8385559],[106.4287662,29.8386384],[106.4270711,29.8386896],[106.4265368,29.8387654],[106.4261384,29.8389167],[106.4251418,29.8394335],[106.4248592,29.8396037],[106.4245823,29.8398192],[106.4243859,29.8400602],[106.4242131,29.8404363]]},"properties":{"kind":"road","name":"滨江路","highway":"secondary","source_url":"https://www.openstreetmap.org/way/1032526043"}},{"type":"Feature","geometry":{"type":"Polygon","coordinates":[[[106.434226,29.8294484],[106.4341174,29.8293617],[106.4339966,29.8294757],[106.4341629,29.8296083],[106.4342545,29.8295219],[106.4343836,29.8296388],[106.4345518,29.829499],[106.4343667,29.8293314],[106.434226,29.8294484]]]},"properties":{"kind":"building","name":"","highway":"","source_url":"https://www.openstreetmap.org/way/1032526044"}},{"type":"Feature","geometry":{"type":"Polygon","coordinates":[[[106.4345652,29.8294734],[106.4347851,29.829314],[106.4347972,29.8291732],[106.4347237,29.8290948],[106.4344152,29.8293159],[106.4345652,29.8294734]]]},"properties":{"kind":"building","name":"","highway":"","source_url":"https://www.openstreetmap.org/way/1032526045"}},{"type":"Feature","geometry":{"type":"Polygon","coordinates":[[[106.4334501,29.8289432],[106.4335567,29.8290521],[106.4336147,29.8290094],[106.4339997,29.8294029],[106.4341699,29.8292776],[106.4337843,29.8288835],[106.4338407,29.8288419],[106.4337347,29.8287336],[106.4334501,29.8289432]]]},"properties":{"kind":"building","name":"","highway":"","source_url":"https://www.openstreetmap.org/way/1032526046"}},{"type":"Feature","geometry":{"type":"Polygon","coordinates":[[[106.4332536,29.8286264],[106.4331498,29.828701],[106.4333053,29.8288639],[106.4334092,29.8287893],[106.4332536,29.8286264]]]},"properties":{"kind":"building","name":"","highway":"","source_url":"https://www.openstreetmap.org/way/1032526047"}},{"type":"Feature","geometry":{"type":"Polygon","coordinates":[[[106.433613,29.8283588],[106.4332896,29.828595],[106.4333755,29.8286834],[106.4336988,29.8284472],[106.433613,29.8283588]]]},"properties":{"kind":"building","name":"","highway":"","source_url":"https://www.openstreetmap.org/way/1032526048"}},{"type":"Feature","geometry":{"type":"Polygon","coordinates":[[[106.4340368,29.8284402],[106.4338061,29.8282169],[106.4336468,29.8283407],[106.4338775,29.828564],[106.4340368,29.8284402]]]},"properties":{"kind":"building","name":"","highway":"","source_url":"https://www.openstreetmap.org/way/1032526049"}},{"type":"Feature","geometry":{"type":"Polygon","coordinates":[[[106.4350185,29.8285752],[106.4347416,29.8287997],[106.4349723,29.8290138],[106.4352491,29.8287893],[106.4350185,29.8285752]]]},"properties":{"kind":"building","name":"","highway":"","source_url":"https://www.openstreetmap.org/way/1032526050"}},{"type":"Feature","geometry":{"type":"Polygon","coordinates":[[[106.4356783,29.8289428],[106.4361772,29.8286636],[106.4360589,29.8285045],[106.43556,29.8287837],[106.4356783,29.8289428]]]},"properties":{"kind":"building","name":"","highway":"","source_url":"https://www.openstreetmap.org/way/1032526051"}},{"type":"Feature","geometry":{"type":"Polygon","coordinates":[[[106.4361879,29.8282378],[106.4360082,29.8279795],[106.4357556,29.8281118],[106.4359353,29.8283701],[106.4361879,29.8282378]]]},"properties":{"kind":"building","name":"","highway":"","source_url":"https://www.openstreetmap.org/way/1032526052"}},{"type":"Feature","geometry":{"type":"Polygon","coordinates":[[[106.4356059,29.8285682],[106.4354235,29.828289],[106.4352416,29.8283784],[106.435424,29.8286576],[106.4356059,29.8285682]]]},"properties":{"kind":"building","name":"","highway":"","source_url":"https://www.openstreetmap.org/way/1032526053"}},{"type":"Feature","geometry":{"type":"Polygon","coordinates":[[[106.4356863,29.8280214],[106.4355201,29.8278073],[106.4352923,29.8279405],[106.4354586,29.8281545],[106.4356863,29.8280214]]]},"properties":{"kind":"building","name":"","highway":"","source_url":"https://www.openstreetmap.org/way/1032526054"}},{"type":"Feature","geometry":{"type":"Polygon","coordinates":[[[106.4347824,29.8278701],[106.4346918,29.827966],[106.4349306,29.8281358],[106.4350212,29.82804],[106.4347824,29.8278701]]]},"properties":{"kind":"building","name":"","highway":"","source_url":"https://www.openstreetmap.org/way/1032526055"}},{"type":"Feature","geometry":{"type":"Polygon","coordinates":[[[106.4343265,29.8284623],[106.4346685,29.8287846],[106.4350787,29.8284569],[106.4346738,29.8280749],[106.4345853,29.8281459],[106.4345826,29.8281959],[106.4346202,29.8282331],[106.4343265,29.8284623]]]},"properties":{"kind":"building","name":"","highway":"","source_url":"https://www.openstreetmap.org/way/1032526056"}},{"type":"Feature","geometry":{"type":"Polygon","coordinates":[[[106.4342437,29.8275587],[106.4343675,29.8276744],[106.4344659,29.8275932],[106.4345545,29.827684],[106.434482,29.8277457],[106.4346832,29.8279458],[106.4347382,29.8278992],[106.4347301,29.827684],[106.4345502,29.8275271],[106.4344544,29.8274377],[106.4343704,29.8275053],[106.4343424,29.8274791],[106.4342437,29.8275587]]]},"properties":{"kind":"building","name":"","highway":"","source_url":"https://www.openstreetmap.org/way/1032526057"}},{"type":"Feature","geometry":{"type":"Polygon","coordinates":[[[106.4340475,29.8277352],[106.434474,29.8281168],[106.434648,29.8279705],[106.4342215,29.8275889],[106.4340475,29.8277352]]]},"properties":{"kind":"building","name":"","highway":"","source_url":"https://www.openstreetmap.org/way/1032526058"}},{"type":"Feature","geometry":{"type":"Polygon","coordinates":[[[106.4345705,29.8273815],[106.4346709,29.827518],[106.4349231,29.8273783],[106.4348227,29.8272419],[106.4345705,29.8273815]]]},"properties":{"kind":"building","name":"","highway":"","source_url":"https://www.openstreetmap.org/way/1032526059"}},{"type":"Feature","geometry":{"type":"Polygon","coordinates":[[[106.4342943,29.8271372],[106.4342905,29.8272229],[106.4345024,29.8272299],[106.4345062,29.8271442],[106.4342943,29.8271372]]]},"properties":{"kind":"building","name":"","highway":"","source_url":"https://www.openstreetmap.org/way/1032526060"}},{"type":"Feature","geometry":{"type":"Polygon","coordinates":[[[106.4345518,29.8271442],[106.4345914,29.8272451],[106.4347095,29.8272102],[106.4346698,29.8271093],[106.4345518,29.8271442]]]},"properties":{"kind":"building","name":"","highway":"","source_url":"https://www.openstreetmap.org/way/1032526061"}},{"type":"Feature","geometry":{"type":"Polygon","coordinates":[[[106.4339885,29.8275979],[106.4343694,29.8274513],[106.4341668,29.8270553],[106.4339617,29.8271302],[106.4339,29.8271651],[106.4338557,29.8272275],[106.4338423,29.827307],[106.4338651,29.8273815],[106.4339885,29.8275979]]]},"properties":{"kind":"building","name":"","highway":"","source_url":"https://www.openstreetmap.org/way/1032526062"}},{"type":"Feature","geometry":{"type":"Polygon","coordinates":[[[106.4348937,29.8261627],[106.4348607,29.826197],[106.4348325,29.8261764],[106.4347908,29.8262198],[106.4347553,29.8261939],[106.4347115,29.8262395],[106.4349279,29.8263975],[106.4348827,29.8264446],[106.4350095,29.8265372],[106.4351572,29.8263833],[106.4350829,29.826329],[106.4350988,29.8263125],[106.4348937,29.8261627]]]},"properties":{"kind":"building","name":"","highway":"","source_url":"https://www.openstreetmap.org/way/1032526063"}},{"type":"Feature","geometry":{"type":"Polygon","coordinates":[[[106.4345035,29.8267486],[106.43482,29.8266346],[106.4347005,29.8263569],[106.4345828,29.8264022],[106.4345243,29.8262748],[106.4343184,29.826346],[106.4345035,29.8267486]]]},"properties":{"kind":"building","name":"","highway":"","source_url":"https://www.openstreetmap.org/way/1032526064"}},{"type":"Feature","geometry":{"type":"Polygon","coordinates":[[[106.4338142,29.8265438],[106.4339786,29.8268934],[106.4344453,29.8267282],[106.4342809,29.8263786],[106.4338142,29.8265438]]]},"properties":{"kind":"building","name":"","highway":"","source_url":"https://www.openstreetmap.org/way/1032526065"}},{"type":"Feature","geometry":{"type":"Polygon","coordinates":[[[106.4337688,29.8260813],[106.4340007,29.8260106],[106.4339512,29.8258871],[106.4339868,29.8258763],[106.4338727,29.8255914],[106.4336051,29.8256729],[106.4337688,29.8260813]]]},"properties":{"kind":"building","name":"","highway":"","source_url":"https://www.openstreetmap.org/way/1032526066"}},{"type":"Feature","geometry":{"type":"Polygon","coordinates":[[[106.4340751,29.8262248],[106.4340237,29.826098],[106.4337255,29.8261825],[106.4335674,29.8257767],[106.4334938,29.8257376],[106.4333226,29.8257918],[106.4334431,29.8260902],[106.4333782,29.8261124],[106.4334863,29.8263546],[106.4335193,29.826407],[106.4335767,29.826444],[106.4336408,29.8264556],[106.4337418,29.8264359],[106.4340751,29.8262248]]]},"properties":{"kind":"building","name":"","highway":"","source_url":"https://www.openstreetmap.org/way/1032526067"}},{"type":"Feature","geometry":{"type":"Polygon","coordinates":[[[106.4336935,29.8245453],[106.4335017,29.8246062],[106.4335594,29.8247428],[106.4337527,29.8246814],[106.4338249,29.8248475],[106.4339676,29.8248008],[106.4338067,29.8244308],[106.433664,29.8244775],[106.4336935,29.8245453]]]},"properties":{"kind":"building","name":"","highway":"","source_url":"https://www.openstreetmap.org/way/1032526068"}},{"type":"Feature","geometry":{"type":"Polygon","coordinates":[[[106.434617,29.82568],[106.4346544,29.8257433],[106.4348933,29.8256338],[106.4348552,29.8255746],[106.434617,29.82568]]]},"properties":{"kind":"building","name":"","highway":"","source_url":"https://www.openstreetmap.org/way/1032526069"}},{"type":"Feature","geometry":{"type":"Polygon","coordinates":[[[106.4343882,29.8250639],[106.4344975,29.8250292],[106.4343956,29.8247872],[106.4342862,29.8248219],[106.4343882,29.8250639]]]},"properties":{"kind":"building","name":"","highway":"","source_url":"https://www.openstreetmap.org/way/1032526070"}},{"type":"Feature","geometry":{"type":"Polygon","coordinates":[[[106.4344832,29.8256352],[106.4348479,29.8255185],[106.4347219,29.8252241],[106.4343542,29.8253166],[106.4344832,29.8256352]]]},"properties":{"kind":"building","name":"","highway":"","source_url":"https://www.openstreetmap.org/way/1032526071"}},{"type":"Feature","geometry":{"type":"Polygon","coordinates":[[[106.4340269,29.8257191],[106.4344182,29.8256069],[106.4343412,29.8254029],[106.4339499,29.8255151],[106.4340269,29.8257191]]]},"properties":{"kind":"building","name":"","highway":"","source_url":"https://www.openstreetmap.org/way/1032526072"}},{"type":"Feature","geometry":{"type":"Polygon","coordinates":[[[106.4339402,29.8253943],[106.4341253,29.8253455],[106.4340632,29.8251683],[106.4338781,29.8252172],[106.4339402,29.8253943]]]},"properties":{"kind":"building","name":"","highway":"","source_url":"https://www.openstreetmap.org/way/1032526073"}},{"type":"Feature","geometry":{"type":"Polygon","coordinates":[[[106.4336425,29.8254897],[106.4339,29.825406],[106.4338089,29.8251953],[106.4335515,29.8252791],[106.4336425,29.8254897]]]},"properties":{"kind":"building","name":"","highway":"","source_url":"https://www.openstreetmap.org/way/1032526074"}},{"type":"Feature","geometry":{"type":"Polygon","coordinates":[[[106.4333555,29.8253175],[106.4335371,29.8252606],[106.4334567,29.8250674],[106.433275,29.8251244],[106.4333555,29.8253175]]]},"properties":{"kind":"building","name":"","highway":"","source_url":"https://www.openstreetmap.org/way/1032526075"}},{"type":"Feature","geometry":{"type":"Polygon","coordinates":[[[106.4337257,29.8250453],[106.4336398,29.8248009],[106.433422,29.8248585],[106.4335078,29.8251029],[106.4337257,29.8250453]]]},"properties":{"kind":"building","name":"","highway":"","source_url":"https://www.openstreetmap.org/way/1032526076"}},{"type":"Feature","geometry":{"type":"Polygon","coordinates":[[[106.4334494,29.8255549],[106.4336125,29.8254972],[106.4335414,29.8253459],[106.4333783,29.8254036],[106.4334494,29.8255549]]]},"properties":{"kind":"building","name":"","highway":"","source_url":"https://www.openstreetmap.org/way/1032526077"}},{"type":"Feature","geometry":{"type":"Polygon","coordinates":[[[106.4330631,29.8251546],[106.4332319,29.8251001],[106.4330942,29.8247796],[106.433149,29.824761],[106.433208,29.8248917],[106.4334547,29.8248079],[106.4333539,29.8245844],[106.4328861,29.8247428],[106.4330631,29.8251546]]]},"properties":{"kind":"building","name":"","highway":"","source_url":"https://www.openstreetmap.org/way/1032526078"}},{"type":"Feature","geometry":{"type":"Polygon","coordinates":[[[106.4332858,29.8256177],[106.4334288,29.8255684],[106.4332464,29.8251705],[106.4331034,29.8252198],[106.4332858,29.8256177]]]},"properties":{"kind":"building","name":"","highway":"","source_url":"https://www.openstreetmap.org/way/1032526079"}},{"type":"Feature","geometry":{"type":"Polygon","coordinates":[[[106.4321083,29.8242378],[106.4325079,29.8244728],[106.4326189,29.8243308],[106.4328083,29.8241168],[106.4326448,29.8240078],[106.4324425,29.824227],[106.4322193,29.8240957],[106.4321083,29.8242378]]]},"properties":{"kind":"building","name":"","highway":"","source_url":"https://www.openstreetmap.org/way/1032526080"}},{"type":"Feature","geometry":{"type":"Polygon","coordinates":[[[106.4328352,29.8240377],[106.4329773,29.8238446],[106.4327982,29.8237453],[106.432656,29.8239385],[106.4328352,29.8240377]]]},"properties":{"kind":"building","name":"","highway":"","source_url":"https://www.openstreetmap.org/way/1032526081"}},{"type":"Feature","geometry":{"type":"Polygon","coordinates":[[[106.4332375,29.8274118],[106.4333053,29.8273094],[106.4330719,29.8271931],[106.4330041,29.8272954],[106.4332375,29.8274118]]]},"properties":{"kind":"building","name":"","highway":"","source_url":"https://www.openstreetmap.org/way/1032526082"}},{"type":"Feature","geometry":{"type":"Polygon","coordinates":[[[106.4335437,29.8272357],[106.4334505,29.8269936],[106.4333718,29.8270166],[106.4334481,29.8272213],[106.4334967,29.8272714],[106.4335437,29.8272357]]]},"properties":{"kind":"building","name":"","highway":"","source_url":"https://www.openstreetmap.org/way/1032526083"}},{"type":"Feature","geometry":{"type":"Polygon","coordinates":[[[106.4325643,29.8258411],[106.4326923,29.8258318],[106.4326548,29.8254409],[106.4325267,29.8254502],[106.4325643,29.8258411]]]},"properties":{"kind":"building","name":"","highway":"","source_url":"https://www.openstreetmap.org/way/1032526084"}},{"type":"Feature","geometry":{"type":"Polygon","coordinates":[[[106.4323416,29.8260947],[106.4324582,29.8261785],[106.4326138,29.8260156],[106.4324972,29.8259318],[106.4323416,29.8260947]]]},"properties":{"kind":"building","name":"","highway":"","source_url":"https://www.openstreetmap.org/way/1032526085"}},{"type":"Feature","geometry":{"type":"Polygon","coordinates":[[[106.4319849,29.8261366],[106.4320642,29.8261816],[106.432237,29.8261564],[106.4325054,29.8258686],[106.4325026,29.8257038],[106.4324141,29.8256456],[106.4319849,29.8261366]]]},"properties":{"kind":"building","name":"","highway":"","source_url":"https://www.openstreetmap.org/way/1032526086"}},{"type":"Feature","geometry":{"type":"Polygon","coordinates":[[[106.4329324,29.8259522],[106.4333001,29.8269273],[106.4334309,29.8268898],[106.4330632,29.8259147],[106.4329324,29.8259522]]]},"properties":{"kind":"building","name":"","highway":"","source_url":"https://www.openstreetmap.org/way/1032526087"}},{"type":"Feature","geometry":{"type":"Polygon","coordinates":[[[106.4327327,29.825434],[106.4329118,29.8259021],[106.4330413,29.8258645],[106.4328621,29.8253963],[106.4327327,29.825434]]]},"properties":{"kind":"building","name":"","highway":"","source_url":"https://www.openstreetmap.org/way/1032526088"}},{"type":"Feature","geometry":{"type":"Polygon","coordinates":[[[106.4324583,29.8251628],[106.4324496,29.8252791],[106.4328024,29.8252989],[106.432811,29.8251826],[106.4324583,29.8251628]]]},"properties":{"kind":"building","name":"","highway":"","source_url":"https://www.openstreetmap.org/way/1032526089"}},{"type":"Feature","geometry":{"type":"Polygon","coordinates":[[[106.4322048,29.825143],[106.432196,29.8252447],[106.4323643,29.8252557],[106.4323732,29.8251541],[106.4322048,29.825143]]]},"properties":{"kind":"building","name":"","highway":"","source_url":"https://www.openstreetmap.org/way/1032526090"}},{"type":"Feature","geometry":{"type":"Polygon","coordinates":[[[106.4320359,29.8254292],[106.4322692,29.8255688],[106.432424,29.8253733],[106.43218,29.8252453],[106.4320359,29.8254292]]]},"properties":{"kind":"building","name":"","highway":"","source_url":"https://www.openstreetmap.org/way/1032526091"}},{"type":"Feature","geometry":{"type":"Polygon","coordinates":[[[106.4323898,29.8250038],[106.4323257,29.8249999],[106.4323148,29.8251337],[106.4327708,29.8251616],[106.4327817,29.8250278],[106.432728,29.8250245],[106.4327359,29.8249382],[106.432398,29.824915],[106.4323898,29.8250038]]]},"properties":{"kind":"building","name":"","highway":"","source_url":"https://www.openstreetmap.org/way/1032526092"}},{"type":"Feature","geometry":{"type":"Polygon","coordinates":[[[106.43249,29.8270136],[106.432004,29.8270261],[106.4320104,29.8272116],[106.4326434,29.8271954],[106.4326371,29.8270106],[106.4326796,29.8270088],[106.4326787,29.8267393],[106.4326783,29.8266032],[106.4321968,29.8266043],[106.4321972,29.8267404],[106.4324918,29.8267397],[106.43249,29.8270136]]]},"properties":{"kind":"building","name":"","highway":"","source_url":"https://www.openstreetmap.org/way/1032526093"}},{"type":"Feature","geometry":{"type":"Polygon","coordinates":[[[106.4319535,29.8264577],[106.4319524,29.8265342],[106.4322022,29.8265368],[106.4322035,29.8264414],[106.4320815,29.8264401],[106.4320815,29.8263518],[106.4319535,29.8263519],[106.4319535,29.8264577]]]},"properties":{"kind":"building","name":"","highway":"","source_url":"https://www.openstreetmap.org/way/1032526094"}},{"type":"Feature","geometry":{"type":"Polygon","coordinates":[[[106.4324535,29.8263228],[106.4324516,29.8264321],[106.4326097,29.8264342],[106.4326124,29.8262806],[106.4325297,29.8262795],[106.4325294,29.8262157],[106.4318722,29.8262181],[106.4318727,29.8263249],[106.4324535,29.8263228]]]},"properties":{"kind":"building","name":"","highway":"","source_url":"https://www.openstreetmap.org/way/1032526095"}},{"type":"Feature","geometry":{"type":"Polygon","coordinates":[[[106.432178,29.8269208],[106.4322214,29.8270033],[106.4324333,29.8269195],[106.4323899,29.826837],[106.432178,29.8269208]]]},"properties":{"kind":"building","name":"","highway":"","source_url":"https://www.openstreetmap.org/way/1032526096"}},{"type":"Feature","geometry":{"type":"Polygon","coordinates":[[[106.4320037,29.8268486],[106.4320388,29.826915],[106.4322667,29.8268242],[106.4322317,29.8267579],[106.4320037,29.8268486]]]},"properties":{"kind":"building","name":"","highway":"","source_url":"https://www.openstreetmap.org/way/1032526097"}},{"type":"Feature","geometry":{"type":"Polygon","coordinates":[[[106.4318642,29.8267393],[106.4319051,29.8268202],[106.4321438,29.8267294],[106.4321029,29.8266485],[106.4318642,29.8267393]]]},"properties":{"kind":"building","name":"","highway":"","source_url":"https://www.openstreetmap.org/way/1032526098"}},{"type":"Feature","geometry":{"type":"Polygon","coordinates":[[[106.4316925,29.8266485],[106.4317317,29.8267242],[106.4319705,29.8266311],[106.4319313,29.8265555],[106.4316925,29.8266485]]]},"properties":{"kind":"building","name":"","highway":"","source_url":"https://www.openstreetmap.org/way/1032526099"}},{"type":"Feature","geometry":{"type":"Polygon","coordinates":[[[106.4316684,29.8265066],[106.4317152,29.8265772],[106.4319297,29.8264701],[106.431883,29.8263996],[106.4316684,29.8265066]]]},"properties":{"kind":"building","name":"","highway":"","source_url":"https://www.openstreetmap.org/way/1032526100"}},{"type":"Feature","geometry":{"type":"Polygon","coordinates":[[[106.431317,29.8262692],[106.4316101,29.8264543],[106.4322914,29.8256422],[106.4319983,29.8254571],[106.431317,29.8262692]]]},"properties":{"kind":"building","name":"","highway":"","source_url":"https://www.openstreetmap.org/way/1032526101"}},{"type":"Feature","geometry":{"type":"Polygon","coordinates":[[[106.4312634,29.8266834],[106.4315209,29.8266858],[106.4315239,29.8264345],[106.4312664,29.8264322],[106.4312634,29.8266834]]]},"properties":{"kind":"building","name":"","highway":"","source_url":"https://www.openstreetmap.org/way/1032526102"}},{"type":"Feature","geometry":{"type":"Polygon","coordinates":[[[106.4308611,29.82673],[106.4312044,29.8267253],[106.4311993,29.8264416],[106.4308559,29.8264463],[106.4308611,29.82673]]]},"properties":{"kind":"building","name":"","highway":"","source_url":"https://www.openstreetmap.org/way/1032526103"}},{"type":"Feature","geometry":{"type":"Polygon","coordinates":[[[106.4303085,29.8267207],[106.4303618,29.8268052],[106.430799,29.8265981],[106.4307457,29.8265136],[106.4303085,29.8267207]]]},"properties":{"kind":"building","name":"","highway":"","source_url":"https://www.openstreetmap.org/way/1032526104"}},{"type":"Feature","geometry":{"type":"Polygon","coordinates":[[[106.4300403,29.826851],[106.4300829,29.8269173],[106.4302948,29.8268149],[106.4302522,29.8267486],[106.4300403,29.826851]]]},"properties":{"kind":"building","name":"","highway":"","source_url":"https://www.openstreetmap.org/way/1032526105"}},{"type":"Feature","geometry":{"type":"Polygon","coordinates":[[[106.4317676,29.8269976],[106.4317094,29.8267112],[106.431299,29.8267741],[106.4313573,29.8270604],[106.4317676,29.8269976]]]},"properties":{"kind":"building","name":"","highway":"","source_url":"https://www.openstreetmap.org/way/1032526106"}},{"type":"Feature","geometry":{"type":"Polygon","coordinates":[[[106.4302602,29.8271698],[106.4306384,29.8271093],[106.4305925,29.8268933],[106.4302143,29.8269538],[106.4302602,29.8271698]]]},"properties":{"kind":"building","name":"","highway":"","source_url":"https://www.openstreetmap.org/way/1032526107"}},{"type":"Feature","geometry":{"type":"Polygon","coordinates":[[[106.4307645,29.8270883],[106.4312205,29.8270162],[106.4311746,29.8267981],[106.4307187,29.8268703],[106.4307645,29.8270883]]]},"properties":{"kind":"building","name":"","highway":"","source_url":"https://www.openstreetmap.org/way/1032526108"}},{"type":"Feature","geometry":{"type":"Polygon","coordinates":[[[106.4313975,29.8273443],[106.4318722,29.8272721],[106.43183,29.8270627],[106.4313552,29.8271349],[106.4313975,29.8273443]]]},"properties":{"kind":"building","name":"","highway":"","source_url":"https://www.openstreetmap.org/way/1032526109"}},{"type":"Feature","geometry":{"type":"Polygon","coordinates":[[[106.4308986,29.827428],[106.4313975,29.8273443],[106.4313515,29.8271381],[106.4308526,29.8272219],[106.4308986,29.827428]]]},"properties":{"kind":"building","name":"","highway":"","source_url":"https://www.openstreetmap.org/way/1032526110"}},{"type":"Feature","geometry":{"type":"Polygon","coordinates":[[[106.4304587,29.8275002],[106.4308208,29.8274443],[106.4307739,29.8272156],[106.4304118,29.8272714],[106.4304587,29.8275002]]]},"properties":{"kind":"building","name":"","highway":"","source_url":"https://www.openstreetmap.org/way/1032526111"}},{"type":"Feature","geometry":{"type":"Polygon","coordinates":[[[106.430102,29.8275188],[106.4303702,29.8275141],[106.4303669,29.8273722],[106.4300987,29.8273768],[106.430102,29.8275188]]]},"properties":{"kind":"building","name":"","highway":"","source_url":"https://www.openstreetmap.org/way/1032526112"}},{"type":"Feature","geometry":{"type":"Polygon","coordinates":[[[106.4297399,29.8270325],[106.4298451,29.8271482],[106.4300865,29.8269829],[106.4299813,29.8268673],[106.4297399,29.8270325]]]},"properties":{"kind":"building","name":"","highway":"","source_url":"https://www.openstreetmap.org/way/1032526113"}},{"type":"Feature","geometry":{"type":"Polygon","coordinates":[[[106.4300001,29.8274304],[106.4301285,29.8273357],[106.4299166,29.8271193],[106.4297882,29.827214],[106.4300001,29.8274304]]]},"properties":{"kind":"building","name":"","highway":"","source_url":"https://www.openstreetmap.org/way/1032526114"}},{"type":"Feature","geometry":{"type":"Polygon","coordinates":[[[106.4302763,29.8230743],[106.4303541,29.8227742],[106.430238,29.8227515],[106.4301602,29.8230517],[106.4302763,29.8230743]]]},"properties":{"kind":"building","name":"","highway":"","source_url":"https://www.openstreetmap.org/way/1032526115"}},{"type":"Feature","geometry":{"type":"Polygon","coordinates":[[[106.4303219,29.8231651],[106.4305204,29.823207],[106.4305913,29.822954],[106.4303929,29.8229121],[106.4303219,29.8231651]]]},"properties":{"kind":"building","name":"","highway":"","source_url":"https://www.openstreetmap.org/way/1032526116"}},{"type":"Feature","geometry":{"type":"Polygon","coordinates":[[[106.4307404,29.8234257],[106.430881,29.8232373],[106.430645,29.8231047],[106.4305043,29.8232931],[106.4307404,29.8234257]]]},"properties":{"kind":"building","name":"","highway":"","source_url":"https://www.openstreetmap.org/way/1032526117"}},{"type":"Feature","geometry":{"type":"Polygon","coordinates":[[[106.4311105,29.8235141],[106.4312068,29.8233955],[106.4309439,29.8232349],[106.4308476,29.8233536],[106.4311105,29.8235141]]]},"properties":{"kind":"building","name":"","highway":"","source_url":"https://www.openstreetmap.org/way/1032526118"}},{"type":"Feature","geometry":{"type":"Polygon","coordinates":[[[106.4313492,29.8237585],[106.4315471,29.8235111],[106.4312842,29.8233528],[106.4310864,29.8236002],[106.4313492,29.8237585]]]},"properties":{"kind":"building","name":"","highway":"","source_url":"https://www.openstreetmap.org/way/1032526119"}},{"type":"Feature","geometry":{"type":"Polygon","coordinates":[[[106.4319044,29.8238771],[106.4315262,29.8236235],[106.431402,29.8237629],[106.4317802,29.8240165],[106.4319044,29.8238771]]]},"properties":{"kind":"building","name":"","highway":"","source_url":"https://www.openstreetmap.org/way/1032526120"}},{"type":"Feature","geometry":{"type":"Polygon","coordinates":[[[106.4321646,29.8240447],[106.4319581,29.8238981],[106.4318284,29.8240356],[106.4320349,29.8241822],[106.4321646,29.8240447]]]},"properties":{"kind":"building","name":"","highway":"","source_url":"https://www.openstreetmap.org/way/1032526121"}},{"type":"Feature","geometry":{"type":"Polygon","coordinates":[[[106.4320788,29.8244519],[106.4316523,29.8241797],[106.4314776,29.8243857],[106.431904,29.8246579],[106.4320788,29.8244519]]]},"properties":{"kind":"building","name":"","highway":"","source_url":"https://www.openstreetmap.org/way/1032526122"}},{"type":"Feature","geometry":{"type":"Polygon","coordinates":[[[106.4317274,29.8249545],[106.4319473,29.8250872],[106.4323371,29.8246007],[106.4321172,29.8244681],[106.4317274,29.8249545]]]},"properties":{"kind":"building","name":"","highway":"","source_url":"https://www.openstreetmap.org/way/1032526123"}},{"type":"Feature","geometry":{"type":"Polygon","coordinates":[[[106.431596,29.8255316],[106.4313707,29.8253641],[106.430981,29.8257584],[106.4312063,29.825926],[106.431596,29.8255316]]]},"properties":{"kind":"building","name":"","highway":"","source_url":"https://www.openstreetmap.org/way/1032526124"}},{"type":"Feature","geometry":{"type":"Polygon","coordinates":[[[106.431655,29.8254688],[106.4318588,29.8251733],[106.4316252,29.8250519],[106.4314213,29.8253475],[106.431655,29.8254688]]]},"properties":{"kind":"building","name":"","highway":"","source_url":"https://www.openstreetmap.org/way/1032526125"}},{"type":"Feature","geometry":{"type":"Polygon","coordinates":[[[106.4309496,29.8249406],[106.4308244,29.825086],[106.4311731,29.8253118],[106.4312983,29.8251663],[106.4309496,29.8249406]]]},"properties":{"kind":"building","name":"","highway":"","source_url":"https://www.openstreetmap.org/way/1032526126"}},{"type":"Feature","geometry":{"type":"Polygon","coordinates":[[[106.4307725,29.8252989],[106.4306187,29.8254747],[106.4309084,29.8256655],[106.4310622,29.8254897],[106.4307725,29.8252989]]]},"properties":{"kind":"building","name":"","highway":"","source_url":"https://www.openstreetmap.org/way/1032526127"}},{"type":"Feature","geometry":{"type":"Polygon","coordinates":[[[106.4305124,29.8255526],[106.4303904,29.8256989],[106.4306613,29.8258688],[106.4307833,29.8257224],[106.4305124,29.8255526]]]},"properties":{"kind":"building","name":"","highway":"","source_url":"https://www.openstreetmap.org/way/1032526128"}},{"type":"Feature","geometry":{"type":"Polygon","coordinates":[[[106.430515,29.8263344],[106.4309093,29.8261552],[106.4307726,29.8259288],[106.4303783,29.826108],[106.430515,29.8263344]]]},"properties":{"kind":"building","name":"","highway":"","source_url":"https://www.openstreetmap.org/way/1032526129"}},{"type":"Feature","geometry":{"type":"Polygon","coordinates":[[[106.4296268,29.8267461],[106.4303159,29.8264318],[106.4301649,29.8261825],[106.4294757,29.8264968],[106.4296268,29.8267461]]]},"properties":{"kind":"building","name":"","highway":"","source_url":"https://www.openstreetmap.org/way/1032526130"}},{"type":"Feature","geometry":{"type":"Polygon","coordinates":[[[106.4287904,29.826225],[106.428594,29.8263703],[106.4289052,29.8266868],[106.4291015,29.8265415],[106.4287904,29.826225]]]},"properties":{"kind":"building","name":"","highway":"","source_url":"https://www.openstreetmap.org/way/1032526131"}},{"type":"Feature","geometry":{"type":"Polygon","coordinates":[[[106.42849,29.8259179],[106.4282745,29.8260756],[106.4285346,29.8263432],[106.4287502,29.8261855],[106.42849,29.8259179]]]},"properties":{"kind":"building","name":"","highway":"","source_url":"https://www.openstreetmap.org/way/1032526132"}},{"type":"Feature","geometry":{"type":"Polygon","coordinates":[[[106.4280045,29.8254315],[106.4278064,29.8255735],[106.4280987,29.8258806],[106.4282969,29.8257387],[106.4280045,29.8254315]]]},"properties":{"kind":"building","name":"","highway":"","source_url":"https://www.openstreetmap.org/way/1032526133"}},{"type":"Feature","geometry":{"type":"LineString","coordinates":[[106.4242201,29.8158897],[106.4240309,29.815917],[106.4232913,29.8159569],[106.4227848,29.8159755],[106.4223719,29.8152623],[106.4221466,29.8147643],[106.4220768,29.8143873],[106.4221734,29.814108],[106.4224148,29.813759],[106.4225435,29.8134285],[106.4225811,29.8130049],[106.422506,29.8123673],[106.4223611,29.8119484],[106.4223987,29.8116458],[106.4226562,29.8111059],[106.422919,29.8105101],[106.4232463,29.8102448],[106.4235574,29.8100912],[106.4238927,29.8099562]]},"properties":{"kind":"road","name":"天溪路","highway":"residential","source_url":"https://www.openstreetmap.org/way/1032551483"}},{"type":"Feature","geometry":{"type":"LineString","coordinates":[[106.4204889,29.822045],[106.4205768,29.8219655]]},"properties":{"kind":"road","name":"","highway":"footway","source_url":"https://www.openstreetmap.org/way/1032551484"}},{"type":"Feature","geometry":{"type":"LineString","coordinates":[[106.4204344,29.8219882],[106.4205151,29.8219137]]},"properties":{"kind":"road","name":"","highway":"footway","source_url":"https://www.openstreetmap.org/way/1032551485"}},{"type":"Feature","geometry":{"type":"LineString","coordinates":[[106.4207504,29.8221761],[106.4207468,29.8221654],[106.420731,29.822079],[106.4207109,29.8219987]]},"properties":{"kind":"road","name":"","highway":"footway","source_url":"https://www.openstreetmap.org/way/1032551487"}},{"type":"Feature","geometry":{"type":"LineString","coordinates":[[106.4202765,29.8218065],[106.4202932,29.8217956],[106.4203428,29.8217666],[106.4204246,29.8217712],[106.420505,29.8217991]]},"properties":{"kind":"road","name":"","highway":"footway","source_url":"https://www.openstreetmap.org/way/1032551488"}},{"type":"Feature","geometry":{"type":"Polygon","coordinates":[[[106.4202932,29.8217956],[106.4206633,29.822161],[106.4207022,29.8221738],[106.4207468,29.8221654],[106.4209516,29.8218282],[106.4209315,29.8217223],[106.4209034,29.8216502],[106.4208443,29.8216048],[106.4207719,29.8215781],[106.420332,29.8217433],[106.4202932,29.8217956]]]},"properties":{"kind":"green","name":"","highway":"","source_url":"https://www.openstreetmap.org/way/1032551489"}},{"type":"Feature","geometry":{"type":"Polygon","coordinates":[[[106.4208296,29.8221459],[106.4209429,29.8221985],[106.4210851,29.8219681],[106.4209717,29.8219155],[106.4208296,29.8221459]]]},"properties":{"kind":"building","name":"","highway":"","source_url":"https://www.openstreetmap.org/way/1032551490"}},{"type":"Feature","geometry":{"type":"LineString","coordinates":[[106.4213872,29.8225607],[106.4213821,29.8226683],[106.4213365,29.8228067]]},"properties":{"kind":"road","name":"","highway":"service","source_url":"https://www.openstreetmap.org/way/1032551493"}},{"type":"Feature","geometry":{"type":"LineString","coordinates":[[106.4208859,29.822631],[106.4206567,29.8225961]]},"properties":{"kind":"road","name":"","highway":"footway","source_url":"https://www.openstreetmap.org/way/1032551494"}},{"type":"Feature","geometry":{"type":"LineString","coordinates":[[106.4209838,29.8226648],[106.4208859,29.822631],[106.420957,29.8224158]]},"properties":{"kind":"road","name":"","highway":"footway","source_url":"https://www.openstreetmap.org/way/1032551495"}},{"type":"Feature","geometry":{"type":"LineString","coordinates":[[106.4211754,29.8225537],[106.4209838,29.8226648],[106.4210039,29.8226904],[106.4209583,29.8228219],[106.4208156,29.8228957]]},"properties":{"kind":"road","name":"","highway":"footway","source_url":"https://www.openstreetmap.org/way/1032551496"}},{"type":"Feature","geometry":{"type":"Polygon","coordinates":[[[106.4210267,29.8229219],[106.4215256,29.823058],[106.4215639,29.8229524],[106.421065,29.8228163],[106.4210267,29.8229219]]]},"properties":{"kind":"building","name":"","highway":"","source_url":"https://www.openstreetmap.org/way/1032551498"}},{"type":"Feature","geometry":{"type":"LineString","coordinates":[[106.4291147,29.8262965],[106.4301556,29.8255572],[106.4306009,29.8250918],[106.4309978,29.8246637],[106.4314781,29.8240153]]},"properties":{"kind":"road","name":"","highway":"construction","source_url":"https://www.openstreetmap.org/way/1032551499"}},{"type":"Feature","geometry":{"type":"LineString","coordinates":[[106.4250449,29.8371908],[106.4225596,29.8366793]]},"properties":{"kind":"road","name":"","highway":"proposed","source_url":"https://www.openstreetmap.org/way/1032551500"}},{"type":"Feature","geometry":{"type":"LineString","coordinates":[[106.4219347,29.8310114],[106.4221439,29.8308892]]},"properties":{"kind":"road","name":"","highway":"footway","source_url":"https://www.openstreetmap.org/way/1033803489"}},{"type":"Feature","geometry":{"type":"LineString","coordinates":[[106.4221439,29.8308892],[106.4224416,29.8311184],[106.4227796,29.8313464],[106.4230585,29.831621],[106.4231497,29.8319328],[106.4232141,29.8322353],[106.4233267,29.8324075],[106.4236003,29.8328263],[106.4239571,29.8333696],[106.4241215,29.8336245],[106.4242662,29.8337447],[106.4245026,29.8338605],[106.4251883,29.8341174]]},"properties":{"kind":"road","name":"","highway":"footway","source_url":"https://www.openstreetmap.org/way/1033803490"}},{"type":"Feature","geometry":{"type":"LineString","coordinates":[[106.4200611,29.8296025],[106.4205253,29.8298464]]},"properties":{"kind":"road","name":"","highway":"footway","source_url":"https://www.openstreetmap.org/way/1033803491"}},{"type":"Feature","geometry":{"type":"Polygon","coordinates":[[[106.4116484,29.819863],[106.4118335,29.8199654],[106.4120132,29.8197209],[106.4118281,29.8196186],[106.4116484,29.819863]]]},"properties":{"kind":"building","name":"","highway":"","source_url":"https://www.openstreetmap.org/way/1038714028"}},{"type":"Feature","geometry":{"type":"LineString","coordinates":[[106.4134683,29.8239768],[106.4140141,29.8239423],[106.4142019,29.8240075],[106.414454,29.8242495],[106.4147758,29.8248964],[106.4151138,29.8255432],[106.4154242,29.8256919]]},"properties":{"kind":"road","name":"","highway":"footway","source_url":"https://www.openstreetmap.org/way/1038714029"}},{"type":"Feature","geometry":{"type":"LineString","coordinates":[[106.4081991,29.8213686],[106.4085719,29.8215478],[106.408883,29.8217875],[106.4090842,29.8220225],[106.4092907,29.8221784],[106.4095107,29.8222855],[106.4098942,29.8223553],[106.4102215,29.8223111],[106.4105755,29.8222227],[106.4108732,29.8221482],[106.4109993,29.8221412],[106.4113319,29.8221598],[106.411458,29.8221738],[106.4115078,29.8222898]]},"properties":{"kind":"road","name":"","highway":"footway","source_url":"https://www.openstreetmap.org/way/1038714030"}},{"type":"Feature","geometry":{"type":"LineString","coordinates":[[106.4217737,29.8461938],[106.4220326,29.8462101],[106.4221452,29.8461333],[106.4223779,29.8460327],[106.4225127,29.8459804],[106.4225864,29.8459437],[106.4226106,29.8459024],[106.4226146,29.8458326],[106.422624,29.8457262],[106.4226267,29.8456285],[106.422801,29.8452295],[106.4230639,29.8447782],[106.4232677,29.8445222],[106.4234957,29.8441221],[106.4235386,29.8439755],[106.4235708,29.843822],[106.4239705,29.843473],[106.4244264,29.8430356],[106.4247805,29.8426052],[106.4255959,29.8418933],[106.4260116,29.8415699],[106.4262691,29.841407],[106.426658,29.8412139],[106.4268967,29.8409789],[106.4269477,29.8408347],[106.4269692,29.8407137],[106.4269289,29.8405229],[106.4268753,29.840388]]},"properties":{"kind":"road","name":"","highway":"footway","source_url":"https://www.openstreetmap.org/way/1042535837"}},{"type":"Feature","geometry":{"type":"LineString","coordinates":[[106.4345866,29.8367447],[106.4343734,29.8368035],[106.4342607,29.8368341]]},"properties":{"kind":"road","name":"","highway":"footway","source_url":"https://www.openstreetmap.org/way/1043457659"}},{"type":"Feature","geometry":{"type":"LineString","coordinates":[[106.4347127,29.8367299],[106.4345866,29.8367447]]},"properties":{"kind":"road","name":"","highway":"footway","source_url":"https://www.openstreetmap.org/way/1043457660"}},{"type":"Feature","geometry":{"type":"LineString","coordinates":[[106.4342607,29.8368341],[106.4344257,29.8369678],[106.4345518,29.8370469],[106.4346658,29.83714],[106.4347328,29.8372342],[106.4346617,29.8372994],[106.4346993,29.8373575],[106.4347047,29.8374262],[106.4346081,29.8375041],[106.434596,29.8375227],[106.4346349,29.837653],[106.4346081,29.8376914],[106.4345504,29.8377252],[106.4345048,29.8377263],[106.4344807,29.8377007],[106.4344619,29.8376682],[106.4344002,29.8376507],[106.4342862,29.8376565],[106.4342232,29.8376088],[106.4341065,29.837532],[106.4340274,29.8374739],[106.434014,29.837432],[106.4339349,29.8373692],[106.4338759,29.8372912],[106.4338665,29.8372377],[106.4338893,29.8371726],[106.4338799,29.8371191],[106.4338423,29.8370504],[106.4338075,29.8368515]]},"properties":{"kind":"road","name":"","highway":"footway","source_url":"https://www.openstreetmap.org/way/1043457661"}},{"type":"Feature","geometry":{"type":"LineString","coordinates":[[106.4332898,29.8367666],[106.4332898,29.8366677],[106.4332657,29.8365991],[106.4332415,29.8365467],[106.4332462,29.8365083]]},"properties":{"kind":"road","name":"","highway":"footway","source_url":"https://www.openstreetmap.org/way/1043457662"}},{"type":"Feature","geometry":{"type":"LineString","coordinates":[[106.4243032,29.8270171],[106.4248353,29.8262346]]},"properties":{"kind":"road","name":"","highway":"service","source_url":"https://www.openstreetmap.org/way/1084258233"}},{"type":"Feature","geometry":{"type":"LineString","coordinates":[[106.4240981,29.8272226],[106.4243032,29.8270171]]},"properties":{"kind":"road","name":"","highway":"steps","source_url":"https://www.openstreetmap.org/way/1084258234"}},{"type":"Feature","geometry":{"type":"LineString","coordinates":[[106.4217616,29.8269287],[106.4216708,29.8269643],[106.4211724,29.8267359],[106.4210875,29.8268775],[106.4208444,29.8268847]]},"properties":{"kind":"road","name":"","highway":"footway","source_url":"https://www.openstreetmap.org/way/1084258235"}},{"type":"Feature","geometry":{"type":"LineString","coordinates":[[106.4300188,29.8280632],[106.430059,29.8280433],[106.4301698,29.8279882],[106.4302425,29.8279521],[106.4302787,29.8279195],[106.4303441,29.8278463]]},"properties":{"kind":"road","name":"","highway":"footway","source_url":"https://www.openstreetmap.org/way/1287406320"}},{"type":"Feature","geometry":{"type":"Polygon","coordinates":[[[106.4273128,29.8376126],[106.42706,29.8374457],[106.4274448,29.8369884],[106.4276258,29.8371019],[106.4273308,29.8374599],[106.4274032,29.837504],[106.4273128,29.8376126]]]},"properties":{"kind":"building","name":"积建楼","highway":"","source_url":"https://www.openstreetmap.org/way/1474101923"}},{"type":"Feature","geometry":{"type":"Polygon","coordinates":[[[106.4280548,29.8379088],[106.4277131,29.8376622],[106.4281247,29.8372634],[106.428368,29.8374485],[106.4284768,29.8373411],[106.4285771,29.8374115],[106.4280548,29.8379088]]]},"properties":{"kind":"building","name":"万象楼","highway":"","source_url":"https://www.openstreetmap.org/way/1474101924"}},{"type":"Feature","geometry":{"type":"LineString","coordinates":[[106.4142725,29.8420834],[106.4137653,29.8419706],[106.4137042,29.8419518],[106.4136509,29.8419288],[106.4136012,29.8418996],[106.4135574,29.8418661],[106.4135206,29.8418222],[106.4134952,29.8417757],[106.4134767,29.8417249],[106.4134619,29.8416711],[106.4134539,29.8416074],[106.4134522,29.8415551],[106.4134654,29.8413595],[106.4134629,29.841332],[106.4134548,29.8413017],[106.4134387,29.8412717],[106.4134155,29.8412389],[106.4133863,29.8412102],[106.4133538,29.8411888],[106.4133116,29.8411704],[106.413265,29.8411621],[106.4132143,29.8411609],[106.4131679,29.8411676],[106.4131234,29.8411819],[106.4130824,29.8412027],[106.4130525,29.8412274],[106.4130273,29.8412583],[106.4127293,29.8417698],[106.4127049,29.8417946],[106.4126713,29.8418161],[106.4126333,29.8418306],[106.4125926,29.8418368],[106.4125483,29.8418337],[106.4125076,29.8418214],[106.412474,29.8418022],[106.4124466,29.8417762],[106.4124218,29.8417493],[106.4121471,29.8413286],[106.412105,29.841278],[106.4120607,29.8412314],[106.4120105,29.8411879],[106.4119439,29.8411463],[106.4118785,29.8411139],[106.411812,29.8410876],[106.4113742,29.840958],[106.4113242,29.8409342],[106.4112751,29.8409028],[106.4112343,29.8408633],[106.4112004,29.8408228],[106.4109506,29.8403874],[106.4109144,29.8403438],[106.4108712,29.8403064],[106.4108245,29.840275],[106.4107708,29.8402476],[106.4107077,29.8402253],[106.4106447,29.8402132],[106.4105793,29.8402051],[106.4100602,29.8402033],[106.4099878,29.8401964],[106.4099194,29.8401801],[106.409855,29.8401533],[106.4097929,29.8401168],[106.4097251,29.8400647],[106.4096689,29.8400136],[106.4095141,29.8398429],[106.4094812,29.8397957],[106.4094571,29.8397399],[106.409441,29.8396794],[106.409437,29.8396177],[106.4094437,29.8395526],[106.4094799,29.8393816],[106.4094826,29.8393223],[106.4094772,29.8392629],[106.4094624,29.839199],[106.4094329,29.8391268],[106.4093954,29.8390617],[106.4093404,29.8389989],[106.4092733,29.83895],[106.4092422,29.8389348],[106.4091996,29.8389139],[106.4091164,29.8388825],[106.4090333,29.8388628],[106.4089423,29.8388612],[106.4088509,29.8388682],[106.4080723,29.8390128],[106.407989,29.839034],[106.4079077,29.839064],[106.4078223,29.8391045],[106.4077471,29.8391556],[106.4074991,29.8393708],[106.4074352,29.8393981],[106.4073662,29.8394104],[106.4073007,29.8394027],[106.4072494,29.8393843],[106.4071981,29.839352],[106.4071609,29.8393183],[106.4071291,29.8392799],[106.4071149,29.8392369],[106.4071079,29.8391817],[106.4071079,29.8391295],[106.4071202,29.8390788],[106.4076557,29.8378963],[106.4076671,29.8378309],[106.407663,29.8377674],[106.4076447,29.8377021],[106.4076122,29.8376475],[106.4075756,29.8376016],[106.4075289,29.8375611],[106.4069597,29.8371855],[106.4068574,29.8371415],[106.4067578,29.8371151],[106.4066501,29.8370957],[106.4065464,29.8370904],[106.4064367,29.8370974],[106.406331,29.8371151],[106.4062253,29.8371433],[106.4061074,29.8371891],[106.4060322,29.837235],[106.4059387,29.8372985],[106.4058614,29.8373602],[106.4056846,29.8375418],[106.4056513,29.8375666],[106.4056097,29.8375887],[106.4055627,29.8376003],[106.4055185,29.8376085],[106.4038508,29.8376168],[106.4037829,29.8376081],[106.4037304,29.8375929],[106.403679,29.8375706],[106.4036288,29.8375372],[106.4035903,29.8374977],[106.403567,29.8374491],[106.403553,29.8373995],[106.4035612,29.8370084],[106.4035706,29.836949],[106.403588,29.8368909],[106.4036158,29.8368285],[106.4036515,29.8367726],[106.4036909,29.8367252],[106.404666,29.8358986],[106.4047309,29.835842],[106.4047737,29.8357769],[106.4048032,29.8357001],[106.4048166,29.8356257],[106.4048113,29.8355513],[106.4047925,29.8354769],[106.4047523,29.8354001],[106.4043609,29.8349396],[106.4041705,29.8347675],[106.4038363,29.8345364],[106.4034467,29.8342745],[106.4033475,29.834242],[106.4032402,29.8342233],[106.4031518,29.8342187],[106.4030419,29.834235],[106.402948,29.8342582],[106.4028542,29.8342931],[106.4027657,29.8343327],[106.4025003,29.8344792],[106.4024279,29.8345048],[106.4023582,29.8345257],[106.4022671,29.834542],[106.401881,29.8346024],[106.4017898,29.834628],[106.4017041,29.8346652],[106.4016183,29.834721],[106.4013957,29.834921],[106.4013394,29.8349559],[106.4012644,29.8349908],[106.4011679,29.8350141],[106.3997761,29.8351255],[106.3997247,29.8351243],[106.3996617,29.835119],[106.3996018,29.8351128],[106.3995489,29.8351005],[106.3994981,29.8350855],[106.3994534,29.8350653],[106.3994098,29.8350415],[106.399107,29.8348273],[106.3990732,29.8347895],[106.3990424,29.8347414],[106.3990209,29.8346933],[106.399007,29.8346399],[106.3988612,29.8336866],[106.3988571,29.8336196],[106.3988612,29.8335403],[106.3988734,29.8334662],[106.3988937,29.8333975],[106.3989247,29.8333256],[106.3990833,29.8330397],[106.3991079,29.8329773],[106.3991171,29.8329065],[106.3991141,29.8328397],[106.3991017,29.8327783],[106.3990756,29.8327169],[106.3987474,29.832262],[106.3987151,29.8321978],[106.398692,29.832127],[106.398678,29.832056],[106.3986703,29.8319866],[106.3986703,29.8319091],[106.3986996,29.8317167],[106.3986996,29.8316914],[106.3986888,29.83167],[106.3986666,29.8316466]]},"properties":{"kind":"road","name":"","highway":"residential","source_url":"https://www.openstreetmap.org/way/1507597725"}},{"type":"Feature","geometry":{"type":"LineString","coordinates":[[106.4312546,29.8348791],[106.4312946,29.8359014]]},"properties":{"kind":"road","name":"滨江路","highway":"secondary","source_url":"https://www.openstreetmap.org/way/1520130577"}},{"type":"Feature","geometry":{"type":"LineString","coordinates":[[106.4312015,29.8359025],[106.431151,29.8349146]]},"properties":{"kind":"road","name":"滨江路","highway":"secondary","source_url":"https://www.openstreetmap.org/way/1520130578"}},{"type":"Feature","geometry":{"type":"LineString","coordinates":[[106.4124835,29.8358725],[106.4127813,29.8356449],[106.4128717,29.8355759],[106.4129732,29.8356163],[106.4130472,29.8356212],[106.4135005,29.8353201],[106.413563,29.8353201],[106.4137698,29.8354221],[106.413802,29.8354814],[106.413783,29.8355307],[106.4131723,29.8359272],[106.4130908,29.8358993],[106.4130453,29.8358055],[106.4129979,29.8357462],[106.4127813,29.8356449]]},"properties":{"kind":"road","name":"","highway":"service","source_url":"https://www.openstreetmap.org/way/1552207835"}},{"type":"Feature","geometry":{"type":"Polygon","coordinates":[[[106.4169448,29.8345305],[106.4170428,29.8344344],[106.4174089,29.8347154],[106.4173109,29.8348115],[106.4169448,29.8345305]]]},"properties":{"kind":"building","name":"","highway":"","source_url":"https://www.openstreetmap.org/way/1552207837"}},{"type":"Feature","geometry":{"type":"Polygon","coordinates":[[[106.4290671,29.8375454],[106.4292935,29.8373579],[106.4291346,29.837221],[106.4289006,29.8370193],[106.4286754,29.8372036],[106.4290671,29.8375454]]]},"properties":{"kind":"building","name":"立人学术报告厅","highway":"","source_url":"https://www.openstreetmap.org/way/1552209764"}},{"type":"Feature","geometry":{"type":"LineString","coordinates":[[106.427859,29.8365606],[106.4275225,29.8362926]]},"properties":{"kind":"road","name":"思齐阶","highway":"steps","source_url":"https://www.openstreetmap.org/way/1552209765"}},{"type":"Feature","geometry":{"type":"LineString","coordinates":[[106.4269576,29.8370661],[106.4273018,29.8371061],[106.4275368,29.8368003]]},"properties":{"kind":"road","name":"拾光阶","highway":"steps","source_url":"https://www.openstreetmap.org/way/1552209766"}},{"type":"Feature","geometry":{"type":"Polygon","coordinates":[[[106.427609,29.8368197],[106.4275515,29.8367135],[106.4277564,29.8366007],[106.4278259,29.8367192],[106.4278314,29.8367286],[106.427609,29.8368197]]]},"properties":{"kind":"building","name":"岱宗楼","highway":"","source_url":"https://www.openstreetmap.org/way/1552209767"}},{"type":"Feature","geometry":{"type":"Polygon","coordinates":[[[106.4280314,29.8366679],[106.4278259,29.8367192],[106.4277564,29.8366007],[106.4278326,29.8365998],[106.4278689,29.8366419],[106.4279339,29.8366549],[106.4279864,29.8366311],[106.4279989,29.8366029],[106.4279939,29.8365574],[106.4279664,29.8365205],[106.4279239,29.836501],[106.4278914,29.836488],[106.4278964,29.8364338],[106.4283038,29.8364078],[106.4284312,29.8365248],[106.4285213,29.8365498],[106.4285572,29.8365668],[106.4285289,29.8366372],[106.4280314,29.8366679]]]},"properties":{"kind":"building","name":"逸夫楼","highway":"","source_url":"https://www.openstreetmap.org/way/1552209768"}},{"type":"Feature","geometry":{"type":"Polygon","coordinates":[[[106.4284785,29.836762],[106.4285289,29.8366372],[106.4285572,29.8365668],[106.4285213,29.8365498],[106.4285666,29.8364434],[106.4285289,29.8364216],[106.4285624,29.8363597],[106.4285268,29.8363597],[106.4285373,29.8363196],[106.4287596,29.8364036],[106.4285855,29.8367948],[106.4284785,29.836762]]]},"properties":{"kind":"building","name":"博雅楼","highway":"","source_url":"https://www.openstreetmap.org/way/1552209769"}}]}
